﻿<?xml version="1.0" encoding="utf-8"?>
<Type Name="AccessFlags" FullName="Vulkan.AccessFlags">
  <TypeSignature Language="C#" Value="public enum AccessFlags" />
  <TypeSignature Language="ILAsm" Value=".class public auto ansi sealed AccessFlags extends System.Enum" />
  <AssemblyInfo>
    <AssemblyName>Vulkan</AssemblyName>
    <AssemblyVersion>0.0.5950.20892</AssemblyVersion>
    <AssemblyVersion>0.0.6105.39043</AssemblyVersion>
    <AssemblyVersion>0.0.6106.39464</AssemblyVersion>
    <AssemblyVersion>0.0.6134.41045</AssemblyVersion>
    <AssemblyVersion>0.0.6142.19338</AssemblyVersion>
  </AssemblyInfo>
  <Base>
    <BaseTypeName>System.Enum</BaseTypeName>
  </Base>
  <Attributes>
    <Attribute>
      <AttributeName>System.Flags</AttributeName>
    </Attribute>
  </Attributes>
  <Docs>
    <summary>Bitmask specifying classes of memory access the will participate in a memory barrier dependency</summary>
    <remarks></remarks>
  </Docs>
  <Members>
    <Member MemberName="ColorAttachmentRead">
      <MemberSignature Language="C#" Value="ColorAttachmentRead" />
      <MemberSignature Language="ILAsm" Value=".field public static literal valuetype Vulkan.AccessFlags ColorAttachmentRead = int32(128)" />
      <MemberType>Field</MemberType>
      <AssemblyInfo>
        <AssemblyVersion>0.0.5950.20892</AssemblyVersion>
        <AssemblyVersion>0.0.6105.39043</AssemblyVersion>
        <AssemblyVersion>0.0.6106.39464</AssemblyVersion>
        <AssemblyVersion>0.0.6134.41045</AssemblyVersion>
        <AssemblyVersion>0.0.6142.19338</AssemblyVersion>
      </AssemblyInfo>
      <ReturnValue>
        <ReturnType>Vulkan.AccessFlags</ReturnType>
      </ReturnValue>
      <Docs>
        <summary>indicates that the access is a read via a color attachment.</summary>
      </Docs>
    </Member>
    <Member MemberName="ColorAttachmentWrite">
      <MemberSignature Language="C#" Value="ColorAttachmentWrite" />
      <MemberSignature Language="ILAsm" Value=".field public static literal valuetype Vulkan.AccessFlags ColorAttachmentWrite = int32(256)" />
      <MemberType>Field</MemberType>
      <AssemblyInfo>
        <AssemblyVersion>0.0.5950.20892</AssemblyVersion>
        <AssemblyVersion>0.0.6105.39043</AssemblyVersion>
        <AssemblyVersion>0.0.6106.39464</AssemblyVersion>
        <AssemblyVersion>0.0.6134.41045</AssemblyVersion>
        <AssemblyVersion>0.0.6142.19338</AssemblyVersion>
      </AssemblyInfo>
      <ReturnValue>
        <ReturnType>Vulkan.AccessFlags</ReturnType>
      </ReturnValue>
      <Docs>
        <summary>indicates that the access is a write via a color or resolve attachment.</summary>
      </Docs>
    </Member>
    <Member MemberName="DepthStencilAttachmentRead">
      <MemberSignature Language="C#" Value="DepthStencilAttachmentRead" />
      <MemberSignature Language="ILAsm" Value=".field public static literal valuetype Vulkan.AccessFlags DepthStencilAttachmentRead = int32(512)" />
      <MemberType>Field</MemberType>
      <AssemblyInfo>
        <AssemblyVersion>0.0.5950.20892</AssemblyVersion>
        <AssemblyVersion>0.0.6105.39043</AssemblyVersion>
        <AssemblyVersion>0.0.6106.39464</AssemblyVersion>
        <AssemblyVersion>0.0.6134.41045</AssemblyVersion>
        <AssemblyVersion>0.0.6142.19338</AssemblyVersion>
      </AssemblyInfo>
      <ReturnValue>
        <ReturnType>Vulkan.AccessFlags</ReturnType>
      </ReturnValue>
      <Docs>
        <summary>indicates that the access is a read via a depth/stencil attachment.</summary>
      </Docs>
    </Member>
    <Member MemberName="DepthStencilAttachmentWrite">
      <MemberSignature Language="C#" Value="DepthStencilAttachmentWrite" />
      <MemberSignature Language="ILAsm" Value=".field public static literal valuetype Vulkan.AccessFlags DepthStencilAttachmentWrite = int32(1024)" />
      <MemberType>Field</MemberType>
      <AssemblyInfo>
        <AssemblyVersion>0.0.5950.20892</AssemblyVersion>
        <AssemblyVersion>0.0.6105.39043</AssemblyVersion>
        <AssemblyVersion>0.0.6106.39464</AssemblyVersion>
        <AssemblyVersion>0.0.6134.41045</AssemblyVersion>
        <AssemblyVersion>0.0.6142.19338</AssemblyVersion>
      </AssemblyInfo>
      <ReturnValue>
        <ReturnType>Vulkan.AccessFlags</ReturnType>
      </ReturnValue>
      <Docs>
        <summary>indicates that the access is a write via a depth/stencil attachment.</summary>
      </Docs>
    </Member>
    <Member MemberName="HostRead">
      <MemberSignature Language="C#" Value="HostRead" />
      <MemberSignature Language="ILAsm" Value=".field public static literal valuetype Vulkan.AccessFlags HostRead = int32(8192)" />
      <MemberType>Field</MemberType>
      <AssemblyInfo>
        <AssemblyVersion>0.0.5950.20892</AssemblyVersion>
        <AssemblyVersion>0.0.6105.39043</AssemblyVersion>
        <AssemblyVersion>0.0.6106.39464</AssemblyVersion>
        <AssemblyVersion>0.0.6134.41045</AssemblyVersion>
        <AssemblyVersion>0.0.6142.19338</AssemblyVersion>
      </AssemblyInfo>
      <ReturnValue>
        <ReturnType>Vulkan.AccessFlags</ReturnType>
      </ReturnValue>
      <Docs>
        <summary>indicates that the access is a read via the host.</summary>
      </Docs>
    </Member>
    <Member MemberName="HostWrite">
      <MemberSignature Language="C#" Value="HostWrite" />
      <MemberSignature Language="ILAsm" Value=".field public static literal valuetype Vulkan.AccessFlags HostWrite = int32(16384)" />
      <MemberType>Field</MemberType>
      <AssemblyInfo>
        <AssemblyVersion>0.0.5950.20892</AssemblyVersion>
        <AssemblyVersion>0.0.6105.39043</AssemblyVersion>
        <AssemblyVersion>0.0.6106.39464</AssemblyVersion>
        <AssemblyVersion>0.0.6134.41045</AssemblyVersion>
        <AssemblyVersion>0.0.6142.19338</AssemblyVersion>
      </AssemblyInfo>
      <ReturnValue>
        <ReturnType>Vulkan.AccessFlags</ReturnType>
      </ReturnValue>
      <Docs>
        <summary>indicates that the access is a write via the host.</summary>
      </Docs>
    </Member>
    <Member MemberName="IndexRead">
      <MemberSignature Language="C#" Value="IndexRead" />
      <MemberSignature Language="ILAsm" Value=".field public static literal valuetype Vulkan.AccessFlags IndexRead = int32(2)" />
      <MemberType>Field</MemberType>
      <AssemblyInfo>
        <AssemblyVersion>0.0.5950.20892</AssemblyVersion>
        <AssemblyVersion>0.0.6105.39043</AssemblyVersion>
        <AssemblyVersion>0.0.6106.39464</AssemblyVersion>
        <AssemblyVersion>0.0.6134.41045</AssemblyVersion>
        <AssemblyVersion>0.0.6142.19338</AssemblyVersion>
      </AssemblyInfo>
      <ReturnValue>
        <ReturnType>Vulkan.AccessFlags</ReturnType>
      </ReturnValue>
      <Docs>
        <summary>indicates that the access is an index buffer read.</summary>
      </Docs>
    </Member>
    <Member MemberName="IndirectCommandRead">
      <MemberSignature Language="C#" Value="IndirectCommandRead" />
      <MemberSignature Language="ILAsm" Value=".field public static literal valuetype Vulkan.AccessFlags IndirectCommandRead = int32(1)" />
      <MemberType>Field</MemberType>
      <AssemblyInfo>
        <AssemblyVersion>0.0.5950.20892</AssemblyVersion>
        <AssemblyVersion>0.0.6105.39043</AssemblyVersion>
        <AssemblyVersion>0.0.6106.39464</AssemblyVersion>
        <AssemblyVersion>0.0.6134.41045</AssemblyVersion>
        <AssemblyVersion>0.0.6142.19338</AssemblyVersion>
      </AssemblyInfo>
      <ReturnValue>
        <ReturnType>Vulkan.AccessFlags</ReturnType>
      </ReturnValue>
      <Docs>
        <summary>indicates that the access is an indirect command structure read as part of an indirect drawing command.</summary>
      </Docs>
    </Member>
    <Member MemberName="InputAttachmentRead">
      <MemberSignature Language="C#" Value="InputAttachmentRead" />
      <MemberSignature Language="ILAsm" Value=".field public static literal valuetype Vulkan.AccessFlags InputAttachmentRead = int32(16)" />
      <MemberType>Field</MemberType>
      <AssemblyInfo>
        <AssemblyVersion>0.0.5950.20892</AssemblyVersion>
        <AssemblyVersion>0.0.6105.39043</AssemblyVersion>
        <AssemblyVersion>0.0.6106.39464</AssemblyVersion>
        <AssemblyVersion>0.0.6134.41045</AssemblyVersion>
        <AssemblyVersion>0.0.6142.19338</AssemblyVersion>
      </AssemblyInfo>
      <ReturnValue>
        <ReturnType>Vulkan.AccessFlags</ReturnType>
      </ReturnValue>
      <Docs>
        <summary>indicates that the access is a read via an input attachment descriptor.</summary>
      </Docs>
    </Member>
    <Member MemberName="MemoryRead">
      <MemberSignature Language="C#" Value="MemoryRead" />
      <MemberSignature Language="ILAsm" Value=".field public static literal valuetype Vulkan.AccessFlags MemoryRead = int32(32768)" />
      <MemberType>Field</MemberType>
      <AssemblyInfo>
        <AssemblyVersion>0.0.5950.20892</AssemblyVersion>
        <AssemblyVersion>0.0.6105.39043</AssemblyVersion>
        <AssemblyVersion>0.0.6106.39464</AssemblyVersion>
        <AssemblyVersion>0.0.6134.41045</AssemblyVersion>
        <AssemblyVersion>0.0.6142.19338</AssemblyVersion>
      </AssemblyInfo>
      <ReturnValue>
        <ReturnType>Vulkan.AccessFlags</ReturnType>
      </ReturnValue>
      <Docs>
        <summary>indicates that the access is a read via a non-specific unit attached to the memory. This unit may: be external to the Vulkan device or otherwise not part of the core Vulkan pipeline. When included in pname:dstAccessMask, all writes using access types in pname:srcAccessMask performed by pipeline stages in pname:srcStageMask must: be visible in memory.</summary>
      </Docs>
    </Member>
    <Member MemberName="MemoryWrite">
      <MemberSignature Language="C#" Value="MemoryWrite" />
      <MemberSignature Language="ILAsm" Value=".field public static literal valuetype Vulkan.AccessFlags MemoryWrite = int32(65536)" />
      <MemberType>Field</MemberType>
      <AssemblyInfo>
        <AssemblyVersion>0.0.5950.20892</AssemblyVersion>
        <AssemblyVersion>0.0.6105.39043</AssemblyVersion>
        <AssemblyVersion>0.0.6106.39464</AssemblyVersion>
        <AssemblyVersion>0.0.6134.41045</AssemblyVersion>
        <AssemblyVersion>0.0.6142.19338</AssemblyVersion>
      </AssemblyInfo>
      <ReturnValue>
        <ReturnType>Vulkan.AccessFlags</ReturnType>
      </ReturnValue>
      <Docs>
        <summary>indicates that the access is a write via a non-specific unit attached to the memory. This unit may: be external to the Vulkan device or otherwise not part of the core Vulkan pipeline. When included in pname:srcAccessMask, all access types in pname:dstAccessMask from pipeline stages in pname:dstStageMask will observe the side effects of commands that executed before the barrier. When included in pname:dstAccessMask all writes using access types in pname:srcAccessMask performed by pipeline stages in pname:srcStageMask must: be visible in memory.</summary>
      </Docs>
    </Member>
    <Member MemberName="ShaderRead">
      <MemberSignature Language="C#" Value="ShaderRead" />
      <MemberSignature Language="ILAsm" Value=".field public static literal valuetype Vulkan.AccessFlags ShaderRead = int32(32)" />
      <MemberType>Field</MemberType>
      <AssemblyInfo>
        <AssemblyVersion>0.0.5950.20892</AssemblyVersion>
        <AssemblyVersion>0.0.6105.39043</AssemblyVersion>
        <AssemblyVersion>0.0.6106.39464</AssemblyVersion>
        <AssemblyVersion>0.0.6134.41045</AssemblyVersion>
        <AssemblyVersion>0.0.6142.19338</AssemblyVersion>
      </AssemblyInfo>
      <ReturnValue>
        <ReturnType>Vulkan.AccessFlags</ReturnType>
      </ReturnValue>
      <Docs>
        <summary>indicates that the access is a read from a shader via any other descriptor type.</summary>
      </Docs>
    </Member>
    <Member MemberName="ShaderWrite">
      <MemberSignature Language="C#" Value="ShaderWrite" />
      <MemberSignature Language="ILAsm" Value=".field public static literal valuetype Vulkan.AccessFlags ShaderWrite = int32(64)" />
      <MemberType>Field</MemberType>
      <AssemblyInfo>
        <AssemblyVersion>0.0.5950.20892</AssemblyVersion>
        <AssemblyVersion>0.0.6105.39043</AssemblyVersion>
        <AssemblyVersion>0.0.6106.39464</AssemblyVersion>
        <AssemblyVersion>0.0.6134.41045</AssemblyVersion>
        <AssemblyVersion>0.0.6142.19338</AssemblyVersion>
      </AssemblyInfo>
      <ReturnValue>
        <ReturnType>Vulkan.AccessFlags</ReturnType>
      </ReturnValue>
      <Docs>
        <summary>indicates that the access is a write or atomic from a shader via the same descriptor types as in ename:VK_ACCESS_SHADER_READ_BIT.</summary>
      </Docs>
    </Member>
    <Member MemberName="TransferRead">
      <MemberSignature Language="C#" Value="TransferRead" />
      <MemberSignature Language="ILAsm" Value=".field public static literal valuetype Vulkan.AccessFlags TransferRead = int32(2048)" />
      <MemberType>Field</MemberType>
      <AssemblyInfo>
        <AssemblyVersion>0.0.5950.20892</AssemblyVersion>
        <AssemblyVersion>0.0.6105.39043</AssemblyVersion>
        <AssemblyVersion>0.0.6106.39464</AssemblyVersion>
        <AssemblyVersion>0.0.6134.41045</AssemblyVersion>
        <AssemblyVersion>0.0.6142.19338</AssemblyVersion>
      </AssemblyInfo>
      <ReturnValue>
        <ReturnType>Vulkan.AccessFlags</ReturnType>
      </ReturnValue>
      <Docs>
        <summary>indicates that the access is a read from a transfer (copy, blit, resolve, etc.) operation. For the complete set of transfer operations, see &lt;&lt;synchronization-transfer,ename:VK_PIPELINE_STAGE_TRANSFER_BIT&gt;&gt;.</summary>
      </Docs>
    </Member>
    <Member MemberName="TransferWrite">
      <MemberSignature Language="C#" Value="TransferWrite" />
      <MemberSignature Language="ILAsm" Value=".field public static literal valuetype Vulkan.AccessFlags TransferWrite = int32(4096)" />
      <MemberType>Field</MemberType>
      <AssemblyInfo>
        <AssemblyVersion>0.0.5950.20892</AssemblyVersion>
        <AssemblyVersion>0.0.6105.39043</AssemblyVersion>
        <AssemblyVersion>0.0.6106.39464</AssemblyVersion>
        <AssemblyVersion>0.0.6134.41045</AssemblyVersion>
        <AssemblyVersion>0.0.6142.19338</AssemblyVersion>
      </AssemblyInfo>
      <ReturnValue>
        <ReturnType>Vulkan.AccessFlags</ReturnType>
      </ReturnValue>
      <Docs>
        <summary>indicates that the access is a write from a transfer (copy, blit, resolve, etc.) operation. For the complete set of transfer operations, see &lt;&lt;synchronization-transfer,ename:VK_PIPELINE_STAGE_TRANSFER_BIT&gt;&gt;.</summary>
      </Docs>
    </Member>
    <Member MemberName="UniformRead">
      <MemberSignature Language="C#" Value="UniformRead" />
      <MemberSignature Language="ILAsm" Value=".field public static literal valuetype Vulkan.AccessFlags UniformRead = int32(8)" />
      <MemberType>Field</MemberType>
      <AssemblyInfo>
        <AssemblyVersion>0.0.5950.20892</AssemblyVersion>
        <AssemblyVersion>0.0.6105.39043</AssemblyVersion>
        <AssemblyVersion>0.0.6106.39464</AssemblyVersion>
        <AssemblyVersion>0.0.6134.41045</AssemblyVersion>
        <AssemblyVersion>0.0.6142.19338</AssemblyVersion>
      </AssemblyInfo>
      <ReturnValue>
        <ReturnType>Vulkan.AccessFlags</ReturnType>
      </ReturnValue>
      <Docs>
        <summary>indicates that the access is a read via a uniform buffer or dynamic uniform buffer descriptor.</summary>
      </Docs>
    </Member>
    <Member MemberName="VertexAttributeRead">
      <MemberSignature Language="C#" Value="VertexAttributeRead" />
      <MemberSignature Language="ILAsm" Value=".field public static literal valuetype Vulkan.AccessFlags VertexAttributeRead = int32(4)" />
      <MemberType>Field</MemberType>
      <AssemblyInfo>
        <AssemblyVersion>0.0.5950.20892</AssemblyVersion>
        <AssemblyVersion>0.0.6105.39043</AssemblyVersion>
        <AssemblyVersion>0.0.6106.39464</AssemblyVersion>
        <AssemblyVersion>0.0.6134.41045</AssemblyVersion>
        <AssemblyVersion>0.0.6142.19338</AssemblyVersion>
      </AssemblyInfo>
      <ReturnValue>
        <ReturnType>Vulkan.AccessFlags</ReturnType>
      </ReturnValue>
      <Docs>
        <summary>indicates that the access is a read via the vertex input bindings.</summary>
      </Docs>
    </Member>
  </Members>
</Type>