﻿<?xml version="1.0" encoding="utf-8"?>
<Type Name="AttachmentLoadOp" FullName="Vulkan.AttachmentLoadOp">
  <TypeSignature Language="C#" Value="public enum AttachmentLoadOp" />
  <TypeSignature Language="ILAsm" Value=".class public auto ansi sealed AttachmentLoadOp extends System.Enum" />
  <AssemblyInfo>
    <AssemblyName>Vulkan</AssemblyName>
    <AssemblyVersion>0.0.5950.20892</AssemblyVersion>
    <AssemblyVersion>0.0.6105.39043</AssemblyVersion>
    <AssemblyVersion>0.0.6106.39464</AssemblyVersion>
    <AssemblyVersion>0.0.6134.41045</AssemblyVersion>
    <AssemblyVersion>0.0.6142.19338</AssemblyVersion>
  </AssemblyInfo>
  <Base>
    <BaseTypeName>System.Enum</BaseTypeName>
  </Base>
  <Docs>
    <summary>Specify how contents of an attachment are treated at the beginning of a subpass</summary>
    <remarks></remarks>
  </Docs>
  <Members>
    <Member MemberName="Clear">
      <MemberSignature Language="C#" Value="Clear" />
      <MemberSignature Language="ILAsm" Value=".field public static literal valuetype Vulkan.AttachmentLoadOp Clear = int32(1)" />
      <MemberType>Field</MemberType>
      <AssemblyInfo>
        <AssemblyVersion>0.0.5950.20892</AssemblyVersion>
        <AssemblyVersion>0.0.6105.39043</AssemblyVersion>
        <AssemblyVersion>0.0.6106.39464</AssemblyVersion>
        <AssemblyVersion>0.0.6134.41045</AssemblyVersion>
        <AssemblyVersion>0.0.6142.19338</AssemblyVersion>
      </AssemblyInfo>
      <ReturnValue>
        <ReturnType>Vulkan.AttachmentLoadOp</ReturnType>
      </ReturnValue>
      <Docs>
        <summary>means the contents within the render area will be cleared to a uniform value, which is specified when a render pass instance is begun.</summary>
      </Docs>
    </Member>
    <Member MemberName="DontCare">
      <MemberSignature Language="C#" Value="DontCare" />
      <MemberSignature Language="ILAsm" Value=".field public static literal valuetype Vulkan.AttachmentLoadOp DontCare = int32(2)" />
      <MemberType>Field</MemberType>
      <AssemblyInfo>
        <AssemblyVersion>0.0.5950.20892</AssemblyVersion>
        <AssemblyVersion>0.0.6105.39043</AssemblyVersion>
        <AssemblyVersion>0.0.6106.39464</AssemblyVersion>
        <AssemblyVersion>0.0.6134.41045</AssemblyVersion>
        <AssemblyVersion>0.0.6142.19338</AssemblyVersion>
      </AssemblyInfo>
      <ReturnValue>
        <ReturnType>Vulkan.AttachmentLoadOp</ReturnType>
      </ReturnValue>
      <Docs>
        <summary>means the contents within the area need not be preserved; the contents of the attachment will be undefined inside the render area.</summary>
      </Docs>
    </Member>
    <Member MemberName="Load">
      <MemberSignature Language="C#" Value="Load" />
      <MemberSignature Language="ILAsm" Value=".field public static literal valuetype Vulkan.AttachmentLoadOp Load = int32(0)" />
      <MemberType>Field</MemberType>
      <AssemblyInfo>
        <AssemblyVersion>0.0.5950.20892</AssemblyVersion>
        <AssemblyVersion>0.0.6105.39043</AssemblyVersion>
        <AssemblyVersion>0.0.6106.39464</AssemblyVersion>
        <AssemblyVersion>0.0.6134.41045</AssemblyVersion>
        <AssemblyVersion>0.0.6142.19338</AssemblyVersion>
      </AssemblyInfo>
      <ReturnValue>
        <ReturnType>Vulkan.AttachmentLoadOp</ReturnType>
      </ReturnValue>
      <Docs>
        <summary>means the contents within the render area will be preserved.</summary>
      </Docs>
    </Member>
  </Members>
</Type>