﻿<?xml version="1.0" encoding="utf-8"?>
<Type Name="AttachmentReference" FullName="Vulkan.AttachmentReference">
  <TypeSignature Language="C#" Value="public struct AttachmentReference" />
  <TypeSignature Language="ILAsm" Value=".class public sequential ansi sealed beforefieldinit AttachmentReference extends System.ValueType" />
  <AssemblyInfo>
    <AssemblyName>Vulkan</AssemblyName>
    <AssemblyVersion>0.0.5950.20892</AssemblyVersion>
    <AssemblyVersion>0.0.6105.39043</AssemblyVersion>
    <AssemblyVersion>0.0.6106.39464</AssemblyVersion>
    <AssemblyVersion>0.0.6134.41045</AssemblyVersion>
    <AssemblyVersion>0.0.6142.19338</AssemblyVersion>
  </AssemblyInfo>
  <Base>
    <BaseTypeName>System.ValueType</BaseTypeName>
  </Base>
  <Interfaces />
  <Docs>
    <summary>Structure specifying an attachment reference</summary>
    <remarks></remarks>
  </Docs>
  <Members>
    <Member MemberName=".ctor">
      <MemberSignature Language="C#" Value="public AttachmentReference ();" />
      <MemberSignature Language="ILAsm" Value=".method public hidebysig specialname rtspecialname instance void .ctor() cil managed" />
      <MemberType>Constructor</MemberType>
      <AssemblyInfo>
        <AssemblyVersion>0.0.5950.20892</AssemblyVersion>
      </AssemblyInfo>
      <Parameters />
      <Docs>
        <summary>To be added.</summary>
        <remarks>To be added.</remarks>
      </Docs>
    </Member>
    <Member MemberName="Attachment">
      <MemberSignature Language="C#" Value="public uint Attachment;" />
      <MemberSignature Language="ILAsm" Value=".field public unsigned int32 Attachment" />
      <MemberType>Field</MemberType>
      <AssemblyInfo>
        <AssemblyVersion>0.0.6105.39043</AssemblyVersion>
        <AssemblyVersion>0.0.6106.39464</AssemblyVersion>
        <AssemblyVersion>0.0.6134.41045</AssemblyVersion>
        <AssemblyVersion>0.0.6142.19338</AssemblyVersion>
      </AssemblyInfo>
      <ReturnValue>
        <ReturnType>System.UInt32</ReturnType>
      </ReturnValue>
      <Docs>
        <summary>is the index of the attachment of the render pass, and corresponds to the index of the corresponding element in the pname:pAttachments array of the sname:VkRenderPassCreateInfo structure. If any color or depth/stencil attachments are ename:VK_ATTACHMENT_UNUSED, then no writes occur for those attachments.</summary>
        <remarks></remarks>
      </Docs>
    </Member>
    <Member MemberName="Attachment">
      <MemberSignature Language="C#" Value="public uint Attachment { get; set; }" />
      <MemberSignature Language="ILAsm" Value=".property instance unsigned int32 Attachment" />
      <MemberType>Property</MemberType>
      <AssemblyInfo>
        <AssemblyVersion>0.0.5950.20892</AssemblyVersion>
      </AssemblyInfo>
      <ReturnValue>
        <ReturnType>System.UInt32</ReturnType>
      </ReturnValue>
      <Docs>
        <summary>is the index of the attachment of the render pass, and corresponds to the index of the corresponding element in the pname:pAttachments array of the sname:VkRenderPassCreateInfo structure. If any color or depth/stencil attachments are ename:VK_ATTACHMENT_UNUSED, then no writes occur for those attachments.</summary>
        <value>To be added.</value>
        <remarks></remarks>
      </Docs>
    </Member>
    <Member MemberName="Layout">
      <MemberSignature Language="C#" Value="public Vulkan.ImageLayout Layout;" />
      <MemberSignature Language="ILAsm" Value=".field public valuetype Vulkan.ImageLayout Layout" />
      <MemberType>Field</MemberType>
      <AssemblyInfo>
        <AssemblyVersion>0.0.6105.39043</AssemblyVersion>
        <AssemblyVersion>0.0.6106.39464</AssemblyVersion>
        <AssemblyVersion>0.0.6134.41045</AssemblyVersion>
        <AssemblyVersion>0.0.6142.19338</AssemblyVersion>
      </AssemblyInfo>
      <ReturnValue>
        <ReturnType>Vulkan.ImageLayout</ReturnType>
      </ReturnValue>
      <Docs>
        <summary>must: not be ename:VK_IMAGE_LAYOUT_UNDEFINED or ename:VK_IMAGE_LAYOUT_PREINITIALIZED ****</summary>
        <remarks></remarks>
      </Docs>
    </Member>
    <Member MemberName="Layout">
      <MemberSignature Language="C#" Value="public Vulkan.ImageLayout Layout { get; set; }" />
      <MemberSignature Language="ILAsm" Value=".property instance valuetype Vulkan.ImageLayout Layout" />
      <MemberType>Property</MemberType>
      <AssemblyInfo>
        <AssemblyVersion>0.0.5950.20892</AssemblyVersion>
      </AssemblyInfo>
      <ReturnValue>
        <ReturnType>Vulkan.ImageLayout</ReturnType>
      </ReturnValue>
      <Docs>
        <summary>must: not be ename:VK_IMAGE_LAYOUT_UNDEFINED or ename:VK_IMAGE_LAYOUT_PREINITIALIZED ****</summary>
        <value>To be added.</value>
        <remarks></remarks>
      </Docs>
    </Member>
  </Members>
</Type>