﻿<?xml version="1.0" encoding="utf-8"?>
<Type Name="BufferUsageFlags" FullName="Vulkan.BufferUsageFlags">
  <TypeSignature Language="C#" Value="public enum BufferUsageFlags" />
  <TypeSignature Language="ILAsm" Value=".class public auto ansi sealed BufferUsageFlags extends System.Enum" />
  <AssemblyInfo>
    <AssemblyName>Vulkan</AssemblyName>
    <AssemblyVersion>0.0.5950.20892</AssemblyVersion>
    <AssemblyVersion>0.0.6105.39043</AssemblyVersion>
    <AssemblyVersion>0.0.6106.39464</AssemblyVersion>
    <AssemblyVersion>0.0.6134.41045</AssemblyVersion>
    <AssemblyVersion>0.0.6142.19338</AssemblyVersion>
  </AssemblyInfo>
  <Base>
    <BaseTypeName>System.Enum</BaseTypeName>
  </Base>
  <Attributes>
    <Attribute>
      <AttributeName>System.Flags</AttributeName>
    </Attribute>
  </Attributes>
  <Docs>
    <summary>Bitmask specifying allowed usage of a buffer</summary>
    <remarks></remarks>
  </Docs>
  <Members>
    <Member MemberName="IndexBuffer">
      <MemberSignature Language="C#" Value="IndexBuffer" />
      <MemberSignature Language="ILAsm" Value=".field public static literal valuetype Vulkan.BufferUsageFlags IndexBuffer = int32(64)" />
      <MemberType>Field</MemberType>
      <AssemblyInfo>
        <AssemblyVersion>0.0.5950.20892</AssemblyVersion>
        <AssemblyVersion>0.0.6105.39043</AssemblyVersion>
        <AssemblyVersion>0.0.6106.39464</AssemblyVersion>
        <AssemblyVersion>0.0.6134.41045</AssemblyVersion>
        <AssemblyVersion>0.0.6142.19338</AssemblyVersion>
      </AssemblyInfo>
      <ReturnValue>
        <ReturnType>Vulkan.BufferUsageFlags</ReturnType>
      </ReturnValue>
      <Docs>
        <summary>indicates that the buffer is suitable for passing as the pname:buffer parameter to fname:vkCmdBindIndexBuffer.</summary>
      </Docs>
    </Member>
    <Member MemberName="IndirectBuffer">
      <MemberSignature Language="C#" Value="IndirectBuffer" />
      <MemberSignature Language="ILAsm" Value=".field public static literal valuetype Vulkan.BufferUsageFlags IndirectBuffer = int32(256)" />
      <MemberType>Field</MemberType>
      <AssemblyInfo>
        <AssemblyVersion>0.0.5950.20892</AssemblyVersion>
        <AssemblyVersion>0.0.6105.39043</AssemblyVersion>
        <AssemblyVersion>0.0.6106.39464</AssemblyVersion>
        <AssemblyVersion>0.0.6134.41045</AssemblyVersion>
        <AssemblyVersion>0.0.6142.19338</AssemblyVersion>
      </AssemblyInfo>
      <ReturnValue>
        <ReturnType>Vulkan.BufferUsageFlags</ReturnType>
      </ReturnValue>
      <Docs>
        <summary>indicates that the buffer is suitable for passing as the pname:buffer parameter to fname:vkCmdDrawIndirect, fname:vkCmdDrawIndexedIndirect, or fname:vkCmdDispatchIndirect.</summary>
      </Docs>
    </Member>
    <Member MemberName="StorageBuffer">
      <MemberSignature Language="C#" Value="StorageBuffer" />
      <MemberSignature Language="ILAsm" Value=".field public static literal valuetype Vulkan.BufferUsageFlags StorageBuffer = int32(32)" />
      <MemberType>Field</MemberType>
      <AssemblyInfo>
        <AssemblyVersion>0.0.5950.20892</AssemblyVersion>
        <AssemblyVersion>0.0.6105.39043</AssemblyVersion>
        <AssemblyVersion>0.0.6106.39464</AssemblyVersion>
        <AssemblyVersion>0.0.6134.41045</AssemblyVersion>
        <AssemblyVersion>0.0.6142.19338</AssemblyVersion>
      </AssemblyInfo>
      <ReturnValue>
        <ReturnType>Vulkan.BufferUsageFlags</ReturnType>
      </ReturnValue>
      <Docs>
        <summary>indicates that the buffer can: be used in a sname:VkDescriptorBufferInfo suitable for occupying a sname:VkDescriptorSet slot either of type ename:VK_DESCRIPTOR_TYPE_STORAGE_BUFFER or ename:VK_DESCRIPTOR_TYPE_STORAGE_BUFFER_DYNAMIC.</summary>
      </Docs>
    </Member>
    <Member MemberName="StorageTexelBuffer">
      <MemberSignature Language="C#" Value="StorageTexelBuffer" />
      <MemberSignature Language="ILAsm" Value=".field public static literal valuetype Vulkan.BufferUsageFlags StorageTexelBuffer = int32(8)" />
      <MemberType>Field</MemberType>
      <AssemblyInfo>
        <AssemblyVersion>0.0.5950.20892</AssemblyVersion>
        <AssemblyVersion>0.0.6105.39043</AssemblyVersion>
        <AssemblyVersion>0.0.6106.39464</AssemblyVersion>
        <AssemblyVersion>0.0.6134.41045</AssemblyVersion>
        <AssemblyVersion>0.0.6142.19338</AssemblyVersion>
      </AssemblyInfo>
      <ReturnValue>
        <ReturnType>Vulkan.BufferUsageFlags</ReturnType>
      </ReturnValue>
      <Docs>
        <summary>indicates that the buffer can: be used to create a sname:VkBufferView suitable for occupying a sname:VkDescriptorSet slot of type ename:VK_DESCRIPTOR_TYPE_STORAGE_TEXEL_BUFFER.</summary>
      </Docs>
    </Member>
    <Member MemberName="TransferDst">
      <MemberSignature Language="C#" Value="TransferDst" />
      <MemberSignature Language="ILAsm" Value=".field public static literal valuetype Vulkan.BufferUsageFlags TransferDst = int32(2)" />
      <MemberType>Field</MemberType>
      <AssemblyInfo>
        <AssemblyVersion>0.0.5950.20892</AssemblyVersion>
        <AssemblyVersion>0.0.6105.39043</AssemblyVersion>
        <AssemblyVersion>0.0.6106.39464</AssemblyVersion>
        <AssemblyVersion>0.0.6134.41045</AssemblyVersion>
        <AssemblyVersion>0.0.6142.19338</AssemblyVersion>
      </AssemblyInfo>
      <ReturnValue>
        <ReturnType>Vulkan.BufferUsageFlags</ReturnType>
      </ReturnValue>
      <Docs>
        <summary>indicates that the buffer can: be used as the destination of a transfer command.</summary>
      </Docs>
    </Member>
    <Member MemberName="TransferSrc">
      <MemberSignature Language="C#" Value="TransferSrc" />
      <MemberSignature Language="ILAsm" Value=".field public static literal valuetype Vulkan.BufferUsageFlags TransferSrc = int32(1)" />
      <MemberType>Field</MemberType>
      <AssemblyInfo>
        <AssemblyVersion>0.0.5950.20892</AssemblyVersion>
        <AssemblyVersion>0.0.6105.39043</AssemblyVersion>
        <AssemblyVersion>0.0.6106.39464</AssemblyVersion>
        <AssemblyVersion>0.0.6134.41045</AssemblyVersion>
        <AssemblyVersion>0.0.6142.19338</AssemblyVersion>
      </AssemblyInfo>
      <ReturnValue>
        <ReturnType>Vulkan.BufferUsageFlags</ReturnType>
      </ReturnValue>
      <Docs>
        <summary>indicates that the buffer can: be used as the source of a _transfer command_ (see the definition of &lt;&lt;synchronization-transfer,ename:VK_PIPELINE_STAGE_TRANSFER_BIT&gt;&gt;).</summary>
      </Docs>
    </Member>
    <Member MemberName="UniformBuffer">
      <MemberSignature Language="C#" Value="UniformBuffer" />
      <MemberSignature Language="ILAsm" Value=".field public static literal valuetype Vulkan.BufferUsageFlags UniformBuffer = int32(16)" />
      <MemberType>Field</MemberType>
      <AssemblyInfo>
        <AssemblyVersion>0.0.5950.20892</AssemblyVersion>
        <AssemblyVersion>0.0.6105.39043</AssemblyVersion>
        <AssemblyVersion>0.0.6106.39464</AssemblyVersion>
        <AssemblyVersion>0.0.6134.41045</AssemblyVersion>
        <AssemblyVersion>0.0.6142.19338</AssemblyVersion>
      </AssemblyInfo>
      <ReturnValue>
        <ReturnType>Vulkan.BufferUsageFlags</ReturnType>
      </ReturnValue>
      <Docs>
        <summary>indicates that the buffer can: be used in a sname:VkDescriptorBufferInfo suitable for occupying a sname:VkDescriptorSet slot either of type ename:VK_DESCRIPTOR_TYPE_UNIFORM_BUFFER or ename:VK_DESCRIPTOR_TYPE_UNIFORM_BUFFER_DYNAMIC.</summary>
      </Docs>
    </Member>
    <Member MemberName="UniformTexelBuffer">
      <MemberSignature Language="C#" Value="UniformTexelBuffer" />
      <MemberSignature Language="ILAsm" Value=".field public static literal valuetype Vulkan.BufferUsageFlags UniformTexelBuffer = int32(4)" />
      <MemberType>Field</MemberType>
      <AssemblyInfo>
        <AssemblyVersion>0.0.5950.20892</AssemblyVersion>
        <AssemblyVersion>0.0.6105.39043</AssemblyVersion>
        <AssemblyVersion>0.0.6106.39464</AssemblyVersion>
        <AssemblyVersion>0.0.6134.41045</AssemblyVersion>
        <AssemblyVersion>0.0.6142.19338</AssemblyVersion>
      </AssemblyInfo>
      <ReturnValue>
        <ReturnType>Vulkan.BufferUsageFlags</ReturnType>
      </ReturnValue>
      <Docs>
        <summary>indicates that the buffer can: be used to create a sname:VkBufferView suitable for occupying a sname:VkDescriptorSet slot of type ename:VK_DESCRIPTOR_TYPE_UNIFORM_TEXEL_BUFFER.</summary>
      </Docs>
    </Member>
    <Member MemberName="VertexBuffer">
      <MemberSignature Language="C#" Value="VertexBuffer" />
      <MemberSignature Language="ILAsm" Value=".field public static literal valuetype Vulkan.BufferUsageFlags VertexBuffer = int32(128)" />
      <MemberType>Field</MemberType>
      <AssemblyInfo>
        <AssemblyVersion>0.0.5950.20892</AssemblyVersion>
        <AssemblyVersion>0.0.6105.39043</AssemblyVersion>
        <AssemblyVersion>0.0.6106.39464</AssemblyVersion>
        <AssemblyVersion>0.0.6134.41045</AssemblyVersion>
        <AssemblyVersion>0.0.6142.19338</AssemblyVersion>
      </AssemblyInfo>
      <ReturnValue>
        <ReturnType>Vulkan.BufferUsageFlags</ReturnType>
      </ReturnValue>
      <Docs>
        <summary>indicates that the buffer is suitable for passing as an element of the pname:pBuffers array to fname:vkCmdBindVertexBuffers.</summary>
      </Docs>
    </Member>
  </Members>
</Type>