﻿<?xml version="1.0" encoding="utf-8"?>
<Type Name="BufferCreateFlags" FullName="Vulkan.BufferCreateFlags">
  <TypeSignature Language="C#" Value="public enum BufferCreateFlags" />
  <TypeSignature Language="ILAsm" Value=".class public auto ansi sealed BufferCreateFlags extends System.Enum" />
  <AssemblyInfo>
    <AssemblyName>Vulkan</AssemblyName>
    <AssemblyVersion>0.0.5950.20892</AssemblyVersion>
    <AssemblyVersion>0.0.6105.39043</AssemblyVersion>
    <AssemblyVersion>0.0.6106.39464</AssemblyVersion>
    <AssemblyVersion>0.0.6134.41045</AssemblyVersion>
    <AssemblyVersion>0.0.6142.19338</AssemblyVersion>
  </AssemblyInfo>
  <Base>
    <BaseTypeName>System.Enum</BaseTypeName>
  </Base>
  <Attributes>
    <Attribute>
      <AttributeName>System.Flags</AttributeName>
    </Attribute>
  </Attributes>
  <Docs>
    <summary>Bitmask specifying additional parameters of a buffer</summary>
    <remarks></remarks>
  </Docs>
  <Members>
    <Member MemberName="SparseAliased">
      <MemberSignature Language="C#" Value="SparseAliased" />
      <MemberSignature Language="ILAsm" Value=".field public static literal valuetype Vulkan.BufferCreateFlags SparseAliased = int32(4)" />
      <MemberType>Field</MemberType>
      <AssemblyInfo>
        <AssemblyVersion>0.0.5950.20892</AssemblyVersion>
        <AssemblyVersion>0.0.6105.39043</AssemblyVersion>
        <AssemblyVersion>0.0.6106.39464</AssemblyVersion>
        <AssemblyVersion>0.0.6134.41045</AssemblyVersion>
        <AssemblyVersion>0.0.6142.19338</AssemblyVersion>
      </AssemblyInfo>
      <ReturnValue>
        <ReturnType>Vulkan.BufferCreateFlags</ReturnType>
      </ReturnValue>
      <Docs>
        <summary>indicates that the buffer will be backed using sparse memory binding with memory ranges that might also simultaneously be backing another buffer (or another portion of the same buffer). Buffers created with this flag must: also be created with the ename:VK_BUFFER_CREATE_SPARSE_BINDING_BIT flag.</summary>
      </Docs>
    </Member>
    <Member MemberName="SparseBinding">
      <MemberSignature Language="C#" Value="SparseBinding" />
      <MemberSignature Language="ILAsm" Value=".field public static literal valuetype Vulkan.BufferCreateFlags SparseBinding = int32(1)" />
      <MemberType>Field</MemberType>
      <AssemblyInfo>
        <AssemblyVersion>0.0.5950.20892</AssemblyVersion>
        <AssemblyVersion>0.0.6105.39043</AssemblyVersion>
        <AssemblyVersion>0.0.6106.39464</AssemblyVersion>
        <AssemblyVersion>0.0.6134.41045</AssemblyVersion>
        <AssemblyVersion>0.0.6142.19338</AssemblyVersion>
      </AssemblyInfo>
      <ReturnValue>
        <ReturnType>Vulkan.BufferCreateFlags</ReturnType>
      </ReturnValue>
      <Docs>
        <summary>indicates that the buffer will be backed using sparse memory binding.</summary>
      </Docs>
    </Member>
    <Member MemberName="SparseResidency">
      <MemberSignature Language="C#" Value="SparseResidency" />
      <MemberSignature Language="ILAsm" Value=".field public static literal valuetype Vulkan.BufferCreateFlags SparseResidency = int32(2)" />
      <MemberType>Field</MemberType>
      <AssemblyInfo>
        <AssemblyVersion>0.0.5950.20892</AssemblyVersion>
        <AssemblyVersion>0.0.6105.39043</AssemblyVersion>
        <AssemblyVersion>0.0.6106.39464</AssemblyVersion>
        <AssemblyVersion>0.0.6134.41045</AssemblyVersion>
        <AssemblyVersion>0.0.6142.19338</AssemblyVersion>
      </AssemblyInfo>
      <ReturnValue>
        <ReturnType>Vulkan.BufferCreateFlags</ReturnType>
      </ReturnValue>
      <Docs>
        <summary>indicates that the buffer can: be partially backed using sparse memory binding. Buffers created with this flag must: also be created with the ename:VK_BUFFER_CREATE_SPARSE_BINDING_BIT flag.</summary>
      </Docs>
    </Member>
  </Members>
</Type>