﻿<?xml version="1.0" encoding="utf-8"?>
<Type Name="BufferViewCreateInfo" FullName="Vulkan.BufferViewCreateInfo">
  <TypeSignature Language="C#" Value="public class BufferViewCreateInfo : Vulkan.MarshalledObject" />
  <TypeSignature Language="ILAsm" Value=".class public auto ansi beforefieldinit BufferViewCreateInfo extends Vulkan.MarshalledObject" />
  <AssemblyInfo>
    <AssemblyName>Vulkan</AssemblyName>
    <AssemblyVersion>0.0.5950.20892</AssemblyVersion>
    <AssemblyVersion>0.0.6105.39043</AssemblyVersion>
    <AssemblyVersion>0.0.6106.39464</AssemblyVersion>
    <AssemblyVersion>0.0.6134.41045</AssemblyVersion>
    <AssemblyVersion>0.0.6142.19338</AssemblyVersion>
  </AssemblyInfo>
  <Base>
    <BaseTypeName>Vulkan.MarshalledObject</BaseTypeName>
  </Base>
  <Interfaces />
  <Docs>
    <summary>Structure specifying parameters of a newly created buffer view</summary>
    <remarks></remarks>
  </Docs>
  <Members>
    <Member MemberName=".ctor">
      <MemberSignature Language="C#" Value="public BufferViewCreateInfo ();" />
      <MemberSignature Language="ILAsm" Value=".method public hidebysig specialname rtspecialname instance void .ctor() cil managed" />
      <MemberType>Constructor</MemberType>
      <AssemblyInfo>
        <AssemblyVersion>0.0.5950.20892</AssemblyVersion>
        <AssemblyVersion>0.0.6105.39043</AssemblyVersion>
        <AssemblyVersion>0.0.6106.39464</AssemblyVersion>
        <AssemblyVersion>0.0.6134.41045</AssemblyVersion>
        <AssemblyVersion>0.0.6142.19338</AssemblyVersion>
      </AssemblyInfo>
      <Parameters />
      <Docs>
        <summary>To be added.</summary>
        <remarks>To be added.</remarks>
      </Docs>
    </Member>
    <Member MemberName="Buffer">
      <MemberSignature Language="C#" Value="public Vulkan.Buffer Buffer { get; set; }" />
      <MemberSignature Language="ILAsm" Value=".property instance class Vulkan.Buffer Buffer" />
      <MemberType>Property</MemberType>
      <AssemblyInfo>
        <AssemblyVersion>0.0.5950.20892</AssemblyVersion>
        <AssemblyVersion>0.0.6105.39043</AssemblyVersion>
        <AssemblyVersion>0.0.6106.39464</AssemblyVersion>
        <AssemblyVersion>0.0.6134.41045</AssemblyVersion>
        <AssemblyVersion>0.0.6142.19338</AssemblyVersion>
      </AssemblyInfo>
      <ReturnValue>
        <ReturnType>Vulkan.Buffer</ReturnType>
      </ReturnValue>
      <Docs>
        <summary>must: have been created with a pname:usage value containing at least one of ename:VK_BUFFER_USAGE_UNIFORM_TEXEL_BUFFER_BIT or ename:VK_BUFFER_USAGE_STORAGE_TEXEL_BUFFER_BIT * If pname:buffer was created with pname:usage containing ename:VK_BUFFER_USAGE_UNIFORM_TEXEL_BUFFER_BIT, pname:format must: be supported for uniform texel buffers, as specified by the ename:VK_FORMAT_FEATURE_UNIFORM_TEXEL_BUFFER_BIT flag in sname:VkFormatProperties::pname:bufferFeatures returned by fname:vkGetPhysicalDeviceFormatProperties * If pname:buffer was created with pname:usage containing ename:VK_BUFFER_USAGE_STORAGE_TEXEL_BUFFER_BIT, pname:format must: be supported for storage texel buffers, as specified by the ename:VK_FORMAT_FEATURE_STORAGE_TEXEL_BUFFER_BIT flag in sname:VkFormatProperties::pname:bufferFeatures returned by fname:vkGetPhysicalDeviceFormatProperties ****</summary>
        <value>To be added.</value>
        <remarks></remarks>
      </Docs>
    </Member>
    <Member MemberName="Flags">
      <MemberSignature Language="C#" Value="public uint Flags { get; set; }" />
      <MemberSignature Language="ILAsm" Value=".property instance unsigned int32 Flags" />
      <MemberType>Property</MemberType>
      <AssemblyInfo>
        <AssemblyVersion>0.0.5950.20892</AssemblyVersion>
        <AssemblyVersion>0.0.6105.39043</AssemblyVersion>
        <AssemblyVersion>0.0.6106.39464</AssemblyVersion>
        <AssemblyVersion>0.0.6134.41045</AssemblyVersion>
        <AssemblyVersion>0.0.6142.19338</AssemblyVersion>
      </AssemblyInfo>
      <ReturnValue>
        <ReturnType>System.UInt32</ReturnType>
      </ReturnValue>
      <Docs>
        <summary>is reserved for future use.</summary>
        <value>To be added.</value>
        <remarks></remarks>
      </Docs>
    </Member>
    <Member MemberName="Format">
      <MemberSignature Language="C#" Value="public Vulkan.Format Format { get; set; }" />
      <MemberSignature Language="ILAsm" Value=".property instance valuetype Vulkan.Format Format" />
      <MemberType>Property</MemberType>
      <AssemblyInfo>
        <AssemblyVersion>0.0.5950.20892</AssemblyVersion>
        <AssemblyVersion>0.0.6105.39043</AssemblyVersion>
        <AssemblyVersion>0.0.6106.39464</AssemblyVersion>
        <AssemblyVersion>0.0.6134.41045</AssemblyVersion>
        <AssemblyVersion>0.0.6142.19338</AssemblyVersion>
      </AssemblyInfo>
      <ReturnValue>
        <ReturnType>Vulkan.Format</ReturnType>
      </ReturnValue>
      <Docs>
        <summary>is a elink:VkFormat describing the format of the data elements in the buffer.</summary>
        <value>To be added.</value>
        <remarks></remarks>
      </Docs>
    </Member>
    <Member MemberName="Offset">
      <MemberSignature Language="C#" Value="public Vulkan.DeviceSize Offset { get; set; }" />
      <MemberSignature Language="ILAsm" Value=".property instance valuetype Vulkan.DeviceSize Offset" />
      <MemberType>Property</MemberType>
      <AssemblyInfo>
        <AssemblyVersion>0.0.5950.20892</AssemblyVersion>
        <AssemblyVersion>0.0.6105.39043</AssemblyVersion>
        <AssemblyVersion>0.0.6106.39464</AssemblyVersion>
        <AssemblyVersion>0.0.6134.41045</AssemblyVersion>
        <AssemblyVersion>0.0.6142.19338</AssemblyVersion>
      </AssemblyInfo>
      <ReturnValue>
        <ReturnType>Vulkan.DeviceSize</ReturnType>
      </ReturnValue>
      <Docs>
        <summary>must: be a multiple of sname:VkPhysicalDeviceLimits::pname:minTexelBufferOffsetAlignment * If pname:range is not equal to ename:VK_WHOLE_SIZE: ** pname:range must: be greater than `0` ** pname:range must: be a multiple of the element size of pname:format ** pname:range divided by the element size of pname:format, must: be less than or equal to sname:VkPhysicalDeviceLimits::pname:maxTexelBufferElements ** the sum of pname:offset and pname:range must: be less than or equal to the size of pname:buffer</summary>
        <value>To be added.</value>
        <remarks></remarks>
      </Docs>
    </Member>
    <Member MemberName="Range">
      <MemberSignature Language="C#" Value="public Vulkan.DeviceSize Range { get; set; }" />
      <MemberSignature Language="ILAsm" Value=".property instance valuetype Vulkan.DeviceSize Range" />
      <MemberType>Property</MemberType>
      <AssemblyInfo>
        <AssemblyVersion>0.0.5950.20892</AssemblyVersion>
        <AssemblyVersion>0.0.6105.39043</AssemblyVersion>
        <AssemblyVersion>0.0.6106.39464</AssemblyVersion>
        <AssemblyVersion>0.0.6134.41045</AssemblyVersion>
        <AssemblyVersion>0.0.6142.19338</AssemblyVersion>
      </AssemblyInfo>
      <ReturnValue>
        <ReturnType>Vulkan.DeviceSize</ReturnType>
      </ReturnValue>
      <Docs>
        <summary>is a size in bytes of the buffer view. If pname:range is equal to ename:VK_WHOLE_SIZE, the range from pname:offset to the end of the buffer is used. If ename:VK_WHOLE_SIZE is used and the remaining size of the buffer is not a multiple of the element size of pname:format, then the nearest smaller multiple is used.</summary>
        <value>To be added.</value>
        <remarks></remarks>
      </Docs>
    </Member>
  </Members>
</Type>