﻿<?xml version="1.0" encoding="utf-8"?>
<Type Name="BufferCopy" FullName="Vulkan.BufferCopy">
  <TypeSignature Language="C#" Value="public struct BufferCopy" />
  <TypeSignature Language="ILAsm" Value=".class public sequential ansi sealed beforefieldinit BufferCopy extends System.ValueType" />
  <AssemblyInfo>
    <AssemblyName>Vulkan</AssemblyName>
    <AssemblyVersion>0.0.5950.20892</AssemblyVersion>
    <AssemblyVersion>0.0.6105.39043</AssemblyVersion>
    <AssemblyVersion>0.0.6106.39464</AssemblyVersion>
    <AssemblyVersion>0.0.6134.41045</AssemblyVersion>
    <AssemblyVersion>0.0.6142.19338</AssemblyVersion>
  </AssemblyInfo>
  <Base>
    <BaseTypeName>System.ValueType</BaseTypeName>
  </Base>
  <Interfaces />
  <Docs>
    <summary>Structure specifying a buffer copy operation</summary>
    <remarks></remarks>
  </Docs>
  <Members>
    <Member MemberName=".ctor">
      <MemberSignature Language="C#" Value="public BufferCopy ();" />
      <MemberSignature Language="ILAsm" Value=".method public hidebysig specialname rtspecialname instance void .ctor() cil managed" />
      <MemberType>Constructor</MemberType>
      <AssemblyInfo>
        <AssemblyVersion>0.0.5950.20892</AssemblyVersion>
      </AssemblyInfo>
      <Parameters />
      <Docs>
        <summary>To be added.</summary>
        <remarks>To be added.</remarks>
      </Docs>
    </Member>
    <Member MemberName="DstOffset">
      <MemberSignature Language="C#" Value="public Vulkan.DeviceSize DstOffset;" />
      <MemberSignature Language="ILAsm" Value=".field public valuetype Vulkan.DeviceSize DstOffset" />
      <MemberType>Field</MemberType>
      <AssemblyInfo>
        <AssemblyVersion>0.0.6105.39043</AssemblyVersion>
        <AssemblyVersion>0.0.6106.39464</AssemblyVersion>
        <AssemblyVersion>0.0.6134.41045</AssemblyVersion>
        <AssemblyVersion>0.0.6142.19338</AssemblyVersion>
      </AssemblyInfo>
      <ReturnValue>
        <ReturnType>Vulkan.DeviceSize</ReturnType>
      </ReturnValue>
      <Docs>
        <summary>is the starting offset in bytes from the start of pname:dstBuffer.</summary>
        <remarks></remarks>
      </Docs>
    </Member>
    <Member MemberName="DstOffset">
      <MemberSignature Language="C#" Value="public Vulkan.DeviceSize DstOffset { get; set; }" />
      <MemberSignature Language="ILAsm" Value=".property instance valuetype Vulkan.DeviceSize DstOffset" />
      <MemberType>Property</MemberType>
      <AssemblyInfo>
        <AssemblyVersion>0.0.5950.20892</AssemblyVersion>
      </AssemblyInfo>
      <ReturnValue>
        <ReturnType>Vulkan.DeviceSize</ReturnType>
      </ReturnValue>
      <Docs>
        <summary>is the starting offset in bytes from the start of pname:dstBuffer.</summary>
        <value>To be added.</value>
        <remarks></remarks>
      </Docs>
    </Member>
    <Member MemberName="Size">
      <MemberSignature Language="C#" Value="public Vulkan.DeviceSize Size;" />
      <MemberSignature Language="ILAsm" Value=".field public valuetype Vulkan.DeviceSize Size" />
      <MemberType>Field</MemberType>
      <AssemblyInfo>
        <AssemblyVersion>0.0.6105.39043</AssemblyVersion>
        <AssemblyVersion>0.0.6106.39464</AssemblyVersion>
        <AssemblyVersion>0.0.6134.41045</AssemblyVersion>
        <AssemblyVersion>0.0.6142.19338</AssemblyVersion>
      </AssemblyInfo>
      <ReturnValue>
        <ReturnType>Vulkan.DeviceSize</ReturnType>
      </ReturnValue>
      <Docs>
        <summary>is the number of bytes to copy.</summary>
        <remarks></remarks>
      </Docs>
    </Member>
    <Member MemberName="Size">
      <MemberSignature Language="C#" Value="public Vulkan.DeviceSize Size { get; set; }" />
      <MemberSignature Language="ILAsm" Value=".property instance valuetype Vulkan.DeviceSize Size" />
      <MemberType>Property</MemberType>
      <AssemblyInfo>
        <AssemblyVersion>0.0.5950.20892</AssemblyVersion>
      </AssemblyInfo>
      <ReturnValue>
        <ReturnType>Vulkan.DeviceSize</ReturnType>
      </ReturnValue>
      <Docs>
        <summary>is the number of bytes to copy.</summary>
        <value>To be added.</value>
        <remarks></remarks>
      </Docs>
    </Member>
    <Member MemberName="SrcOffset">
      <MemberSignature Language="C#" Value="public Vulkan.DeviceSize SrcOffset;" />
      <MemberSignature Language="ILAsm" Value=".field public valuetype Vulkan.DeviceSize SrcOffset" />
      <MemberType>Field</MemberType>
      <AssemblyInfo>
        <AssemblyVersion>0.0.6105.39043</AssemblyVersion>
        <AssemblyVersion>0.0.6106.39464</AssemblyVersion>
        <AssemblyVersion>0.0.6134.41045</AssemblyVersion>
        <AssemblyVersion>0.0.6142.19338</AssemblyVersion>
      </AssemblyInfo>
      <ReturnValue>
        <ReturnType>Vulkan.DeviceSize</ReturnType>
      </ReturnValue>
      <Docs>
        <summary>is the starting offset in bytes from the start of pname:srcBuffer.</summary>
        <remarks></remarks>
      </Docs>
    </Member>
    <Member MemberName="SrcOffset">
      <MemberSignature Language="C#" Value="public Vulkan.DeviceSize SrcOffset { get; set; }" />
      <MemberSignature Language="ILAsm" Value=".property instance valuetype Vulkan.DeviceSize SrcOffset" />
      <MemberType>Property</MemberType>
      <AssemblyInfo>
        <AssemblyVersion>0.0.5950.20892</AssemblyVersion>
      </AssemblyInfo>
      <ReturnValue>
        <ReturnType>Vulkan.DeviceSize</ReturnType>
      </ReturnValue>
      <Docs>
        <summary>is the starting offset in bytes from the start of pname:srcBuffer.</summary>
        <value>To be added.</value>
        <remarks></remarks>
      </Docs>
    </Member>
  </Members>
</Type>