﻿<?xml version="1.0" encoding="utf-8"?>
<Type Name="ClearRect" FullName="Vulkan.ClearRect">
  <TypeSignature Language="C#" Value="public struct ClearRect" />
  <TypeSignature Language="ILAsm" Value=".class public sequential ansi sealed beforefieldinit ClearRect extends System.ValueType" />
  <AssemblyInfo>
    <AssemblyName>Vulkan</AssemblyName>
    <AssemblyVersion>0.0.5950.20892</AssemblyVersion>
    <AssemblyVersion>0.0.6105.39043</AssemblyVersion>
    <AssemblyVersion>0.0.6106.39464</AssemblyVersion>
    <AssemblyVersion>0.0.6134.41045</AssemblyVersion>
    <AssemblyVersion>0.0.6142.19338</AssemblyVersion>
  </AssemblyInfo>
  <Base>
    <BaseTypeName>System.ValueType</BaseTypeName>
  </Base>
  <Interfaces />
  <Docs>
    <summary>Structure specifying a clear rectangle</summary>
    <remarks></remarks>
  </Docs>
  <Members>
    <Member MemberName=".ctor">
      <MemberSignature Language="C#" Value="public ClearRect ();" />
      <MemberSignature Language="ILAsm" Value=".method public hidebysig specialname rtspecialname instance void .ctor() cil managed" />
      <MemberType>Constructor</MemberType>
      <AssemblyInfo>
        <AssemblyVersion>0.0.5950.20892</AssemblyVersion>
      </AssemblyInfo>
      <Parameters />
      <Docs>
        <summary>To be added.</summary>
        <remarks>To be added.</remarks>
      </Docs>
    </Member>
    <Member MemberName="BaseArrayLayer">
      <MemberSignature Language="C#" Value="public uint BaseArrayLayer;" />
      <MemberSignature Language="ILAsm" Value=".field public unsigned int32 BaseArrayLayer" />
      <MemberType>Field</MemberType>
      <AssemblyInfo>
        <AssemblyVersion>0.0.6105.39043</AssemblyVersion>
        <AssemblyVersion>0.0.6106.39464</AssemblyVersion>
        <AssemblyVersion>0.0.6134.41045</AssemblyVersion>
        <AssemblyVersion>0.0.6142.19338</AssemblyVersion>
      </AssemblyInfo>
      <ReturnValue>
        <ReturnType>System.UInt32</ReturnType>
      </ReturnValue>
      <Docs>
        <summary>is the first layer to be cleared.</summary>
        <remarks></remarks>
      </Docs>
    </Member>
    <Member MemberName="BaseArrayLayer">
      <MemberSignature Language="C#" Value="public uint BaseArrayLayer { get; set; }" />
      <MemberSignature Language="ILAsm" Value=".property instance unsigned int32 BaseArrayLayer" />
      <MemberType>Property</MemberType>
      <AssemblyInfo>
        <AssemblyVersion>0.0.5950.20892</AssemblyVersion>
      </AssemblyInfo>
      <ReturnValue>
        <ReturnType>System.UInt32</ReturnType>
      </ReturnValue>
      <Docs>
        <summary>is the first layer to be cleared.</summary>
        <value>To be added.</value>
        <remarks></remarks>
      </Docs>
    </Member>
    <Member MemberName="LayerCount">
      <MemberSignature Language="C#" Value="public uint LayerCount;" />
      <MemberSignature Language="ILAsm" Value=".field public unsigned int32 LayerCount" />
      <MemberType>Field</MemberType>
      <AssemblyInfo>
        <AssemblyVersion>0.0.6105.39043</AssemblyVersion>
        <AssemblyVersion>0.0.6106.39464</AssemblyVersion>
        <AssemblyVersion>0.0.6134.41045</AssemblyVersion>
        <AssemblyVersion>0.0.6142.19338</AssemblyVersion>
      </AssemblyInfo>
      <ReturnValue>
        <ReturnType>System.UInt32</ReturnType>
      </ReturnValue>
      <Docs>
        <summary>is the number of layers to clear.</summary>
        <remarks></remarks>
      </Docs>
    </Member>
    <Member MemberName="LayerCount">
      <MemberSignature Language="C#" Value="public uint LayerCount { get; set; }" />
      <MemberSignature Language="ILAsm" Value=".property instance unsigned int32 LayerCount" />
      <MemberType>Property</MemberType>
      <AssemblyInfo>
        <AssemblyVersion>0.0.5950.20892</AssemblyVersion>
      </AssemblyInfo>
      <ReturnValue>
        <ReturnType>System.UInt32</ReturnType>
      </ReturnValue>
      <Docs>
        <summary>is the number of layers to clear.</summary>
        <value>To be added.</value>
        <remarks></remarks>
      </Docs>
    </Member>
    <Member MemberName="Rect">
      <MemberSignature Language="C#" Value="public Vulkan.Rect2D Rect;" />
      <MemberSignature Language="ILAsm" Value=".field public valuetype Vulkan.Rect2D Rect" />
      <MemberType>Field</MemberType>
      <AssemblyInfo>
        <AssemblyVersion>0.0.6105.39043</AssemblyVersion>
        <AssemblyVersion>0.0.6106.39464</AssemblyVersion>
        <AssemblyVersion>0.0.6134.41045</AssemblyVersion>
        <AssemblyVersion>0.0.6142.19338</AssemblyVersion>
      </AssemblyInfo>
      <ReturnValue>
        <ReturnType>Vulkan.Rect2D</ReturnType>
      </ReturnValue>
      <Docs>
        <summary>is the two-dimensional region to be cleared.</summary>
        <remarks></remarks>
      </Docs>
    </Member>
    <Member MemberName="Rect">
      <MemberSignature Language="C#" Value="public Vulkan.Rect2D Rect { get; set; }" />
      <MemberSignature Language="ILAsm" Value=".property instance class Vulkan.Rect2D Rect" />
      <MemberType>Property</MemberType>
      <AssemblyInfo>
        <AssemblyVersion>0.0.5950.20892</AssemblyVersion>
      </AssemblyInfo>
      <ReturnValue>
        <ReturnType>Vulkan.Rect2D</ReturnType>
      </ReturnValue>
      <Docs>
        <summary>is the two-dimensional region to be cleared.</summary>
        <value>To be added.</value>
        <remarks></remarks>
      </Docs>
    </Member>
  </Members>
</Type>