﻿<?xml version="1.0" encoding="utf-8"?>
<Type Name="ColorSpaceKhr" FullName="Vulkan.ColorSpaceKhr">
  <TypeSignature Language="C#" Value="public enum ColorSpaceKhr" />
  <TypeSignature Language="ILAsm" Value=".class public auto ansi sealed ColorSpaceKhr extends System.Enum" />
  <AssemblyInfo>
    <AssemblyName>Vulkan</AssemblyName>
    <AssemblyVersion>0.0.5950.20892</AssemblyVersion>
    <AssemblyVersion>0.0.6105.39043</AssemblyVersion>
    <AssemblyVersion>0.0.6106.39464</AssemblyVersion>
    <AssemblyVersion>0.0.6134.41045</AssemblyVersion>
    <AssemblyVersion>0.0.6142.19338</AssemblyVersion>
  </AssemblyInfo>
  <Base>
    <BaseTypeName>System.Enum</BaseTypeName>
  </Base>
  <Docs>
    <summary>- supported color space of the presentation engine</summary>
    <remarks></remarks>
  </Docs>
  <Members>
    <Member MemberName="SrgbNonlinear">
      <MemberSignature Language="C#" Value="SrgbNonlinear" />
      <MemberSignature Language="ILAsm" Value=".field public static literal valuetype Vulkan.ColorSpaceKhr SrgbNonlinear = int32(0)" />
      <MemberType>Field</MemberType>
      <AssemblyInfo>
        <AssemblyVersion>0.0.5950.20892</AssemblyVersion>
        <AssemblyVersion>0.0.6105.39043</AssemblyVersion>
        <AssemblyVersion>0.0.6106.39464</AssemblyVersion>
        <AssemblyVersion>0.0.6134.41045</AssemblyVersion>
        <AssemblyVersion>0.0.6142.19338</AssemblyVersion>
      </AssemblyInfo>
      <ReturnValue>
        <ReturnType>Vulkan.ColorSpaceKhr</ReturnType>
      </ReturnValue>
      <Docs>
        <summary>To be added.</summary>
      </Docs>
    </Member>
  </Members>
</Type>