<Type Name="Commands" FullName="Vulkan.Commands">
  <TypeSignature Language="C#" Value="public static class Commands" />
  <TypeSignature Language="ILAsm" Value=".class public auto ansi abstract sealed beforefieldinit Commands extends System.Object" />
  <AssemblyInfo>
    <AssemblyName>Vulkan</AssemblyName>
    <AssemblyVersion>0.0.6105.39043</AssemblyVersion>
    <AssemblyVersion>0.0.6106.39464</AssemblyVersion>
    <AssemblyVersion>0.0.6134.41045</AssemblyVersion>
    <AssemblyVersion>0.0.6142.19338</AssemblyVersion>
  </AssemblyInfo>
  <Base>
    <BaseTypeName>System.Object</BaseTypeName>
  </Base>
  <Interfaces />
  <Docs>
    <summary>To be added.</summary>
    <remarks>To be added.</remarks>
  </Docs>
  <Members>
    <Member MemberName="EnumerateInstanceExtensionProperties">
      <MemberSignature Language="C#" Value="public static Vulkan.ExtensionProperties[] EnumerateInstanceExtensionProperties (string pLayerName = null);" />
      <MemberSignature Language="ILAsm" Value=".method public static hidebysig class Vulkan.ExtensionProperties[] EnumerateInstanceExtensionProperties(string pLayerName) cil managed" />
      <MemberType>Method</MemberType>
      <AssemblyInfo>
        <AssemblyVersion>0.0.6105.39043</AssemblyVersion>
        <AssemblyVersion>0.0.6106.39464</AssemblyVersion>
        <AssemblyVersion>0.0.6134.41045</AssemblyVersion>
        <AssemblyVersion>0.0.6142.19338</AssemblyVersion>
      </AssemblyInfo>
      <ReturnValue>
        <ReturnType>Vulkan.ExtensionProperties[]</ReturnType>
      </ReturnValue>
      <Parameters>
        <Parameter Name="pLayerName" Type="System.String" />
      </Parameters>
      <Docs>
        <param name="pLayerName">To be added.</param>
        <summary>To be added.</summary>
        <returns>To be added.</returns>
        <remarks>To be added.</remarks>
      </Docs>
    </Member>
    <Member MemberName="EnumerateInstanceLayerProperties">
      <MemberSignature Language="C#" Value="public static Vulkan.LayerProperties[] EnumerateInstanceLayerProperties ();" />
      <MemberSignature Language="ILAsm" Value=".method public static hidebysig class Vulkan.LayerProperties[] EnumerateInstanceLayerProperties() cil managed" />
      <MemberType>Method</MemberType>
      <AssemblyInfo>
        <AssemblyVersion>0.0.6105.39043</AssemblyVersion>
        <AssemblyVersion>0.0.6106.39464</AssemblyVersion>
        <AssemblyVersion>0.0.6134.41045</AssemblyVersion>
        <AssemblyVersion>0.0.6142.19338</AssemblyVersion>
      </AssemblyInfo>
      <ReturnValue>
        <ReturnType>Vulkan.LayerProperties[]</ReturnType>
      </ReturnValue>
      <Parameters />
      <Docs>
        <summary>To be added.</summary>
        <returns>To be added.</returns>
        <remarks>To be added.</remarks>
      </Docs>
    </Member>
  </Members>
</Type>
