﻿<?xml version="1.0" encoding="utf-8"?>
<Type Name="CommandPoolCreateInfo" FullName="Vulkan.CommandPoolCreateInfo">
  <TypeSignature Language="C#" Value="public class CommandPoolCreateInfo : Vulkan.MarshalledObject" />
  <TypeSignature Language="ILAsm" Value=".class public auto ansi beforefieldinit CommandPoolCreateInfo extends Vulkan.MarshalledObject" />
  <AssemblyInfo>
    <AssemblyName>Vulkan</AssemblyName>
    <AssemblyVersion>0.0.5950.20892</AssemblyVersion>
    <AssemblyVersion>0.0.6105.39043</AssemblyVersion>
    <AssemblyVersion>0.0.6106.39464</AssemblyVersion>
    <AssemblyVersion>0.0.6134.41045</AssemblyVersion>
    <AssemblyVersion>0.0.6142.19338</AssemblyVersion>
  </AssemblyInfo>
  <Base>
    <BaseTypeName>Vulkan.MarshalledObject</BaseTypeName>
  </Base>
  <Interfaces />
  <Docs>
    <summary>Structure specifying parameters of a newly created command pool</summary>
    <remarks></remarks>
  </Docs>
  <Members>
    <Member MemberName=".ctor">
      <MemberSignature Language="C#" Value="public CommandPoolCreateInfo ();" />
      <MemberSignature Language="ILAsm" Value=".method public hidebysig specialname rtspecialname instance void .ctor() cil managed" />
      <MemberType>Constructor</MemberType>
      <AssemblyInfo>
        <AssemblyVersion>0.0.5950.20892</AssemblyVersion>
        <AssemblyVersion>0.0.6105.39043</AssemblyVersion>
        <AssemblyVersion>0.0.6106.39464</AssemblyVersion>
        <AssemblyVersion>0.0.6134.41045</AssemblyVersion>
        <AssemblyVersion>0.0.6142.19338</AssemblyVersion>
      </AssemblyInfo>
      <Parameters />
      <Docs>
        <summary>To be added.</summary>
        <remarks>To be added.</remarks>
      </Docs>
    </Member>
    <Member MemberName="Flags">
      <MemberSignature Language="C#" Value="public Vulkan.CommandPoolCreateFlags Flags { get; set; }" />
      <MemberSignature Language="ILAsm" Value=".property instance valuetype Vulkan.CommandPoolCreateFlags Flags" />
      <MemberType>Property</MemberType>
      <AssemblyInfo>
        <AssemblyVersion>0.0.5950.20892</AssemblyVersion>
        <AssemblyVersion>0.0.6105.39043</AssemblyVersion>
        <AssemblyVersion>0.0.6106.39464</AssemblyVersion>
        <AssemblyVersion>0.0.6134.41045</AssemblyVersion>
        <AssemblyVersion>0.0.6142.19338</AssemblyVersion>
      </AssemblyInfo>
      <ReturnValue>
        <ReturnType>Vulkan.CommandPoolCreateFlags</ReturnType>
      </ReturnValue>
      <Docs>
        <summary>To be added.</summary>
        <value>To be added.</value>
        <remarks>To be added.</remarks>
      </Docs>
    </Member>
    <Member MemberName="QueueFamilyIndex">
      <MemberSignature Language="C#" Value="public uint QueueFamilyIndex { get; set; }" />
      <MemberSignature Language="ILAsm" Value=".property instance unsigned int32 QueueFamilyIndex" />
      <MemberType>Property</MemberType>
      <AssemblyInfo>
        <AssemblyVersion>0.0.5950.20892</AssemblyVersion>
        <AssemblyVersion>0.0.6105.39043</AssemblyVersion>
        <AssemblyVersion>0.0.6106.39464</AssemblyVersion>
        <AssemblyVersion>0.0.6134.41045</AssemblyVersion>
        <AssemblyVersion>0.0.6142.19338</AssemblyVersion>
      </AssemblyInfo>
      <ReturnValue>
        <ReturnType>System.UInt32</ReturnType>
      </ReturnValue>
      <Docs>
        <summary>To be added.</summary>
        <value>To be added.</value>
        <remarks>To be added.</remarks>
      </Docs>
    </Member>
  </Members>
</Type>