﻿<?xml version="1.0" encoding="utf-8"?>
<Type Name="CommandBufferInheritanceInfo" FullName="Vulkan.CommandBufferInheritanceInfo">
  <TypeSignature Language="C#" Value="public class CommandBufferInheritanceInfo : Vulkan.MarshalledObject" />
  <TypeSignature Language="ILAsm" Value=".class public auto ansi beforefieldinit CommandBufferInheritanceInfo extends Vulkan.MarshalledObject" />
  <AssemblyInfo>
    <AssemblyName>Vulkan</AssemblyName>
    <AssemblyVersion>0.0.5950.20892</AssemblyVersion>
    <AssemblyVersion>0.0.6105.39043</AssemblyVersion>
    <AssemblyVersion>0.0.6106.39464</AssemblyVersion>
    <AssemblyVersion>0.0.6134.41045</AssemblyVersion>
    <AssemblyVersion>0.0.6142.19338</AssemblyVersion>
  </AssemblyInfo>
  <Base>
    <BaseTypeName>Vulkan.MarshalledObject</BaseTypeName>
  </Base>
  <Interfaces />
  <Docs>
    <summary>Structure specifying command buffer inheritance info</summary>
    <remarks></remarks>
  </Docs>
  <Members>
    <Member MemberName=".ctor">
      <MemberSignature Language="C#" Value="public CommandBufferInheritanceInfo ();" />
      <MemberSignature Language="ILAsm" Value=".method public hidebysig specialname rtspecialname instance void .ctor() cil managed" />
      <MemberType>Constructor</MemberType>
      <AssemblyInfo>
        <AssemblyVersion>0.0.5950.20892</AssemblyVersion>
        <AssemblyVersion>0.0.6105.39043</AssemblyVersion>
        <AssemblyVersion>0.0.6106.39464</AssemblyVersion>
        <AssemblyVersion>0.0.6134.41045</AssemblyVersion>
        <AssemblyVersion>0.0.6142.19338</AssemblyVersion>
      </AssemblyInfo>
      <Parameters />
      <Docs>
        <summary>To be added.</summary>
        <remarks>To be added.</remarks>
      </Docs>
    </Member>
    <Member MemberName="Framebuffer">
      <MemberSignature Language="C#" Value="public Vulkan.Framebuffer Framebuffer { get; set; }" />
      <MemberSignature Language="ILAsm" Value=".property instance class Vulkan.Framebuffer Framebuffer" />
      <MemberType>Property</MemberType>
      <AssemblyInfo>
        <AssemblyVersion>0.0.5950.20892</AssemblyVersion>
        <AssemblyVersion>0.0.6105.39043</AssemblyVersion>
        <AssemblyVersion>0.0.6106.39464</AssemblyVersion>
        <AssemblyVersion>0.0.6134.41045</AssemblyVersion>
        <AssemblyVersion>0.0.6142.19338</AssemblyVersion>
      </AssemblyInfo>
      <ReturnValue>
        <ReturnType>Vulkan.Framebuffer</ReturnType>
      </ReturnValue>
      <Docs>
        <summary>optionally refers to the sname:VkFramebuffer object that the sname:VkCommandBuffer will be rendering to if it is executed within a render pass instance. It can: be dlink:VK_NULL_HANDLE if the framebuffer is not known, or if the sname:VkCommandBuffer will not be executed within a render pass instance. + [NOTE] .Note ==== Specifying the exact framebuffer that the secondary command buffer will be executed with may: result in better performance at command buffer execution time. ====</summary>
        <value>To be added.</value>
        <remarks></remarks>
      </Docs>
    </Member>
    <Member MemberName="OcclusionQueryEnable">
      <MemberSignature Language="C#" Value="public bool OcclusionQueryEnable { get; set; }" />
      <MemberSignature Language="ILAsm" Value=".property instance bool OcclusionQueryEnable" />
      <MemberType>Property</MemberType>
      <AssemblyInfo>
        <AssemblyVersion>0.0.5950.20892</AssemblyVersion>
        <AssemblyVersion>0.0.6105.39043</AssemblyVersion>
        <AssemblyVersion>0.0.6106.39464</AssemblyVersion>
        <AssemblyVersion>0.0.6134.41045</AssemblyVersion>
        <AssemblyVersion>0.0.6142.19338</AssemblyVersion>
      </AssemblyInfo>
      <ReturnValue>
        <ReturnType>System.Boolean</ReturnType>
      </ReturnValue>
      <Docs>
        <summary>indicates whether the command buffer can: be executed while an occlusion query is active in the primary command buffer. If this is ename:VK_TRUE, then this command buffer can: be executed whether the primary command buffer has an occlusion query active or not. If this is ename:VK_FALSE, then the primary command buffer must: not have an occlusion query active.</summary>
        <value>To be added.</value>
        <remarks></remarks>
      </Docs>
    </Member>
    <Member MemberName="PipelineStatistics">
      <MemberSignature Language="C#" Value="public Vulkan.QueryPipelineStatisticFlags PipelineStatistics { get; set; }" />
      <MemberSignature Language="ILAsm" Value=".property instance valuetype Vulkan.QueryPipelineStatisticFlags PipelineStatistics" />
      <MemberType>Property</MemberType>
      <AssemblyInfo>
        <AssemblyVersion>0.0.5950.20892</AssemblyVersion>
        <AssemblyVersion>0.0.6105.39043</AssemblyVersion>
        <AssemblyVersion>0.0.6106.39464</AssemblyVersion>
        <AssemblyVersion>0.0.6134.41045</AssemblyVersion>
        <AssemblyVersion>0.0.6142.19338</AssemblyVersion>
      </AssemblyInfo>
      <ReturnValue>
        <ReturnType>Vulkan.QueryPipelineStatisticFlags</ReturnType>
      </ReturnValue>
      <Docs>
        <summary>indicates the set of pipeline statistics that can: be counted by an active query in the primary command buffer when this secondary command buffer is executed. If this value includes a given bit, then this command buffer can: be executed whether the primary command buffer has a pipeline statistics query active that includes this bit or not. If this value excludes a given bit, then the active pipeline statistics query must: not be from a query pool that counts that statistic.</summary>
        <value>To be added.</value>
        <remarks></remarks>
      </Docs>
    </Member>
    <Member MemberName="QueryFlags">
      <MemberSignature Language="C#" Value="public Vulkan.QueryControlFlags QueryFlags { get; set; }" />
      <MemberSignature Language="ILAsm" Value=".property instance valuetype Vulkan.QueryControlFlags QueryFlags" />
      <MemberType>Property</MemberType>
      <AssemblyInfo>
        <AssemblyVersion>0.0.5950.20892</AssemblyVersion>
        <AssemblyVersion>0.0.6105.39043</AssemblyVersion>
        <AssemblyVersion>0.0.6106.39464</AssemblyVersion>
        <AssemblyVersion>0.0.6134.41045</AssemblyVersion>
        <AssemblyVersion>0.0.6142.19338</AssemblyVersion>
      </AssemblyInfo>
      <ReturnValue>
        <ReturnType>Vulkan.QueryControlFlags</ReturnType>
      </ReturnValue>
      <Docs>
        <summary>indicates the query flags that can: be used by an active occlusion query in the primary command buffer when this secondary command buffer is executed. If this value includes the ename:VK_QUERY_CONTROL_PRECISE_BIT bit, then the active query can: return boolean results or actual sample counts. If this bit is not set, then the active query must: not use the ename:VK_QUERY_CONTROL_PRECISE_BIT bit.</summary>
        <value>To be added.</value>
        <remarks></remarks>
      </Docs>
    </Member>
    <Member MemberName="RenderPass">
      <MemberSignature Language="C#" Value="public Vulkan.RenderPass RenderPass { get; set; }" />
      <MemberSignature Language="ILAsm" Value=".property instance class Vulkan.RenderPass RenderPass" />
      <MemberType>Property</MemberType>
      <AssemblyInfo>
        <AssemblyVersion>0.0.5950.20892</AssemblyVersion>
        <AssemblyVersion>0.0.6105.39043</AssemblyVersion>
        <AssemblyVersion>0.0.6106.39464</AssemblyVersion>
        <AssemblyVersion>0.0.6134.41045</AssemblyVersion>
        <AssemblyVersion>0.0.6142.19338</AssemblyVersion>
      </AssemblyInfo>
      <ReturnValue>
        <ReturnType>Vulkan.RenderPass</ReturnType>
      </ReturnValue>
      <Docs>
        <summary>is a sname:VkRenderPass object defining which render passes the sname:VkCommandBuffer will be &lt;&lt;renderpass-compatibility, compatible&gt;&gt; with and can: be executed within. If the sname:VkCommandBuffer will not be executed within a render pass instance, pname:renderPass is ignored.</summary>
        <value>To be added.</value>
        <remarks></remarks>
      </Docs>
    </Member>
    <Member MemberName="Subpass">
      <MemberSignature Language="C#" Value="public uint Subpass { get; set; }" />
      <MemberSignature Language="ILAsm" Value=".property instance unsigned int32 Subpass" />
      <MemberType>Property</MemberType>
      <AssemblyInfo>
        <AssemblyVersion>0.0.5950.20892</AssemblyVersion>
        <AssemblyVersion>0.0.6105.39043</AssemblyVersion>
        <AssemblyVersion>0.0.6106.39464</AssemblyVersion>
        <AssemblyVersion>0.0.6134.41045</AssemblyVersion>
        <AssemblyVersion>0.0.6142.19338</AssemblyVersion>
      </AssemblyInfo>
      <ReturnValue>
        <ReturnType>System.UInt32</ReturnType>
      </ReturnValue>
      <Docs>
        <summary>is the index of the subpass within the render pass instance that the sname:VkCommandBuffer will be executed within. If the sname:VkCommandBuffer will not be executed within a render pass instance, pname:subpass is ignored.</summary>
        <value>To be added.</value>
        <remarks></remarks>
      </Docs>
    </Member>
  </Members>
</Type>