﻿<?xml version="1.0" encoding="utf-8"?>
<Type Name="ComponentMapping" FullName="Vulkan.ComponentMapping">
  <TypeSignature Language="C#" Value="public struct ComponentMapping" />
  <TypeSignature Language="ILAsm" Value=".class public sequential ansi sealed beforefieldinit ComponentMapping extends System.ValueType" />
  <AssemblyInfo>
    <AssemblyName>Vulkan</AssemblyName>
    <AssemblyVersion>0.0.5950.20892</AssemblyVersion>
    <AssemblyVersion>0.0.6105.39043</AssemblyVersion>
    <AssemblyVersion>0.0.6106.39464</AssemblyVersion>
    <AssemblyVersion>0.0.6134.41045</AssemblyVersion>
    <AssemblyVersion>0.0.6142.19338</AssemblyVersion>
  </AssemblyInfo>
  <Base>
    <BaseTypeName>System.ValueType</BaseTypeName>
  </Base>
  <Interfaces />
  <Docs>
    <summary>Structure specifying a color component mapping</summary>
    <remarks></remarks>
  </Docs>
  <Members>
    <Member MemberName=".ctor">
      <MemberSignature Language="C#" Value="public ComponentMapping ();" />
      <MemberSignature Language="ILAsm" Value=".method public hidebysig specialname rtspecialname instance void .ctor() cil managed" />
      <MemberType>Constructor</MemberType>
      <AssemblyInfo>
        <AssemblyVersion>0.0.5950.20892</AssemblyVersion>
      </AssemblyInfo>
      <Parameters />
      <Docs>
        <summary>To be added.</summary>
        <remarks>To be added.</remarks>
      </Docs>
    </Member>
    <Member MemberName="A">
      <MemberSignature Language="C#" Value="public Vulkan.ComponentSwizzle A;" />
      <MemberSignature Language="ILAsm" Value=".field public valuetype Vulkan.ComponentSwizzle A" />
      <MemberType>Field</MemberType>
      <AssemblyInfo>
        <AssemblyVersion>0.0.6105.39043</AssemblyVersion>
        <AssemblyVersion>0.0.6106.39464</AssemblyVersion>
        <AssemblyVersion>0.0.6134.41045</AssemblyVersion>
        <AssemblyVersion>0.0.6142.19338</AssemblyVersion>
      </AssemblyInfo>
      <ReturnValue>
        <ReturnType>Vulkan.ComponentSwizzle</ReturnType>
      </ReturnValue>
      <Docs>
        <summary>determines the component value placed in the A component of the output vector.</summary>
        <remarks></remarks>
      </Docs>
    </Member>
    <Member MemberName="A">
      <MemberSignature Language="C#" Value="public Vulkan.ComponentSwizzle A { get; set; }" />
      <MemberSignature Language="ILAsm" Value=".property instance valuetype Vulkan.ComponentSwizzle A" />
      <MemberType>Property</MemberType>
      <AssemblyInfo>
        <AssemblyVersion>0.0.5950.20892</AssemblyVersion>
      </AssemblyInfo>
      <ReturnValue>
        <ReturnType>Vulkan.ComponentSwizzle</ReturnType>
      </ReturnValue>
      <Docs>
        <summary>determines the component value placed in the A component of the output vector.</summary>
        <value>To be added.</value>
        <remarks></remarks>
      </Docs>
    </Member>
    <Member MemberName="B">
      <MemberSignature Language="C#" Value="public Vulkan.ComponentSwizzle B;" />
      <MemberSignature Language="ILAsm" Value=".field public valuetype Vulkan.ComponentSwizzle B" />
      <MemberType>Field</MemberType>
      <AssemblyInfo>
        <AssemblyVersion>0.0.6105.39043</AssemblyVersion>
        <AssemblyVersion>0.0.6106.39464</AssemblyVersion>
        <AssemblyVersion>0.0.6134.41045</AssemblyVersion>
        <AssemblyVersion>0.0.6142.19338</AssemblyVersion>
      </AssemblyInfo>
      <ReturnValue>
        <ReturnType>Vulkan.ComponentSwizzle</ReturnType>
      </ReturnValue>
      <Docs>
        <summary>determines the component value placed in the B component of the output vector.</summary>
        <remarks></remarks>
      </Docs>
    </Member>
    <Member MemberName="B">
      <MemberSignature Language="C#" Value="public Vulkan.ComponentSwizzle B { get; set; }" />
      <MemberSignature Language="ILAsm" Value=".property instance valuetype Vulkan.ComponentSwizzle B" />
      <MemberType>Property</MemberType>
      <AssemblyInfo>
        <AssemblyVersion>0.0.5950.20892</AssemblyVersion>
      </AssemblyInfo>
      <ReturnValue>
        <ReturnType>Vulkan.ComponentSwizzle</ReturnType>
      </ReturnValue>
      <Docs>
        <summary>determines the component value placed in the B component of the output vector.</summary>
        <value>To be added.</value>
        <remarks></remarks>
      </Docs>
    </Member>
    <Member MemberName="G">
      <MemberSignature Language="C#" Value="public Vulkan.ComponentSwizzle G;" />
      <MemberSignature Language="ILAsm" Value=".field public valuetype Vulkan.ComponentSwizzle G" />
      <MemberType>Field</MemberType>
      <AssemblyInfo>
        <AssemblyVersion>0.0.6105.39043</AssemblyVersion>
        <AssemblyVersion>0.0.6106.39464</AssemblyVersion>
        <AssemblyVersion>0.0.6134.41045</AssemblyVersion>
        <AssemblyVersion>0.0.6142.19338</AssemblyVersion>
      </AssemblyInfo>
      <ReturnValue>
        <ReturnType>Vulkan.ComponentSwizzle</ReturnType>
      </ReturnValue>
      <Docs>
        <summary>determines the component value placed in the G component of the output vector.</summary>
        <remarks></remarks>
      </Docs>
    </Member>
    <Member MemberName="G">
      <MemberSignature Language="C#" Value="public Vulkan.ComponentSwizzle G { get; set; }" />
      <MemberSignature Language="ILAsm" Value=".property instance valuetype Vulkan.ComponentSwizzle G" />
      <MemberType>Property</MemberType>
      <AssemblyInfo>
        <AssemblyVersion>0.0.5950.20892</AssemblyVersion>
      </AssemblyInfo>
      <ReturnValue>
        <ReturnType>Vulkan.ComponentSwizzle</ReturnType>
      </ReturnValue>
      <Docs>
        <summary>determines the component value placed in the G component of the output vector.</summary>
        <value>To be added.</value>
        <remarks></remarks>
      </Docs>
    </Member>
    <Member MemberName="R">
      <MemberSignature Language="C#" Value="public Vulkan.ComponentSwizzle R;" />
      <MemberSignature Language="ILAsm" Value=".field public valuetype Vulkan.ComponentSwizzle R" />
      <MemberType>Field</MemberType>
      <AssemblyInfo>
        <AssemblyVersion>0.0.6105.39043</AssemblyVersion>
        <AssemblyVersion>0.0.6106.39464</AssemblyVersion>
        <AssemblyVersion>0.0.6134.41045</AssemblyVersion>
        <AssemblyVersion>0.0.6142.19338</AssemblyVersion>
      </AssemblyInfo>
      <ReturnValue>
        <ReturnType>Vulkan.ComponentSwizzle</ReturnType>
      </ReturnValue>
      <Docs>
        <summary>determines the component value placed in the R component of the output vector.</summary>
        <remarks></remarks>
      </Docs>
    </Member>
    <Member MemberName="R">
      <MemberSignature Language="C#" Value="public Vulkan.ComponentSwizzle R { get; set; }" />
      <MemberSignature Language="ILAsm" Value=".property instance valuetype Vulkan.ComponentSwizzle R" />
      <MemberType>Property</MemberType>
      <AssemblyInfo>
        <AssemblyVersion>0.0.5950.20892</AssemblyVersion>
      </AssemblyInfo>
      <ReturnValue>
        <ReturnType>Vulkan.ComponentSwizzle</ReturnType>
      </ReturnValue>
      <Docs>
        <summary>determines the component value placed in the R component of the output vector.</summary>
        <value>To be added.</value>
        <remarks></remarks>
      </Docs>
    </Member>
  </Members>
</Type>