<Type Name="DebugReportCallbackExt" FullName="Vulkan.DebugReportCallbackExt">
  <TypeSignature Language="C#" Value="public class DebugReportCallbackExt : Vulkan.INonDispatchableHandleMarshalling" />
  <TypeSignature Language="ILAsm" Value=".class public auto ansi beforefieldinit DebugReportCallbackExt extends System.Object implements class Vulkan.INonDispatchableHandleMarshalling" />
  <AssemblyInfo>
    <AssemblyName>Vulkan</AssemblyName>
    <AssemblyVersion>0.0.5950.20892</AssemblyVersion>
    <AssemblyVersion>0.0.6105.39043</AssemblyVersion>
    <AssemblyVersion>0.0.6106.39464</AssemblyVersion>
    <AssemblyVersion>0.0.6134.41045</AssemblyVersion>
    <AssemblyVersion>0.0.6142.19338</AssemblyVersion>
  </AssemblyInfo>
  <Base>
    <BaseTypeName>System.Object</BaseTypeName>
  </Base>
  <Interfaces>
    <Interface>
      <InterfaceName>Vulkan.INonDispatchableHandleMarshalling</InterfaceName>
    </Interface>
  </Interfaces>
  <Docs>
    <summary>To be added.</summary>
    <remarks>To be added.</remarks>
  </Docs>
  <Members>
    <Member MemberName=".ctor">
      <MemberSignature Language="C#" Value="public DebugReportCallbackExt ();" />
      <MemberSignature Language="ILAsm" Value=".method public hidebysig specialname rtspecialname instance void .ctor() cil managed" />
      <MemberType>Constructor</MemberType>
      <AssemblyInfo>
        <AssemblyVersion>0.0.5950.20892</AssemblyVersion>
      </AssemblyInfo>
      <Parameters />
      <Docs>
        <summary>To be added.</summary>
        <remarks>To be added.</remarks>
      </Docs>
    </Member>
    <Member MemberName="Vulkan.INonDispatchableHandleMarshalling.Handle">
      <MemberSignature Language="C#" Value="ulong Vulkan.INonDispatchableHandleMarshalling.Handle { get; }" />
      <MemberSignature Language="ILAsm" Value=".property instance unsigned int64 Vulkan.INonDispatchableHandleMarshalling.Handle" />
      <MemberType>Property</MemberType>
      <AssemblyInfo>
        <AssemblyVersion>0.0.6105.39043</AssemblyVersion>
        <AssemblyVersion>0.0.6106.39464</AssemblyVersion>
        <AssemblyVersion>0.0.6134.41045</AssemblyVersion>
        <AssemblyVersion>0.0.6142.19338</AssemblyVersion>
      </AssemblyInfo>
      <ReturnValue>
        <ReturnType>System.UInt64</ReturnType>
      </ReturnValue>
      <Docs>
        <summary>To be added.</summary>
        <value>To be added.</value>
        <remarks>To be added.</remarks>
      </Docs>
    </Member>
  </Members>
</Type>
