﻿<?xml version="1.0" encoding="utf-8"?>
<Type Name="DebugReportErrorExt" FullName="Vulkan.DebugReportErrorExt">
  <TypeSignature Language="C#" Value="public enum DebugReportErrorExt" />
  <TypeSignature Language="ILAsm" Value=".class public auto ansi sealed DebugReportErrorExt extends System.Enum" />
  <AssemblyInfo>
    <AssemblyName>Vulkan</AssemblyName>
    <AssemblyVersion>0.0.5950.20892</AssemblyVersion>
    <AssemblyVersion>0.0.6105.39043</AssemblyVersion>
    <AssemblyVersion>0.0.6106.39464</AssemblyVersion>
    <AssemblyVersion>0.0.6134.41045</AssemblyVersion>
    <AssemblyVersion>0.0.6142.19338</AssemblyVersion>
  </AssemblyInfo>
  <Base>
    <BaseTypeName>System.Enum</BaseTypeName>
  </Base>
  <Docs>
    <summary>Unknown VK_EXT_debug_report enumeration type</summary>
    <remarks></remarks>
  </Docs>
  <Members>
    <Member MemberName="CallbackRef">
      <MemberSignature Language="C#" Value="CallbackRef" />
      <MemberSignature Language="ILAsm" Value=".field public static literal valuetype Vulkan.DebugReportErrorExt CallbackRef = int32(1)" />
      <MemberType>Field</MemberType>
      <AssemblyInfo>
        <AssemblyVersion>0.0.5950.20892</AssemblyVersion>
        <AssemblyVersion>0.0.6105.39043</AssemblyVersion>
        <AssemblyVersion>0.0.6106.39464</AssemblyVersion>
        <AssemblyVersion>0.0.6134.41045</AssemblyVersion>
        <AssemblyVersion>0.0.6142.19338</AssemblyVersion>
      </AssemblyInfo>
      <ReturnValue>
        <ReturnType>Vulkan.DebugReportErrorExt</ReturnType>
      </ReturnValue>
      <Docs>
        <summary>To be added.</summary>
      </Docs>
    </Member>
    <Member MemberName="None">
      <MemberSignature Language="C#" Value="None" />
      <MemberSignature Language="ILAsm" Value=".field public static literal valuetype Vulkan.DebugReportErrorExt None = int32(0)" />
      <MemberType>Field</MemberType>
      <AssemblyInfo>
        <AssemblyVersion>0.0.5950.20892</AssemblyVersion>
        <AssemblyVersion>0.0.6105.39043</AssemblyVersion>
        <AssemblyVersion>0.0.6106.39464</AssemblyVersion>
        <AssemblyVersion>0.0.6134.41045</AssemblyVersion>
        <AssemblyVersion>0.0.6142.19338</AssemblyVersion>
      </AssemblyInfo>
      <ReturnValue>
        <ReturnType>Vulkan.DebugReportErrorExt</ReturnType>
      </ReturnValue>
      <Docs>
        <summary>To be added.</summary>
      </Docs>
    </Member>
  </Members>
</Type>