﻿<?xml version="1.0" encoding="utf-8"?>
<Type Name="DescriptorSetLayoutBinding" FullName="Vulkan.DescriptorSetLayoutBinding">
  <TypeSignature Language="C#" Value="public class DescriptorSetLayoutBinding : Vulkan.MarshalledObject" />
  <TypeSignature Language="ILAsm" Value=".class public auto ansi beforefieldinit DescriptorSetLayoutBinding extends Vulkan.MarshalledObject" />
  <AssemblyInfo>
    <AssemblyName>Vulkan</AssemblyName>
    <AssemblyVersion>0.0.5950.20892</AssemblyVersion>
    <AssemblyVersion>0.0.6105.39043</AssemblyVersion>
    <AssemblyVersion>0.0.6106.39464</AssemblyVersion>
    <AssemblyVersion>0.0.6134.41045</AssemblyVersion>
    <AssemblyVersion>0.0.6142.19338</AssemblyVersion>
  </AssemblyInfo>
  <Base>
    <BaseTypeName>Vulkan.MarshalledObject</BaseTypeName>
  </Base>
  <Interfaces />
  <Docs>
    <summary>Structure specifying a descriptor set layout binding</summary>
    <remarks></remarks>
  </Docs>
  <Members>
    <Member MemberName=".ctor">
      <MemberSignature Language="C#" Value="public DescriptorSetLayoutBinding ();" />
      <MemberSignature Language="ILAsm" Value=".method public hidebysig specialname rtspecialname instance void .ctor() cil managed" />
      <MemberType>Constructor</MemberType>
      <AssemblyInfo>
        <AssemblyVersion>0.0.5950.20892</AssemblyVersion>
        <AssemblyVersion>0.0.6105.39043</AssemblyVersion>
        <AssemblyVersion>0.0.6106.39464</AssemblyVersion>
        <AssemblyVersion>0.0.6134.41045</AssemblyVersion>
        <AssemblyVersion>0.0.6142.19338</AssemblyVersion>
      </AssemblyInfo>
      <Parameters />
      <Docs>
        <summary>To be added.</summary>
        <remarks>To be added.</remarks>
      </Docs>
    </Member>
    <Member MemberName="Binding">
      <MemberSignature Language="C#" Value="public uint Binding { get; set; }" />
      <MemberSignature Language="ILAsm" Value=".property instance unsigned int32 Binding" />
      <MemberType>Property</MemberType>
      <AssemblyInfo>
        <AssemblyVersion>0.0.5950.20892</AssemblyVersion>
        <AssemblyVersion>0.0.6105.39043</AssemblyVersion>
        <AssemblyVersion>0.0.6106.39464</AssemblyVersion>
        <AssemblyVersion>0.0.6134.41045</AssemblyVersion>
        <AssemblyVersion>0.0.6142.19338</AssemblyVersion>
      </AssemblyInfo>
      <ReturnValue>
        <ReturnType>System.UInt32</ReturnType>
      </ReturnValue>
      <Docs>
        <summary>is the binding number of this entry and corresponds to a resource of the same binding number in the shader stages.</summary>
        <value>To be added.</value>
        <remarks></remarks>
      </Docs>
    </Member>
    <Member MemberName="DescriptorCount">
      <MemberSignature Language="C#" Value="public uint DescriptorCount { get; set; }" />
      <MemberSignature Language="ILAsm" Value=".property instance unsigned int32 DescriptorCount" />
      <MemberType>Property</MemberType>
      <AssemblyInfo>
        <AssemblyVersion>0.0.5950.20892</AssemblyVersion>
        <AssemblyVersion>0.0.6105.39043</AssemblyVersion>
        <AssemblyVersion>0.0.6106.39464</AssemblyVersion>
        <AssemblyVersion>0.0.6134.41045</AssemblyVersion>
        <AssemblyVersion>0.0.6142.19338</AssemblyVersion>
      </AssemblyInfo>
      <ReturnValue>
        <ReturnType>System.UInt32</ReturnType>
      </ReturnValue>
      <Docs>
        <summary>is the number of descriptors contained in the binding, accessed in a shader as an array. If pname:descriptorCount is zero this binding entry is reserved and the resource must: not be accessed from any stage via this binding within any pipeline using the set layout.</summary>
        <value>To be added.</value>
        <remarks></remarks>
      </Docs>
    </Member>
    <Member MemberName="DescriptorType">
      <MemberSignature Language="C#" Value="public Vulkan.DescriptorType DescriptorType { get; set; }" />
      <MemberSignature Language="ILAsm" Value=".property instance valuetype Vulkan.DescriptorType DescriptorType" />
      <MemberType>Property</MemberType>
      <AssemblyInfo>
        <AssemblyVersion>0.0.5950.20892</AssemblyVersion>
        <AssemblyVersion>0.0.6105.39043</AssemblyVersion>
        <AssemblyVersion>0.0.6106.39464</AssemblyVersion>
        <AssemblyVersion>0.0.6134.41045</AssemblyVersion>
        <AssemblyVersion>0.0.6142.19338</AssemblyVersion>
      </AssemblyInfo>
      <ReturnValue>
        <ReturnType>Vulkan.DescriptorType</ReturnType>
      </ReturnValue>
      <Docs>
        <summary>is a elink:VkDescriptorType specifying which type of resource descriptors are used for this binding.</summary>
        <value>To be added.</value>
        <remarks></remarks>
      </Docs>
    </Member>
    <Member MemberName="Dispose">
      <MemberSignature Language="C#" Value="public override void Dispose (bool disposing);" />
      <MemberSignature Language="ILAsm" Value=".method public hidebysig virtual instance void Dispose(bool disposing) cil managed" />
      <MemberType>Method</MemberType>
      <AssemblyInfo>
        <AssemblyVersion>0.0.6134.41045</AssemblyVersion>
        <AssemblyVersion>0.0.6142.19338</AssemblyVersion>
      </AssemblyInfo>
      <ReturnValue>
        <ReturnType>System.Void</ReturnType>
      </ReturnValue>
      <Parameters>
        <Parameter Name="disposing" Type="System.Boolean" />
      </Parameters>
      <Docs>
        <param name="disposing">To be added.</param>
        <summary>To be added.</summary>
        <remarks>To be added.</remarks>
      </Docs>
    </Member>
    <Member MemberName="ImmutableSamplers">
      <MemberSignature Language="C#" Value="public Vulkan.Sampler[] ImmutableSamplers { get; set; }" />
      <MemberSignature Language="ILAsm" Value=".property instance class Vulkan.Sampler[] ImmutableSamplers" />
      <MemberType>Property</MemberType>
      <AssemblyInfo>
        <AssemblyVersion>0.0.5950.20892</AssemblyVersion>
        <AssemblyVersion>0.0.6105.39043</AssemblyVersion>
        <AssemblyVersion>0.0.6106.39464</AssemblyVersion>
        <AssemblyVersion>0.0.6134.41045</AssemblyVersion>
        <AssemblyVersion>0.0.6142.19338</AssemblyVersion>
      </AssemblyInfo>
      <ReturnValue>
        <ReturnType>Vulkan.Sampler[]</ReturnType>
      </ReturnValue>
      <Docs>
        <summary>affects initialization of samplers. If pname:descriptorType specifies a ename:VK_DESCRIPTOR_TYPE_SAMPLER or ename:VK_DESCRIPTOR_TYPE_COMBINED_IMAGE_SAMPLER type descriptor, then pname:pImmutableSamplers can: be used to initialize a set of _immutable samplers_. Immutable samplers are permanently bound into the set layout; later binding a sampler into an immutable sampler slot in a descriptor set is not allowed. If pname:pImmutableSamplers is not `NULL`, then it is considered to be a pointer to an array of sampler handles that will be consumed by the set layout and used for the corresponding binding. If pname:pImmutableSamplers is `NULL`, then the sampler slots are dynamic and sampler handles must: be bound into descriptor sets using this layout. If pname:descriptorType is not one of these descriptor types, then pname:pImmutableSamplers is ignored.</summary>
        <value>To be added.</value>
        <remarks></remarks>
      </Docs>
    </Member>
    <Member MemberName="StageFlags">
      <MemberSignature Language="C#" Value="public Vulkan.ShaderStageFlags StageFlags { get; set; }" />
      <MemberSignature Language="ILAsm" Value=".property instance valuetype Vulkan.ShaderStageFlags StageFlags" />
      <MemberType>Property</MemberType>
      <AssemblyInfo>
        <AssemblyVersion>0.0.5950.20892</AssemblyVersion>
        <AssemblyVersion>0.0.6105.39043</AssemblyVersion>
        <AssemblyVersion>0.0.6106.39464</AssemblyVersion>
        <AssemblyVersion>0.0.6134.41045</AssemblyVersion>
        <AssemblyVersion>0.0.6142.19338</AssemblyVersion>
      </AssemblyInfo>
      <ReturnValue>
        <ReturnType>Vulkan.ShaderStageFlags</ReturnType>
      </ReturnValue>
      <Docs>
        <summary>member is a bitmask of elink:VkShaderStageFlagBits specifying which pipeline shader stages can: access a resource for this binding. ename:VK_SHADER_STAGE_ALL is a shorthand specifying that all defined shader stages, including any additional stages defined by extensions, can: access the resource. + -- If a shader stage is not included in pname:stageFlags, then a resource must: not be accessed from that stage via this binding within any pipeline using the set layout. There are no limitations on what combinations of stages can: be used by a descriptor binding, and in particular a binding can: be used by both graphics stages and the compute stage. --</summary>
        <value>To be added.</value>
        <remarks></remarks>
      </Docs>
    </Member>
    <Member MemberName="VirtualDispose">
      <MemberSignature Language="C#" Value="public override void VirtualDispose ();" />
      <MemberSignature Language="ILAsm" Value=".method public hidebysig virtual instance void VirtualDispose() cil managed" />
      <MemberType>Method</MemberType>
      <AssemblyInfo>
        <AssemblyVersion>0.0.6105.39043</AssemblyVersion>
        <AssemblyVersion>0.0.6106.39464</AssemblyVersion>
      </AssemblyInfo>
      <ReturnValue>
        <ReturnType>System.Void</ReturnType>
      </ReturnValue>
      <Parameters />
      <Docs>
        <summary>To be added.</summary>
        <remarks>To be added.</remarks>
      </Docs>
    </Member>
  </Members>
</Type>