﻿<?xml version="1.0" encoding="utf-8"?>
<Type Name="DescriptorPoolSize" FullName="Vulkan.DescriptorPoolSize">
  <TypeSignature Language="C#" Value="public struct DescriptorPoolSize" />
  <TypeSignature Language="ILAsm" Value=".class public sequential ansi sealed beforefieldinit DescriptorPoolSize extends System.ValueType" />
  <AssemblyInfo>
    <AssemblyName>Vulkan</AssemblyName>
    <AssemblyVersion>0.0.5950.20892</AssemblyVersion>
    <AssemblyVersion>0.0.6105.39043</AssemblyVersion>
    <AssemblyVersion>0.0.6106.39464</AssemblyVersion>
    <AssemblyVersion>0.0.6134.41045</AssemblyVersion>
    <AssemblyVersion>0.0.6142.19338</AssemblyVersion>
  </AssemblyInfo>
  <Base>
    <BaseTypeName>System.ValueType</BaseTypeName>
  </Base>
  <Interfaces />
  <Docs>
    <summary>Structure specifying descriptor pool size</summary>
    <remarks></remarks>
  </Docs>
  <Members>
    <Member MemberName=".ctor">
      <MemberSignature Language="C#" Value="public DescriptorPoolSize ();" />
      <MemberSignature Language="ILAsm" Value=".method public hidebysig specialname rtspecialname instance void .ctor() cil managed" />
      <MemberType>Constructor</MemberType>
      <AssemblyInfo>
        <AssemblyVersion>0.0.5950.20892</AssemblyVersion>
      </AssemblyInfo>
      <Parameters />
      <Docs>
        <summary>To be added.</summary>
        <remarks>To be added.</remarks>
      </Docs>
    </Member>
    <Member MemberName="DescriptorCount">
      <MemberSignature Language="C#" Value="public uint DescriptorCount;" />
      <MemberSignature Language="ILAsm" Value=".field public unsigned int32 DescriptorCount" />
      <MemberType>Field</MemberType>
      <AssemblyInfo>
        <AssemblyVersion>0.0.6105.39043</AssemblyVersion>
        <AssemblyVersion>0.0.6106.39464</AssemblyVersion>
        <AssemblyVersion>0.0.6134.41045</AssemblyVersion>
        <AssemblyVersion>0.0.6142.19338</AssemblyVersion>
      </AssemblyInfo>
      <ReturnValue>
        <ReturnType>System.UInt32</ReturnType>
      </ReturnValue>
      <Docs>
        <summary>must: be greater than `0` ****</summary>
        <remarks></remarks>
      </Docs>
    </Member>
    <Member MemberName="DescriptorCount">
      <MemberSignature Language="C#" Value="public uint DescriptorCount { get; set; }" />
      <MemberSignature Language="ILAsm" Value=".property instance unsigned int32 DescriptorCount" />
      <MemberType>Property</MemberType>
      <AssemblyInfo>
        <AssemblyVersion>0.0.5950.20892</AssemblyVersion>
      </AssemblyInfo>
      <ReturnValue>
        <ReturnType>System.UInt32</ReturnType>
      </ReturnValue>
      <Docs>
        <summary>must: be greater than `0` ****</summary>
        <value>To be added.</value>
        <remarks></remarks>
      </Docs>
    </Member>
    <Member MemberName="Type">
      <MemberSignature Language="C#" Value="public Vulkan.DescriptorType Type;" />
      <MemberSignature Language="ILAsm" Value=".field public valuetype Vulkan.DescriptorType Type" />
      <MemberType>Field</MemberType>
      <AssemblyInfo>
        <AssemblyVersion>0.0.6105.39043</AssemblyVersion>
        <AssemblyVersion>0.0.6106.39464</AssemblyVersion>
        <AssemblyVersion>0.0.6134.41045</AssemblyVersion>
        <AssemblyVersion>0.0.6142.19338</AssemblyVersion>
      </AssemblyInfo>
      <ReturnValue>
        <ReturnType>Vulkan.DescriptorType</ReturnType>
      </ReturnValue>
      <Docs>
        <summary>is the type of descriptor.</summary>
        <remarks></remarks>
      </Docs>
    </Member>
    <Member MemberName="Type">
      <MemberSignature Language="C#" Value="public Vulkan.DescriptorType Type { get; set; }" />
      <MemberSignature Language="ILAsm" Value=".property instance valuetype Vulkan.DescriptorType Type" />
      <MemberType>Property</MemberType>
      <AssemblyInfo>
        <AssemblyVersion>0.0.5950.20892</AssemblyVersion>
      </AssemblyInfo>
      <ReturnValue>
        <ReturnType>Vulkan.DescriptorType</ReturnType>
      </ReturnValue>
      <Docs>
        <summary>is the type of descriptor.</summary>
        <value>To be added.</value>
        <remarks></remarks>
      </Docs>
    </Member>
  </Members>
</Type>