﻿<?xml version="1.0" encoding="utf-8"?>
<Type Name="DescriptorImageInfo" FullName="Vulkan.DescriptorImageInfo">
  <TypeSignature Language="C#" Value="public class DescriptorImageInfo : Vulkan.MarshalledObject" />
  <TypeSignature Language="ILAsm" Value=".class public auto ansi beforefieldinit DescriptorImageInfo extends Vulkan.MarshalledObject" />
  <AssemblyInfo>
    <AssemblyName>Vulkan</AssemblyName>
    <AssemblyVersion>0.0.5950.20892</AssemblyVersion>
    <AssemblyVersion>0.0.6105.39043</AssemblyVersion>
    <AssemblyVersion>0.0.6106.39464</AssemblyVersion>
    <AssemblyVersion>0.0.6134.41045</AssemblyVersion>
    <AssemblyVersion>0.0.6142.19338</AssemblyVersion>
  </AssemblyInfo>
  <Base>
    <BaseTypeName>Vulkan.MarshalledObject</BaseTypeName>
  </Base>
  <Interfaces />
  <Docs>
    <summary>Structure specifying descriptor image info</summary>
    <remarks></remarks>
  </Docs>
  <Members>
    <Member MemberName=".ctor">
      <MemberSignature Language="C#" Value="public DescriptorImageInfo ();" />
      <MemberSignature Language="ILAsm" Value=".method public hidebysig specialname rtspecialname instance void .ctor() cil managed" />
      <MemberType>Constructor</MemberType>
      <AssemblyInfo>
        <AssemblyVersion>0.0.5950.20892</AssemblyVersion>
        <AssemblyVersion>0.0.6105.39043</AssemblyVersion>
        <AssemblyVersion>0.0.6106.39464</AssemblyVersion>
        <AssemblyVersion>0.0.6134.41045</AssemblyVersion>
        <AssemblyVersion>0.0.6142.19338</AssemblyVersion>
      </AssemblyInfo>
      <Parameters />
      <Docs>
        <summary>To be added.</summary>
        <remarks>To be added.</remarks>
      </Docs>
    </Member>
    <Member MemberName="ImageLayout">
      <MemberSignature Language="C#" Value="public Vulkan.ImageLayout ImageLayout { get; set; }" />
      <MemberSignature Language="ILAsm" Value=".property instance valuetype Vulkan.ImageLayout ImageLayout" />
      <MemberType>Property</MemberType>
      <AssemblyInfo>
        <AssemblyVersion>0.0.5950.20892</AssemblyVersion>
        <AssemblyVersion>0.0.6105.39043</AssemblyVersion>
        <AssemblyVersion>0.0.6106.39464</AssemblyVersion>
        <AssemblyVersion>0.0.6134.41045</AssemblyVersion>
        <AssemblyVersion>0.0.6142.19338</AssemblyVersion>
      </AssemblyInfo>
      <ReturnValue>
        <ReturnType>Vulkan.ImageLayout</ReturnType>
      </ReturnValue>
      <Docs>
        <summary>is the layout that the image will be in at the time this descriptor is accessed. pname:imageLayout is used in descriptor updates for types ename:VK_DESCRIPTOR_TYPE_SAMPLED_IMAGE, ename:VK_DESCRIPTOR_TYPE_STORAGE_IMAGE, ename:VK_DESCRIPTOR_TYPE_COMBINED_IMAGE_SAMPLER, and ename:VK_DESCRIPTOR_TYPE_INPUT_ATTACHMENT.</summary>
        <value>To be added.</value>
        <remarks></remarks>
      </Docs>
    </Member>
    <Member MemberName="ImageView">
      <MemberSignature Language="C#" Value="public Vulkan.ImageView ImageView { get; set; }" />
      <MemberSignature Language="ILAsm" Value=".property instance class Vulkan.ImageView ImageView" />
      <MemberType>Property</MemberType>
      <AssemblyInfo>
        <AssemblyVersion>0.0.5950.20892</AssemblyVersion>
        <AssemblyVersion>0.0.6105.39043</AssemblyVersion>
        <AssemblyVersion>0.0.6106.39464</AssemblyVersion>
        <AssemblyVersion>0.0.6134.41045</AssemblyVersion>
        <AssemblyVersion>0.0.6142.19338</AssemblyVersion>
      </AssemblyInfo>
      <ReturnValue>
        <ReturnType>Vulkan.ImageView</ReturnType>
      </ReturnValue>
      <Docs>
        <summary>is an image view handle, and is used in descriptor updates for types ename:VK_DESCRIPTOR_TYPE_SAMPLED_IMAGE, ename:VK_DESCRIPTOR_TYPE_STORAGE_IMAGE, ename:VK_DESCRIPTOR_TYPE_COMBINED_IMAGE_SAMPLER, and ename:VK_DESCRIPTOR_TYPE_INPUT_ATTACHMENT.</summary>
        <value>To be added.</value>
        <remarks></remarks>
      </Docs>
    </Member>
    <Member MemberName="Sampler">
      <MemberSignature Language="C#" Value="public Vulkan.Sampler Sampler { get; set; }" />
      <MemberSignature Language="ILAsm" Value=".property instance class Vulkan.Sampler Sampler" />
      <MemberType>Property</MemberType>
      <AssemblyInfo>
        <AssemblyVersion>0.0.5950.20892</AssemblyVersion>
        <AssemblyVersion>0.0.6105.39043</AssemblyVersion>
        <AssemblyVersion>0.0.6106.39464</AssemblyVersion>
        <AssemblyVersion>0.0.6134.41045</AssemblyVersion>
        <AssemblyVersion>0.0.6142.19338</AssemblyVersion>
      </AssemblyInfo>
      <ReturnValue>
        <ReturnType>Vulkan.Sampler</ReturnType>
      </ReturnValue>
      <Docs>
        <summary>is a sampler handle, and is used in descriptor updates for types ename:VK_DESCRIPTOR_TYPE_SAMPLER and ename:VK_DESCRIPTOR_TYPE_COMBINED_IMAGE_SAMPLER if the binding being updated does not use immutable samplers.</summary>
        <value>To be added.</value>
        <remarks></remarks>
      </Docs>
    </Member>
  </Members>
</Type>