﻿<?xml version="1.0" encoding="utf-8"?>
<Type Name="DisplayPlaneAlphaFlagsKhr" FullName="Vulkan.DisplayPlaneAlphaFlagsKhr">
  <TypeSignature Language="C#" Value="public enum DisplayPlaneAlphaFlagsKhr" />
  <TypeSignature Language="ILAsm" Value=".class public auto ansi sealed DisplayPlaneAlphaFlagsKhr extends System.Enum" />
  <AssemblyInfo>
    <AssemblyName>Vulkan</AssemblyName>
    <AssemblyVersion>0.0.5950.20892</AssemblyVersion>
    <AssemblyVersion>0.0.6105.39043</AssemblyVersion>
    <AssemblyVersion>0.0.6106.39464</AssemblyVersion>
    <AssemblyVersion>0.0.6134.41045</AssemblyVersion>
    <AssemblyVersion>0.0.6142.19338</AssemblyVersion>
  </AssemblyInfo>
  <Base>
    <BaseTypeName>System.Enum</BaseTypeName>
  </Base>
  <Attributes>
    <Attribute>
      <AttributeName>System.Flags</AttributeName>
    </Attribute>
  </Attributes>
  <Docs>
    <summary>- alpha blending type</summary>
    <remarks></remarks>
  </Docs>
  <Members>
    <Member MemberName="Global">
      <MemberSignature Language="C#" Value="Global" />
      <MemberSignature Language="ILAsm" Value=".field public static literal valuetype Vulkan.DisplayPlaneAlphaFlagsKhr Global = int32(2)" />
      <MemberType>Field</MemberType>
      <AssemblyInfo>
        <AssemblyVersion>0.0.5950.20892</AssemblyVersion>
        <AssemblyVersion>0.0.6105.39043</AssemblyVersion>
        <AssemblyVersion>0.0.6106.39464</AssemblyVersion>
        <AssemblyVersion>0.0.6134.41045</AssemblyVersion>
        <AssemblyVersion>0.0.6142.19338</AssemblyVersion>
      </AssemblyInfo>
      <ReturnValue>
        <ReturnType>Vulkan.DisplayPlaneAlphaFlagsKhr</ReturnType>
      </ReturnValue>
      <Docs>
        <summary>To be added.</summary>
      </Docs>
    </Member>
    <Member MemberName="Opaque">
      <MemberSignature Language="C#" Value="Opaque" />
      <MemberSignature Language="ILAsm" Value=".field public static literal valuetype Vulkan.DisplayPlaneAlphaFlagsKhr Opaque = int32(1)" />
      <MemberType>Field</MemberType>
      <AssemblyInfo>
        <AssemblyVersion>0.0.5950.20892</AssemblyVersion>
        <AssemblyVersion>0.0.6105.39043</AssemblyVersion>
        <AssemblyVersion>0.0.6106.39464</AssemblyVersion>
        <AssemblyVersion>0.0.6134.41045</AssemblyVersion>
        <AssemblyVersion>0.0.6142.19338</AssemblyVersion>
      </AssemblyInfo>
      <ReturnValue>
        <ReturnType>Vulkan.DisplayPlaneAlphaFlagsKhr</ReturnType>
      </ReturnValue>
      <Docs>
        <summary>To be added.</summary>
      </Docs>
    </Member>
    <Member MemberName="PerPixel">
      <MemberSignature Language="C#" Value="PerPixel" />
      <MemberSignature Language="ILAsm" Value=".field public static literal valuetype Vulkan.DisplayPlaneAlphaFlagsKhr PerPixel = int32(4)" />
      <MemberType>Field</MemberType>
      <AssemblyInfo>
        <AssemblyVersion>0.0.5950.20892</AssemblyVersion>
        <AssemblyVersion>0.0.6105.39043</AssemblyVersion>
        <AssemblyVersion>0.0.6106.39464</AssemblyVersion>
        <AssemblyVersion>0.0.6134.41045</AssemblyVersion>
        <AssemblyVersion>0.0.6142.19338</AssemblyVersion>
      </AssemblyInfo>
      <ReturnValue>
        <ReturnType>Vulkan.DisplayPlaneAlphaFlagsKhr</ReturnType>
      </ReturnValue>
      <Docs>
        <summary>To be added.</summary>
      </Docs>
    </Member>
    <Member MemberName="PerPixelPremultiplied">
      <MemberSignature Language="C#" Value="PerPixelPremultiplied" />
      <MemberSignature Language="ILAsm" Value=".field public static literal valuetype Vulkan.DisplayPlaneAlphaFlagsKhr PerPixelPremultiplied = int32(8)" />
      <MemberType>Field</MemberType>
      <AssemblyInfo>
        <AssemblyVersion>0.0.5950.20892</AssemblyVersion>
        <AssemblyVersion>0.0.6105.39043</AssemblyVersion>
        <AssemblyVersion>0.0.6106.39464</AssemblyVersion>
        <AssemblyVersion>0.0.6134.41045</AssemblyVersion>
        <AssemblyVersion>0.0.6142.19338</AssemblyVersion>
      </AssemblyInfo>
      <ReturnValue>
        <ReturnType>Vulkan.DisplayPlaneAlphaFlagsKhr</ReturnType>
      </ReturnValue>
      <Docs>
        <summary>To be added.</summary>
      </Docs>
    </Member>
  </Members>
</Type>