﻿<?xml version="1.0" encoding="utf-8"?>
<Type Name="DisplaySurfaceCreateInfoKhr" FullName="Vulkan.DisplaySurfaceCreateInfoKhr">
  <TypeSignature Language="C#" Value="public class DisplaySurfaceCreateInfoKhr : Vulkan.MarshalledObject" />
  <TypeSignature Language="ILAsm" Value=".class public auto ansi beforefieldinit DisplaySurfaceCreateInfoKhr extends Vulkan.MarshalledObject" />
  <AssemblyInfo>
    <AssemblyName>Vulkan</AssemblyName>
    <AssemblyVersion>0.0.5950.20892</AssemblyVersion>
    <AssemblyVersion>0.0.6105.39043</AssemblyVersion>
    <AssemblyVersion>0.0.6106.39464</AssemblyVersion>
    <AssemblyVersion>0.0.6134.41045</AssemblyVersion>
    <AssemblyVersion>0.0.6142.19338</AssemblyVersion>
  </AssemblyInfo>
  <Base>
    <BaseTypeName>Vulkan.MarshalledObject</BaseTypeName>
  </Base>
  <Interfaces />
  <Docs>
    <summary>- Structure specifying parameters of a newly created display plane surface object</summary>
    <remarks></remarks>
  </Docs>
  <Members>
    <Member MemberName=".ctor">
      <MemberSignature Language="C#" Value="public DisplaySurfaceCreateInfoKhr ();" />
      <MemberSignature Language="ILAsm" Value=".method public hidebysig specialname rtspecialname instance void .ctor() cil managed" />
      <MemberType>Constructor</MemberType>
      <AssemblyInfo>
        <AssemblyVersion>0.0.5950.20892</AssemblyVersion>
        <AssemblyVersion>0.0.6105.39043</AssemblyVersion>
        <AssemblyVersion>0.0.6106.39464</AssemblyVersion>
        <AssemblyVersion>0.0.6134.41045</AssemblyVersion>
        <AssemblyVersion>0.0.6142.19338</AssemblyVersion>
      </AssemblyInfo>
      <Parameters />
      <Docs>
        <summary>To be added.</summary>
        <remarks>To be added.</remarks>
      </Docs>
    </Member>
    <Member MemberName="AlphaMode">
      <MemberSignature Language="C#" Value="public Vulkan.DisplayPlaneAlphaFlagsKhr AlphaMode { get; set; }" />
      <MemberSignature Language="ILAsm" Value=".property instance valuetype Vulkan.DisplayPlaneAlphaFlagsKhr AlphaMode" />
      <MemberType>Property</MemberType>
      <AssemblyInfo>
        <AssemblyVersion>0.0.5950.20892</AssemblyVersion>
        <AssemblyVersion>0.0.6105.39043</AssemblyVersion>
        <AssemblyVersion>0.0.6106.39464</AssemblyVersion>
        <AssemblyVersion>0.0.6134.41045</AssemblyVersion>
        <AssemblyVersion>0.0.6142.19338</AssemblyVersion>
      </AssemblyInfo>
      <ReturnValue>
        <ReturnType>Vulkan.DisplayPlaneAlphaFlagsKhr</ReturnType>
      </ReturnValue>
      <Docs>
        <summary>must: be `0` or one of the bits present in the pname:supportedAlpha member of sname:VkDisplayPlaneCapabilitiesKHR returned by fname:vkGetDisplayPlaneCapabilitiesKHR for the display plane corresponding to pname:displayMode * The pname:width and pname:height members of pname:imageExtent must: be less than the pname:maxImageDimensions2D member of sname:VkPhysicalDeviceLimits ****</summary>
        <value>To be added.</value>
        <remarks></remarks>
      </Docs>
    </Member>
    <Member MemberName="DisplayMode">
      <MemberSignature Language="C#" Value="public Vulkan.DisplayModeKhr DisplayMode { get; set; }" />
      <MemberSignature Language="ILAsm" Value=".property instance class Vulkan.DisplayModeKhr DisplayMode" />
      <MemberType>Property</MemberType>
      <AssemblyInfo>
        <AssemblyVersion>0.0.5950.20892</AssemblyVersion>
        <AssemblyVersion>0.0.6105.39043</AssemblyVersion>
        <AssemblyVersion>0.0.6106.39464</AssemblyVersion>
        <AssemblyVersion>0.0.6134.41045</AssemblyVersion>
        <AssemblyVersion>0.0.6142.19338</AssemblyVersion>
      </AssemblyInfo>
      <ReturnValue>
        <ReturnType>Vulkan.DisplayModeKhr</ReturnType>
      </ReturnValue>
      <Docs>
        <summary>is the mode to use when displaying this surface.</summary>
        <value>To be added.</value>
        <remarks></remarks>
      </Docs>
    </Member>
    <Member MemberName="Flags">
      <MemberSignature Language="C#" Value="public uint Flags { get; set; }" />
      <MemberSignature Language="ILAsm" Value=".property instance unsigned int32 Flags" />
      <MemberType>Property</MemberType>
      <AssemblyInfo>
        <AssemblyVersion>0.0.5950.20892</AssemblyVersion>
        <AssemblyVersion>0.0.6105.39043</AssemblyVersion>
        <AssemblyVersion>0.0.6106.39464</AssemblyVersion>
        <AssemblyVersion>0.0.6134.41045</AssemblyVersion>
        <AssemblyVersion>0.0.6142.19338</AssemblyVersion>
      </AssemblyInfo>
      <ReturnValue>
        <ReturnType>System.UInt32</ReturnType>
      </ReturnValue>
      <Docs>
        <summary>is reserved for future use, and must: be zero.</summary>
        <value>To be added.</value>
        <remarks></remarks>
      </Docs>
    </Member>
    <Member MemberName="GlobalAlpha">
      <MemberSignature Language="C#" Value="public float GlobalAlpha { get; set; }" />
      <MemberSignature Language="ILAsm" Value=".property instance float32 GlobalAlpha" />
      <MemberType>Property</MemberType>
      <AssemblyInfo>
        <AssemblyVersion>0.0.5950.20892</AssemblyVersion>
        <AssemblyVersion>0.0.6105.39043</AssemblyVersion>
        <AssemblyVersion>0.0.6106.39464</AssemblyVersion>
        <AssemblyVersion>0.0.6134.41045</AssemblyVersion>
        <AssemblyVersion>0.0.6142.19338</AssemblyVersion>
      </AssemblyInfo>
      <ReturnValue>
        <ReturnType>System.Single</ReturnType>
      </ReturnValue>
      <Docs>
        <summary>is the global alpha value. This value is ignored if pname:alphaMode is not ename:VK_DISPLAY_PLANE_ALPHA_GLOBAL_BIT_KHR.</summary>
        <value>To be added.</value>
        <remarks></remarks>
      </Docs>
    </Member>
    <Member MemberName="ImageExtent">
      <MemberSignature Language="C#" Value="public Vulkan.Extent2D ImageExtent { get; set; }" />
      <MemberSignature Language="ILAsm" Value=".property instance valuetype Vulkan.Extent2D ImageExtent" />
      <MemberType>Property</MemberType>
      <AssemblyInfo>
        <AssemblyVersion>0.0.5950.20892</AssemblyVersion>
        <AssemblyVersion>0.0.6105.39043</AssemblyVersion>
        <AssemblyVersion>0.0.6106.39464</AssemblyVersion>
        <AssemblyVersion>0.0.6134.41045</AssemblyVersion>
        <AssemblyVersion>0.0.6142.19338</AssemblyVersion>
      </AssemblyInfo>
      <ReturnValue>
        <ReturnType>Vulkan.Extent2D</ReturnType>
      </ReturnValue>
      <Docs>
        <summary>To be added.</summary>
        <value>To be added.</value>
        <remarks>To be added.</remarks>
      </Docs>
    </Member>
    <Member MemberName="PlaneIndex">
      <MemberSignature Language="C#" Value="public uint PlaneIndex { get; set; }" />
      <MemberSignature Language="ILAsm" Value=".property instance unsigned int32 PlaneIndex" />
      <MemberType>Property</MemberType>
      <AssemblyInfo>
        <AssemblyVersion>0.0.5950.20892</AssemblyVersion>
        <AssemblyVersion>0.0.6105.39043</AssemblyVersion>
        <AssemblyVersion>0.0.6106.39464</AssemblyVersion>
        <AssemblyVersion>0.0.6134.41045</AssemblyVersion>
        <AssemblyVersion>0.0.6142.19338</AssemblyVersion>
      </AssemblyInfo>
      <ReturnValue>
        <ReturnType>System.UInt32</ReturnType>
      </ReturnValue>
      <Docs>
        <summary>must: be less than the number of display planes supported by the device as determined by calling fname:vkGetPhysicalDeviceDisplayPlanePropertiesKHR * If the pname:planeReorderPossible member of the sname:VkDisplayPropertiesKHR structure returned by fname:vkGetPhysicalDeviceDisplayPropertiesKHR for the display corresponding to pname:displayMode is ename:VK_TRUE then pname:planeStackIndex must: be less than the number of display planes supported by the device as determined by calling fname:vkGetPhysicalDeviceDisplayPlanePropertiesKHR; otherwise pname:planeStackIndex must: equal the pname:currentStackIndex member of sname:VkDisplayPlanePropertiesKHR returned by fname:vkGetPhysicalDeviceDisplayPlanePropertiesKHR for the display plane corresponding to pname:displayMode * If pname:alphaMode is ename:VK_DISPLAY_PLANE_ALPHA_GLOBAL_BIT_KHR then pname:globalAlpha must: be between `0` and `1`, inclusive</summary>
        <value>To be added.</value>
        <remarks></remarks>
      </Docs>
    </Member>
    <Member MemberName="PlaneStackIndex">
      <MemberSignature Language="C#" Value="public uint PlaneStackIndex { get; set; }" />
      <MemberSignature Language="ILAsm" Value=".property instance unsigned int32 PlaneStackIndex" />
      <MemberType>Property</MemberType>
      <AssemblyInfo>
        <AssemblyVersion>0.0.5950.20892</AssemblyVersion>
        <AssemblyVersion>0.0.6105.39043</AssemblyVersion>
        <AssemblyVersion>0.0.6106.39464</AssemblyVersion>
        <AssemblyVersion>0.0.6134.41045</AssemblyVersion>
        <AssemblyVersion>0.0.6142.19338</AssemblyVersion>
      </AssemblyInfo>
      <ReturnValue>
        <ReturnType>System.UInt32</ReturnType>
      </ReturnValue>
      <Docs>
        <summary>is the z-order of the plane.</summary>
        <value>To be added.</value>
        <remarks></remarks>
      </Docs>
    </Member>
    <Member MemberName="Transform">
      <MemberSignature Language="C#" Value="public Vulkan.SurfaceTransformFlagsKhr Transform { get; set; }" />
      <MemberSignature Language="ILAsm" Value=".property instance valuetype Vulkan.SurfaceTransformFlagsKhr Transform" />
      <MemberType>Property</MemberType>
      <AssemblyInfo>
        <AssemblyVersion>0.0.5950.20892</AssemblyVersion>
        <AssemblyVersion>0.0.6105.39043</AssemblyVersion>
        <AssemblyVersion>0.0.6106.39464</AssemblyVersion>
        <AssemblyVersion>0.0.6134.41045</AssemblyVersion>
        <AssemblyVersion>0.0.6142.19338</AssemblyVersion>
      </AssemblyInfo>
      <ReturnValue>
        <ReturnType>Vulkan.SurfaceTransformFlagsKhr</ReturnType>
      </ReturnValue>
      <Docs>
        <summary>is the transform to apply to the images as part of the scanout operation.</summary>
        <value>To be added.</value>
        <remarks></remarks>
      </Docs>
    </Member>
  </Members>
</Type>