﻿<?xml version="1.0" encoding="utf-8"?>
<Type Name="DisplayPlaneCapabilitiesKhr" FullName="Vulkan.DisplayPlaneCapabilitiesKhr">
  <TypeSignature Language="C#" Value="public struct DisplayPlaneCapabilitiesKhr" />
  <TypeSignature Language="ILAsm" Value=".class public sequential ansi sealed beforefieldinit DisplayPlaneCapabilitiesKhr extends System.ValueType" />
  <AssemblyInfo>
    <AssemblyName>Vulkan</AssemblyName>
    <AssemblyVersion>0.0.5950.20892</AssemblyVersion>
    <AssemblyVersion>0.0.6105.39043</AssemblyVersion>
    <AssemblyVersion>0.0.6106.39464</AssemblyVersion>
    <AssemblyVersion>0.0.6134.41045</AssemblyVersion>
    <AssemblyVersion>0.0.6142.19338</AssemblyVersion>
  </AssemblyInfo>
  <Base>
    <BaseTypeName>System.ValueType</BaseTypeName>
  </Base>
  <Interfaces />
  <Docs>
    <summary>- Structure describing capabilities of a mode and plane combination</summary>
    <remarks></remarks>
  </Docs>
  <Members>
    <Member MemberName=".ctor">
      <MemberSignature Language="C#" Value="public DisplayPlaneCapabilitiesKhr ();" />
      <MemberSignature Language="ILAsm" Value=".method public hidebysig specialname rtspecialname instance void .ctor() cil managed" />
      <MemberType>Constructor</MemberType>
      <AssemblyInfo>
        <AssemblyVersion>0.0.5950.20892</AssemblyVersion>
      </AssemblyInfo>
      <Parameters />
      <Docs>
        <summary>To be added.</summary>
        <remarks>To be added.</remarks>
      </Docs>
    </Member>
    <Member MemberName="MaxDstExtent">
      <MemberSignature Language="C#" Value="public Vulkan.Extent2D MaxDstExtent;" />
      <MemberSignature Language="ILAsm" Value=".field public valuetype Vulkan.Extent2D MaxDstExtent" />
      <MemberType>Field</MemberType>
      <AssemblyInfo>
        <AssemblyVersion>0.0.6105.39043</AssemblyVersion>
        <AssemblyVersion>0.0.6106.39464</AssemblyVersion>
        <AssemblyVersion>0.0.6134.41045</AssemblyVersion>
        <AssemblyVersion>0.0.6142.19338</AssemblyVersion>
      </AssemblyInfo>
      <ReturnValue>
        <ReturnType>Vulkan.Extent2D</ReturnType>
      </ReturnValue>
      <Docs>
        <summary>To be added.</summary>
        <remarks>To be added.</remarks>
      </Docs>
    </Member>
    <Member MemberName="MaxDstExtent">
      <MemberSignature Language="C#" Value="public Vulkan.Extent2D MaxDstExtent { get; set; }" />
      <MemberSignature Language="ILAsm" Value=".property instance class Vulkan.Extent2D MaxDstExtent" />
      <MemberType>Property</MemberType>
      <AssemblyInfo>
        <AssemblyVersion>0.0.5950.20892</AssemblyVersion>
      </AssemblyInfo>
      <ReturnValue>
        <ReturnType>Vulkan.Extent2D</ReturnType>
      </ReturnValue>
      <Docs>
        <summary>To be added.</summary>
        <value>To be added.</value>
        <remarks>To be added.</remarks>
      </Docs>
    </Member>
    <Member MemberName="MaxDstPosition">
      <MemberSignature Language="C#" Value="public Vulkan.Offset2D MaxDstPosition;" />
      <MemberSignature Language="ILAsm" Value=".field public valuetype Vulkan.Offset2D MaxDstPosition" />
      <MemberType>Field</MemberType>
      <AssemblyInfo>
        <AssemblyVersion>0.0.6105.39043</AssemblyVersion>
        <AssemblyVersion>0.0.6106.39464</AssemblyVersion>
        <AssemblyVersion>0.0.6134.41045</AssemblyVersion>
        <AssemblyVersion>0.0.6142.19338</AssemblyVersion>
      </AssemblyInfo>
      <ReturnValue>
        <ReturnType>Vulkan.Offset2D</ReturnType>
      </ReturnValue>
      <Docs>
        <summary>To be added.</summary>
        <remarks>To be added.</remarks>
      </Docs>
    </Member>
    <Member MemberName="MaxDstPosition">
      <MemberSignature Language="C#" Value="public Vulkan.Offset2D MaxDstPosition { get; set; }" />
      <MemberSignature Language="ILAsm" Value=".property instance class Vulkan.Offset2D MaxDstPosition" />
      <MemberType>Property</MemberType>
      <AssemblyInfo>
        <AssemblyVersion>0.0.5950.20892</AssemblyVersion>
      </AssemblyInfo>
      <ReturnValue>
        <ReturnType>Vulkan.Offset2D</ReturnType>
      </ReturnValue>
      <Docs>
        <summary>To be added.</summary>
        <value>To be added.</value>
        <remarks>To be added.</remarks>
      </Docs>
    </Member>
    <Member MemberName="MaxSrcExtent">
      <MemberSignature Language="C#" Value="public Vulkan.Extent2D MaxSrcExtent;" />
      <MemberSignature Language="ILAsm" Value=".field public valuetype Vulkan.Extent2D MaxSrcExtent" />
      <MemberType>Field</MemberType>
      <AssemblyInfo>
        <AssemblyVersion>0.0.6105.39043</AssemblyVersion>
        <AssemblyVersion>0.0.6106.39464</AssemblyVersion>
        <AssemblyVersion>0.0.6134.41045</AssemblyVersion>
        <AssemblyVersion>0.0.6142.19338</AssemblyVersion>
      </AssemblyInfo>
      <ReturnValue>
        <ReturnType>Vulkan.Extent2D</ReturnType>
      </ReturnValue>
      <Docs>
        <summary>is the maximum source rectangle size supported by this plane using the specified mode.</summary>
        <remarks></remarks>
      </Docs>
    </Member>
    <Member MemberName="MaxSrcExtent">
      <MemberSignature Language="C#" Value="public Vulkan.Extent2D MaxSrcExtent { get; set; }" />
      <MemberSignature Language="ILAsm" Value=".property instance class Vulkan.Extent2D MaxSrcExtent" />
      <MemberType>Property</MemberType>
      <AssemblyInfo>
        <AssemblyVersion>0.0.5950.20892</AssemblyVersion>
      </AssemblyInfo>
      <ReturnValue>
        <ReturnType>Vulkan.Extent2D</ReturnType>
      </ReturnValue>
      <Docs>
        <summary>is the maximum source rectangle size supported by this plane using the specified mode.</summary>
        <value>To be added.</value>
        <remarks></remarks>
      </Docs>
    </Member>
    <Member MemberName="MaxSrcPosition">
      <MemberSignature Language="C#" Value="public Vulkan.Offset2D MaxSrcPosition;" />
      <MemberSignature Language="ILAsm" Value=".field public valuetype Vulkan.Offset2D MaxSrcPosition" />
      <MemberType>Field</MemberType>
      <AssemblyInfo>
        <AssemblyVersion>0.0.6105.39043</AssemblyVersion>
        <AssemblyVersion>0.0.6106.39464</AssemblyVersion>
        <AssemblyVersion>0.0.6134.41045</AssemblyVersion>
        <AssemblyVersion>0.0.6142.19338</AssemblyVersion>
      </AssemblyInfo>
      <ReturnValue>
        <ReturnType>Vulkan.Offset2D</ReturnType>
      </ReturnValue>
      <Docs>
        <summary>is the maximum source rectangle offset supported by this plane using the specified mode. The pname:x and pname:y components of pname:maxSrcPosition must: each be greater than or equal to the pname:x and pname:y components of pname:minSrcPosition, respectively.</summary>
        <remarks></remarks>
      </Docs>
    </Member>
    <Member MemberName="MaxSrcPosition">
      <MemberSignature Language="C#" Value="public Vulkan.Offset2D MaxSrcPosition { get; set; }" />
      <MemberSignature Language="ILAsm" Value=".property instance class Vulkan.Offset2D MaxSrcPosition" />
      <MemberType>Property</MemberType>
      <AssemblyInfo>
        <AssemblyVersion>0.0.5950.20892</AssemblyVersion>
      </AssemblyInfo>
      <ReturnValue>
        <ReturnType>Vulkan.Offset2D</ReturnType>
      </ReturnValue>
      <Docs>
        <summary>is the maximum source rectangle offset supported by this plane using the specified mode. The pname:x and pname:y components of pname:maxSrcPosition must: each be greater than or equal to the pname:x and pname:y components of pname:minSrcPosition, respectively.</summary>
        <value>To be added.</value>
        <remarks></remarks>
      </Docs>
    </Member>
    <Member MemberName="MinDstExtent">
      <MemberSignature Language="C#" Value="public Vulkan.Extent2D MinDstExtent;" />
      <MemberSignature Language="ILAsm" Value=".field public valuetype Vulkan.Extent2D MinDstExtent" />
      <MemberType>Field</MemberType>
      <AssemblyInfo>
        <AssemblyVersion>0.0.6105.39043</AssemblyVersion>
        <AssemblyVersion>0.0.6106.39464</AssemblyVersion>
        <AssemblyVersion>0.0.6134.41045</AssemblyVersion>
        <AssemblyVersion>0.0.6142.19338</AssemblyVersion>
      </AssemblyInfo>
      <ReturnValue>
        <ReturnType>Vulkan.Extent2D</ReturnType>
      </ReturnValue>
      <Docs>
        <summary>To be added.</summary>
        <remarks>To be added.</remarks>
      </Docs>
    </Member>
    <Member MemberName="MinDstExtent">
      <MemberSignature Language="C#" Value="public Vulkan.Extent2D MinDstExtent { get; set; }" />
      <MemberSignature Language="ILAsm" Value=".property instance class Vulkan.Extent2D MinDstExtent" />
      <MemberType>Property</MemberType>
      <AssemblyInfo>
        <AssemblyVersion>0.0.5950.20892</AssemblyVersion>
      </AssemblyInfo>
      <ReturnValue>
        <ReturnType>Vulkan.Extent2D</ReturnType>
      </ReturnValue>
      <Docs>
        <summary>To be added.</summary>
        <value>To be added.</value>
        <remarks>To be added.</remarks>
      </Docs>
    </Member>
    <Member MemberName="MinDstPosition">
      <MemberSignature Language="C#" Value="public Vulkan.Offset2D MinDstPosition;" />
      <MemberSignature Language="ILAsm" Value=".field public valuetype Vulkan.Offset2D MinDstPosition" />
      <MemberType>Field</MemberType>
      <AssemblyInfo>
        <AssemblyVersion>0.0.6105.39043</AssemblyVersion>
        <AssemblyVersion>0.0.6106.39464</AssemblyVersion>
        <AssemblyVersion>0.0.6134.41045</AssemblyVersion>
        <AssemblyVersion>0.0.6142.19338</AssemblyVersion>
      </AssemblyInfo>
      <ReturnValue>
        <ReturnType>Vulkan.Offset2D</ReturnType>
      </ReturnValue>
      <Docs>
        <summary>To be added.</summary>
        <remarks>To be added.</remarks>
      </Docs>
    </Member>
    <Member MemberName="MinDstPosition">
      <MemberSignature Language="C#" Value="public Vulkan.Offset2D MinDstPosition { get; set; }" />
      <MemberSignature Language="ILAsm" Value=".property instance class Vulkan.Offset2D MinDstPosition" />
      <MemberType>Property</MemberType>
      <AssemblyInfo>
        <AssemblyVersion>0.0.5950.20892</AssemblyVersion>
      </AssemblyInfo>
      <ReturnValue>
        <ReturnType>Vulkan.Offset2D</ReturnType>
      </ReturnValue>
      <Docs>
        <summary>To be added.</summary>
        <value>To be added.</value>
        <remarks>To be added.</remarks>
      </Docs>
    </Member>
    <Member MemberName="MinSrcExtent">
      <MemberSignature Language="C#" Value="public Vulkan.Extent2D MinSrcExtent;" />
      <MemberSignature Language="ILAsm" Value=".field public valuetype Vulkan.Extent2D MinSrcExtent" />
      <MemberType>Field</MemberType>
      <AssemblyInfo>
        <AssemblyVersion>0.0.6105.39043</AssemblyVersion>
        <AssemblyVersion>0.0.6106.39464</AssemblyVersion>
        <AssemblyVersion>0.0.6134.41045</AssemblyVersion>
        <AssemblyVersion>0.0.6142.19338</AssemblyVersion>
      </AssemblyInfo>
      <ReturnValue>
        <ReturnType>Vulkan.Extent2D</ReturnType>
      </ReturnValue>
      <Docs>
        <summary>is the minimum source rectangle size supported by this plane using the specified mode.</summary>
        <remarks></remarks>
      </Docs>
    </Member>
    <Member MemberName="MinSrcExtent">
      <MemberSignature Language="C#" Value="public Vulkan.Extent2D MinSrcExtent { get; set; }" />
      <MemberSignature Language="ILAsm" Value=".property instance class Vulkan.Extent2D MinSrcExtent" />
      <MemberType>Property</MemberType>
      <AssemblyInfo>
        <AssemblyVersion>0.0.5950.20892</AssemblyVersion>
      </AssemblyInfo>
      <ReturnValue>
        <ReturnType>Vulkan.Extent2D</ReturnType>
      </ReturnValue>
      <Docs>
        <summary>is the minimum source rectangle size supported by this plane using the specified mode.</summary>
        <value>To be added.</value>
        <remarks></remarks>
      </Docs>
    </Member>
    <Member MemberName="MinSrcPosition">
      <MemberSignature Language="C#" Value="public Vulkan.Offset2D MinSrcPosition;" />
      <MemberSignature Language="ILAsm" Value=".field public valuetype Vulkan.Offset2D MinSrcPosition" />
      <MemberType>Field</MemberType>
      <AssemblyInfo>
        <AssemblyVersion>0.0.6105.39043</AssemblyVersion>
        <AssemblyVersion>0.0.6106.39464</AssemblyVersion>
        <AssemblyVersion>0.0.6134.41045</AssemblyVersion>
        <AssemblyVersion>0.0.6142.19338</AssemblyVersion>
      </AssemblyInfo>
      <ReturnValue>
        <ReturnType>Vulkan.Offset2D</ReturnType>
      </ReturnValue>
      <Docs>
        <summary>is the minimum source rectangle offset supported by this plane using the specified mode.</summary>
        <remarks></remarks>
      </Docs>
    </Member>
    <Member MemberName="MinSrcPosition">
      <MemberSignature Language="C#" Value="public Vulkan.Offset2D MinSrcPosition { get; set; }" />
      <MemberSignature Language="ILAsm" Value=".property instance class Vulkan.Offset2D MinSrcPosition" />
      <MemberType>Property</MemberType>
      <AssemblyInfo>
        <AssemblyVersion>0.0.5950.20892</AssemblyVersion>
      </AssemblyInfo>
      <ReturnValue>
        <ReturnType>Vulkan.Offset2D</ReturnType>
      </ReturnValue>
      <Docs>
        <summary>is the minimum source rectangle offset supported by this plane using the specified mode.</summary>
        <value>To be added.</value>
        <remarks></remarks>
      </Docs>
    </Member>
    <Member MemberName="SupportedAlpha">
      <MemberSignature Language="C#" Value="public Vulkan.DisplayPlaneAlphaFlagsKhr SupportedAlpha;" />
      <MemberSignature Language="ILAsm" Value=".field public valuetype Vulkan.DisplayPlaneAlphaFlagsKhr SupportedAlpha" />
      <MemberType>Field</MemberType>
      <AssemblyInfo>
        <AssemblyVersion>0.0.6105.39043</AssemblyVersion>
        <AssemblyVersion>0.0.6106.39464</AssemblyVersion>
        <AssemblyVersion>0.0.6134.41045</AssemblyVersion>
        <AssemblyVersion>0.0.6142.19338</AssemblyVersion>
      </AssemblyInfo>
      <ReturnValue>
        <ReturnType>Vulkan.DisplayPlaneAlphaFlagsKhr</ReturnType>
      </ReturnValue>
      <Docs>
        <summary>is a bitmask of elink:VkDisplayPlaneAlphaFlagBitsKHR describing the supported alpha blending modes.</summary>
        <remarks></remarks>
      </Docs>
    </Member>
    <Member MemberName="SupportedAlpha">
      <MemberSignature Language="C#" Value="public Vulkan.DisplayPlaneAlphaFlagsKhr SupportedAlpha { get; set; }" />
      <MemberSignature Language="ILAsm" Value=".property instance valuetype Vulkan.DisplayPlaneAlphaFlagsKhr SupportedAlpha" />
      <MemberType>Property</MemberType>
      <AssemblyInfo>
        <AssemblyVersion>0.0.5950.20892</AssemblyVersion>
      </AssemblyInfo>
      <ReturnValue>
        <ReturnType>Vulkan.DisplayPlaneAlphaFlagsKhr</ReturnType>
      </ReturnValue>
      <Docs>
        <summary>is a bitmask of elink:VkDisplayPlaneAlphaFlagBitsKHR describing the supported alpha blending modes.</summary>
        <value>To be added.</value>
        <remarks></remarks>
      </Docs>
    </Member>
  </Members>
</Type>