﻿<?xml version="1.0" encoding="utf-8"?>
<Type Name="DispatchIndirectCommand" FullName="Vulkan.DispatchIndirectCommand">
  <TypeSignature Language="C#" Value="public struct DispatchIndirectCommand" />
  <TypeSignature Language="ILAsm" Value=".class public sequential ansi sealed beforefieldinit DispatchIndirectCommand extends System.ValueType" />
  <AssemblyInfo>
    <AssemblyName>Vulkan</AssemblyName>
    <AssemblyVersion>0.0.5950.20892</AssemblyVersion>
    <AssemblyVersion>0.0.6105.39043</AssemblyVersion>
    <AssemblyVersion>0.0.6106.39464</AssemblyVersion>
    <AssemblyVersion>0.0.6134.41045</AssemblyVersion>
    <AssemblyVersion>0.0.6142.19338</AssemblyVersion>
  </AssemblyInfo>
  <Base>
    <BaseTypeName>System.ValueType</BaseTypeName>
  </Base>
  <Interfaces />
  <Docs>
    <summary>Structure specifying a dispatch indirect command</summary>
    <remarks></remarks>
  </Docs>
  <Members>
    <Member MemberName=".ctor">
      <MemberSignature Language="C#" Value="public DispatchIndirectCommand ();" />
      <MemberSignature Language="ILAsm" Value=".method public hidebysig specialname rtspecialname instance void .ctor() cil managed" />
      <MemberType>Constructor</MemberType>
      <AssemblyInfo>
        <AssemblyVersion>0.0.5950.20892</AssemblyVersion>
      </AssemblyInfo>
      <Parameters />
      <Docs>
        <summary>To be added.</summary>
        <remarks>To be added.</remarks>
      </Docs>
    </Member>
    <Member MemberName="X">
      <MemberSignature Language="C#" Value="public uint X;" />
      <MemberSignature Language="ILAsm" Value=".field public unsigned int32 X" />
      <MemberType>Field</MemberType>
      <AssemblyInfo>
        <AssemblyVersion>0.0.6105.39043</AssemblyVersion>
        <AssemblyVersion>0.0.6106.39464</AssemblyVersion>
        <AssemblyVersion>0.0.6134.41045</AssemblyVersion>
        <AssemblyVersion>0.0.6142.19338</AssemblyVersion>
      </AssemblyInfo>
      <ReturnValue>
        <ReturnType>System.UInt32</ReturnType>
      </ReturnValue>
      <Docs>
        <summary>must: be less than or equal to sname:VkPhysicalDeviceLimits::pname:maxComputeWorkGroupCount[0]</summary>
        <remarks></remarks>
      </Docs>
    </Member>
    <Member MemberName="X">
      <MemberSignature Language="C#" Value="public uint X { get; set; }" />
      <MemberSignature Language="ILAsm" Value=".property instance unsigned int32 X" />
      <MemberType>Property</MemberType>
      <AssemblyInfo>
        <AssemblyVersion>0.0.5950.20892</AssemblyVersion>
      </AssemblyInfo>
      <ReturnValue>
        <ReturnType>System.UInt32</ReturnType>
      </ReturnValue>
      <Docs>
        <summary>must: be less than or equal to sname:VkPhysicalDeviceLimits::pname:maxComputeWorkGroupCount[0]</summary>
        <value>To be added.</value>
        <remarks></remarks>
      </Docs>
    </Member>
    <Member MemberName="Y">
      <MemberSignature Language="C#" Value="public uint Y;" />
      <MemberSignature Language="ILAsm" Value=".field public unsigned int32 Y" />
      <MemberType>Field</MemberType>
      <AssemblyInfo>
        <AssemblyVersion>0.0.6105.39043</AssemblyVersion>
        <AssemblyVersion>0.0.6106.39464</AssemblyVersion>
        <AssemblyVersion>0.0.6134.41045</AssemblyVersion>
        <AssemblyVersion>0.0.6142.19338</AssemblyVersion>
      </AssemblyInfo>
      <ReturnValue>
        <ReturnType>System.UInt32</ReturnType>
      </ReturnValue>
      <Docs>
        <summary>must: be less than or equal to sname:VkPhysicalDeviceLimits::pname:maxComputeWorkGroupCount[1]</summary>
        <remarks></remarks>
      </Docs>
    </Member>
    <Member MemberName="Y">
      <MemberSignature Language="C#" Value="public uint Y { get; set; }" />
      <MemberSignature Language="ILAsm" Value=".property instance unsigned int32 Y" />
      <MemberType>Property</MemberType>
      <AssemblyInfo>
        <AssemblyVersion>0.0.5950.20892</AssemblyVersion>
      </AssemblyInfo>
      <ReturnValue>
        <ReturnType>System.UInt32</ReturnType>
      </ReturnValue>
      <Docs>
        <summary>must: be less than or equal to sname:VkPhysicalDeviceLimits::pname:maxComputeWorkGroupCount[1]</summary>
        <value>To be added.</value>
        <remarks></remarks>
      </Docs>
    </Member>
    <Member MemberName="Z">
      <MemberSignature Language="C#" Value="public uint Z;" />
      <MemberSignature Language="ILAsm" Value=".field public unsigned int32 Z" />
      <MemberType>Field</MemberType>
      <AssemblyInfo>
        <AssemblyVersion>0.0.6105.39043</AssemblyVersion>
        <AssemblyVersion>0.0.6106.39464</AssemblyVersion>
        <AssemblyVersion>0.0.6134.41045</AssemblyVersion>
        <AssemblyVersion>0.0.6142.19338</AssemblyVersion>
      </AssemblyInfo>
      <ReturnValue>
        <ReturnType>System.UInt32</ReturnType>
      </ReturnValue>
      <Docs>
        <summary>must: be less than or equal to sname:VkPhysicalDeviceLimits::pname:maxComputeWorkGroupCount[2] ****</summary>
        <remarks></remarks>
      </Docs>
    </Member>
    <Member MemberName="Z">
      <MemberSignature Language="C#" Value="public uint Z { get; set; }" />
      <MemberSignature Language="ILAsm" Value=".property instance unsigned int32 Z" />
      <MemberType>Property</MemberType>
      <AssemblyInfo>
        <AssemblyVersion>0.0.5950.20892</AssemblyVersion>
      </AssemblyInfo>
      <ReturnValue>
        <ReturnType>System.UInt32</ReturnType>
      </ReturnValue>
      <Docs>
        <summary>must: be less than or equal to sname:VkPhysicalDeviceLimits::pname:maxComputeWorkGroupCount[2] ****</summary>
        <value>To be added.</value>
        <remarks></remarks>
      </Docs>
    </Member>
  </Members>
</Type>