﻿<?xml version="1.0" encoding="utf-8"?>
<Type Name="DrawIndirectCommand" FullName="Vulkan.DrawIndirectCommand">
  <TypeSignature Language="C#" Value="public struct DrawIndirectCommand" />
  <TypeSignature Language="ILAsm" Value=".class public sequential ansi sealed beforefieldinit DrawIndirectCommand extends System.ValueType" />
  <AssemblyInfo>
    <AssemblyName>Vulkan</AssemblyName>
    <AssemblyVersion>0.0.5950.20892</AssemblyVersion>
    <AssemblyVersion>0.0.6105.39043</AssemblyVersion>
    <AssemblyVersion>0.0.6106.39464</AssemblyVersion>
    <AssemblyVersion>0.0.6134.41045</AssemblyVersion>
    <AssemblyVersion>0.0.6142.19338</AssemblyVersion>
  </AssemblyInfo>
  <Base>
    <BaseTypeName>System.ValueType</BaseTypeName>
  </Base>
  <Interfaces />
  <Docs>
    <summary>Structure specifying a draw indirect command</summary>
    <remarks></remarks>
  </Docs>
  <Members>
    <Member MemberName=".ctor">
      <MemberSignature Language="C#" Value="public DrawIndirectCommand ();" />
      <MemberSignature Language="ILAsm" Value=".method public hidebysig specialname rtspecialname instance void .ctor() cil managed" />
      <MemberType>Constructor</MemberType>
      <AssemblyInfo>
        <AssemblyVersion>0.0.5950.20892</AssemblyVersion>
      </AssemblyInfo>
      <Parameters />
      <Docs>
        <summary>To be added.</summary>
        <remarks>To be added.</remarks>
      </Docs>
    </Member>
    <Member MemberName="FirstInstance">
      <MemberSignature Language="C#" Value="public uint FirstInstance;" />
      <MemberSignature Language="ILAsm" Value=".field public unsigned int32 FirstInstance" />
      <MemberType>Field</MemberType>
      <AssemblyInfo>
        <AssemblyVersion>0.0.6105.39043</AssemblyVersion>
        <AssemblyVersion>0.0.6106.39464</AssemblyVersion>
        <AssemblyVersion>0.0.6134.41045</AssemblyVersion>
        <AssemblyVersion>0.0.6142.19338</AssemblyVersion>
      </AssemblyInfo>
      <ReturnValue>
        <ReturnType>System.UInt32</ReturnType>
      </ReturnValue>
      <Docs>
        <summary>is the instance ID of the first instance to draw.</summary>
        <remarks></remarks>
      </Docs>
    </Member>
    <Member MemberName="FirstInstance">
      <MemberSignature Language="C#" Value="public uint FirstInstance { get; set; }" />
      <MemberSignature Language="ILAsm" Value=".property instance unsigned int32 FirstInstance" />
      <MemberType>Property</MemberType>
      <AssemblyInfo>
        <AssemblyVersion>0.0.5950.20892</AssemblyVersion>
      </AssemblyInfo>
      <ReturnValue>
        <ReturnType>System.UInt32</ReturnType>
      </ReturnValue>
      <Docs>
        <summary>is the instance ID of the first instance to draw.</summary>
        <value>To be added.</value>
        <remarks></remarks>
      </Docs>
    </Member>
    <Member MemberName="FirstVertex">
      <MemberSignature Language="C#" Value="public uint FirstVertex;" />
      <MemberSignature Language="ILAsm" Value=".field public unsigned int32 FirstVertex" />
      <MemberType>Field</MemberType>
      <AssemblyInfo>
        <AssemblyVersion>0.0.6105.39043</AssemblyVersion>
        <AssemblyVersion>0.0.6106.39464</AssemblyVersion>
        <AssemblyVersion>0.0.6134.41045</AssemblyVersion>
        <AssemblyVersion>0.0.6142.19338</AssemblyVersion>
      </AssemblyInfo>
      <ReturnValue>
        <ReturnType>System.UInt32</ReturnType>
      </ReturnValue>
      <Docs>
        <summary>is the index of the first vertex to draw.</summary>
        <remarks></remarks>
      </Docs>
    </Member>
    <Member MemberName="FirstVertex">
      <MemberSignature Language="C#" Value="public uint FirstVertex { get; set; }" />
      <MemberSignature Language="ILAsm" Value=".property instance unsigned int32 FirstVertex" />
      <MemberType>Property</MemberType>
      <AssemblyInfo>
        <AssemblyVersion>0.0.5950.20892</AssemblyVersion>
      </AssemblyInfo>
      <ReturnValue>
        <ReturnType>System.UInt32</ReturnType>
      </ReturnValue>
      <Docs>
        <summary>is the index of the first vertex to draw.</summary>
        <value>To be added.</value>
        <remarks></remarks>
      </Docs>
    </Member>
    <Member MemberName="InstanceCount">
      <MemberSignature Language="C#" Value="public uint InstanceCount;" />
      <MemberSignature Language="ILAsm" Value=".field public unsigned int32 InstanceCount" />
      <MemberType>Field</MemberType>
      <AssemblyInfo>
        <AssemblyVersion>0.0.6105.39043</AssemblyVersion>
        <AssemblyVersion>0.0.6106.39464</AssemblyVersion>
        <AssemblyVersion>0.0.6134.41045</AssemblyVersion>
        <AssemblyVersion>0.0.6142.19338</AssemblyVersion>
      </AssemblyInfo>
      <ReturnValue>
        <ReturnType>System.UInt32</ReturnType>
      </ReturnValue>
      <Docs>
        <summary>is the number of instances to draw.</summary>
        <remarks></remarks>
      </Docs>
    </Member>
    <Member MemberName="InstanceCount">
      <MemberSignature Language="C#" Value="public uint InstanceCount { get; set; }" />
      <MemberSignature Language="ILAsm" Value=".property instance unsigned int32 InstanceCount" />
      <MemberType>Property</MemberType>
      <AssemblyInfo>
        <AssemblyVersion>0.0.5950.20892</AssemblyVersion>
      </AssemblyInfo>
      <ReturnValue>
        <ReturnType>System.UInt32</ReturnType>
      </ReturnValue>
      <Docs>
        <summary>is the number of instances to draw.</summary>
        <value>To be added.</value>
        <remarks></remarks>
      </Docs>
    </Member>
    <Member MemberName="VertexCount">
      <MemberSignature Language="C#" Value="public uint VertexCount;" />
      <MemberSignature Language="ILAsm" Value=".field public unsigned int32 VertexCount" />
      <MemberType>Field</MemberType>
      <AssemblyInfo>
        <AssemblyVersion>0.0.6105.39043</AssemblyVersion>
        <AssemblyVersion>0.0.6106.39464</AssemblyVersion>
        <AssemblyVersion>0.0.6134.41045</AssemblyVersion>
        <AssemblyVersion>0.0.6142.19338</AssemblyVersion>
      </AssemblyInfo>
      <ReturnValue>
        <ReturnType>System.UInt32</ReturnType>
      </ReturnValue>
      <Docs>
        <summary>is the number of vertices to draw.</summary>
        <remarks></remarks>
      </Docs>
    </Member>
    <Member MemberName="VertexCount">
      <MemberSignature Language="C#" Value="public uint VertexCount { get; set; }" />
      <MemberSignature Language="ILAsm" Value=".property instance unsigned int32 VertexCount" />
      <MemberType>Property</MemberType>
      <AssemblyInfo>
        <AssemblyVersion>0.0.5950.20892</AssemblyVersion>
      </AssemblyInfo>
      <ReturnValue>
        <ReturnType>System.UInt32</ReturnType>
      </ReturnValue>
      <Docs>
        <summary>is the number of vertices to draw.</summary>
        <value>To be added.</value>
        <remarks></remarks>
      </Docs>
    </Member>
  </Members>
</Type>