﻿<?xml version="1.0" encoding="utf-8"?>
<Type Name="DrawIndexedIndirectCommand" FullName="Vulkan.DrawIndexedIndirectCommand">
  <TypeSignature Language="C#" Value="public struct DrawIndexedIndirectCommand" />
  <TypeSignature Language="ILAsm" Value=".class public sequential ansi sealed beforefieldinit DrawIndexedIndirectCommand extends System.ValueType" />
  <AssemblyInfo>
    <AssemblyName>Vulkan</AssemblyName>
    <AssemblyVersion>0.0.5950.20892</AssemblyVersion>
    <AssemblyVersion>0.0.6105.39043</AssemblyVersion>
    <AssemblyVersion>0.0.6106.39464</AssemblyVersion>
    <AssemblyVersion>0.0.6134.41045</AssemblyVersion>
    <AssemblyVersion>0.0.6142.19338</AssemblyVersion>
  </AssemblyInfo>
  <Base>
    <BaseTypeName>System.ValueType</BaseTypeName>
  </Base>
  <Interfaces />
  <Docs>
    <summary>Structure specifying a draw indexed indirect command</summary>
    <remarks></remarks>
  </Docs>
  <Members>
    <Member MemberName=".ctor">
      <MemberSignature Language="C#" Value="public DrawIndexedIndirectCommand ();" />
      <MemberSignature Language="ILAsm" Value=".method public hidebysig specialname rtspecialname instance void .ctor() cil managed" />
      <MemberType>Constructor</MemberType>
      <AssemblyInfo>
        <AssemblyVersion>0.0.5950.20892</AssemblyVersion>
      </AssemblyInfo>
      <Parameters />
      <Docs>
        <summary>To be added.</summary>
        <remarks>To be added.</remarks>
      </Docs>
    </Member>
    <Member MemberName="FirstIndex">
      <MemberSignature Language="C#" Value="public uint FirstIndex;" />
      <MemberSignature Language="ILAsm" Value=".field public unsigned int32 FirstIndex" />
      <MemberType>Field</MemberType>
      <AssemblyInfo>
        <AssemblyVersion>0.0.6105.39043</AssemblyVersion>
        <AssemblyVersion>0.0.6106.39464</AssemblyVersion>
        <AssemblyVersion>0.0.6134.41045</AssemblyVersion>
        <AssemblyVersion>0.0.6142.19338</AssemblyVersion>
      </AssemblyInfo>
      <ReturnValue>
        <ReturnType>System.UInt32</ReturnType>
      </ReturnValue>
      <Docs>
        <summary>is the base index within the index buffer.</summary>
        <remarks></remarks>
      </Docs>
    </Member>
    <Member MemberName="FirstIndex">
      <MemberSignature Language="C#" Value="public uint FirstIndex { get; set; }" />
      <MemberSignature Language="ILAsm" Value=".property instance unsigned int32 FirstIndex" />
      <MemberType>Property</MemberType>
      <AssemblyInfo>
        <AssemblyVersion>0.0.5950.20892</AssemblyVersion>
      </AssemblyInfo>
      <ReturnValue>
        <ReturnType>System.UInt32</ReturnType>
      </ReturnValue>
      <Docs>
        <summary>is the base index within the index buffer.</summary>
        <value>To be added.</value>
        <remarks></remarks>
      </Docs>
    </Member>
    <Member MemberName="FirstInstance">
      <MemberSignature Language="C#" Value="public uint FirstInstance;" />
      <MemberSignature Language="ILAsm" Value=".field public unsigned int32 FirstInstance" />
      <MemberType>Field</MemberType>
      <AssemblyInfo>
        <AssemblyVersion>0.0.6105.39043</AssemblyVersion>
        <AssemblyVersion>0.0.6106.39464</AssemblyVersion>
        <AssemblyVersion>0.0.6134.41045</AssemblyVersion>
        <AssemblyVersion>0.0.6142.19338</AssemblyVersion>
      </AssemblyInfo>
      <ReturnValue>
        <ReturnType>System.UInt32</ReturnType>
      </ReturnValue>
      <Docs>
        <summary>is the instance ID of the first instance to draw.</summary>
        <remarks></remarks>
      </Docs>
    </Member>
    <Member MemberName="FirstInstance">
      <MemberSignature Language="C#" Value="public uint FirstInstance { get; set; }" />
      <MemberSignature Language="ILAsm" Value=".property instance unsigned int32 FirstInstance" />
      <MemberType>Property</MemberType>
      <AssemblyInfo>
        <AssemblyVersion>0.0.5950.20892</AssemblyVersion>
      </AssemblyInfo>
      <ReturnValue>
        <ReturnType>System.UInt32</ReturnType>
      </ReturnValue>
      <Docs>
        <summary>is the instance ID of the first instance to draw.</summary>
        <value>To be added.</value>
        <remarks></remarks>
      </Docs>
    </Member>
    <Member MemberName="IndexCount">
      <MemberSignature Language="C#" Value="public uint IndexCount;" />
      <MemberSignature Language="ILAsm" Value=".field public unsigned int32 IndexCount" />
      <MemberType>Field</MemberType>
      <AssemblyInfo>
        <AssemblyVersion>0.0.6105.39043</AssemblyVersion>
        <AssemblyVersion>0.0.6106.39464</AssemblyVersion>
        <AssemblyVersion>0.0.6134.41045</AssemblyVersion>
        <AssemblyVersion>0.0.6142.19338</AssemblyVersion>
      </AssemblyInfo>
      <ReturnValue>
        <ReturnType>System.UInt32</ReturnType>
      </ReturnValue>
      <Docs>
        <summary>is the number of vertices to draw.</summary>
        <remarks></remarks>
      </Docs>
    </Member>
    <Member MemberName="IndexCount">
      <MemberSignature Language="C#" Value="public uint IndexCount { get; set; }" />
      <MemberSignature Language="ILAsm" Value=".property instance unsigned int32 IndexCount" />
      <MemberType>Property</MemberType>
      <AssemblyInfo>
        <AssemblyVersion>0.0.5950.20892</AssemblyVersion>
      </AssemblyInfo>
      <ReturnValue>
        <ReturnType>System.UInt32</ReturnType>
      </ReturnValue>
      <Docs>
        <summary>is the number of vertices to draw.</summary>
        <value>To be added.</value>
        <remarks></remarks>
      </Docs>
    </Member>
    <Member MemberName="InstanceCount">
      <MemberSignature Language="C#" Value="public uint InstanceCount;" />
      <MemberSignature Language="ILAsm" Value=".field public unsigned int32 InstanceCount" />
      <MemberType>Field</MemberType>
      <AssemblyInfo>
        <AssemblyVersion>0.0.6105.39043</AssemblyVersion>
        <AssemblyVersion>0.0.6106.39464</AssemblyVersion>
        <AssemblyVersion>0.0.6134.41045</AssemblyVersion>
        <AssemblyVersion>0.0.6142.19338</AssemblyVersion>
      </AssemblyInfo>
      <ReturnValue>
        <ReturnType>System.UInt32</ReturnType>
      </ReturnValue>
      <Docs>
        <summary>is the number of instances to draw.</summary>
        <remarks></remarks>
      </Docs>
    </Member>
    <Member MemberName="InstanceCount">
      <MemberSignature Language="C#" Value="public uint InstanceCount { get; set; }" />
      <MemberSignature Language="ILAsm" Value=".property instance unsigned int32 InstanceCount" />
      <MemberType>Property</MemberType>
      <AssemblyInfo>
        <AssemblyVersion>0.0.5950.20892</AssemblyVersion>
      </AssemblyInfo>
      <ReturnValue>
        <ReturnType>System.UInt32</ReturnType>
      </ReturnValue>
      <Docs>
        <summary>is the number of instances to draw.</summary>
        <value>To be added.</value>
        <remarks></remarks>
      </Docs>
    </Member>
    <Member MemberName="VertexOffset">
      <MemberSignature Language="C#" Value="public int VertexOffset;" />
      <MemberSignature Language="ILAsm" Value=".field public int32 VertexOffset" />
      <MemberType>Field</MemberType>
      <AssemblyInfo>
        <AssemblyVersion>0.0.6105.39043</AssemblyVersion>
        <AssemblyVersion>0.0.6106.39464</AssemblyVersion>
        <AssemblyVersion>0.0.6134.41045</AssemblyVersion>
        <AssemblyVersion>0.0.6142.19338</AssemblyVersion>
      </AssemblyInfo>
      <ReturnValue>
        <ReturnType>System.Int32</ReturnType>
      </ReturnValue>
      <Docs>
        <summary>is the value added to the vertex index before indexing into the vertex buffer.</summary>
        <remarks></remarks>
      </Docs>
    </Member>
    <Member MemberName="VertexOffset">
      <MemberSignature Language="C#" Value="public int VertexOffset { get; set; }" />
      <MemberSignature Language="ILAsm" Value=".property instance int32 VertexOffset" />
      <MemberType>Property</MemberType>
      <AssemblyInfo>
        <AssemblyVersion>0.0.5950.20892</AssemblyVersion>
      </AssemblyInfo>
      <ReturnValue>
        <ReturnType>System.Int32</ReturnType>
      </ReturnValue>
      <Docs>
        <summary>is the value added to the vertex index before indexing into the vertex buffer.</summary>
        <value>To be added.</value>
        <remarks></remarks>
      </Docs>
    </Member>
  </Members>
</Type>