﻿<?xml version="1.0" encoding="utf-8"?>
<Type Name="DynamicState" FullName="Vulkan.DynamicState">
  <TypeSignature Language="C#" Value="public enum DynamicState" />
  <TypeSignature Language="ILAsm" Value=".class public auto ansi sealed DynamicState extends System.Enum" />
  <AssemblyInfo>
    <AssemblyName>Vulkan</AssemblyName>
    <AssemblyVersion>0.0.5950.20892</AssemblyVersion>
    <AssemblyVersion>0.0.6105.39043</AssemblyVersion>
    <AssemblyVersion>0.0.6106.39464</AssemblyVersion>
    <AssemblyVersion>0.0.6134.41045</AssemblyVersion>
    <AssemblyVersion>0.0.6142.19338</AssemblyVersion>
  </AssemblyInfo>
  <Base>
    <BaseTypeName>System.Enum</BaseTypeName>
  </Base>
  <Docs>
    <summary>Indicate which dynamic state is taken from dynamic state commands</summary>
    <remarks></remarks>
  </Docs>
  <Members>
    <Member MemberName="BlendConstants">
      <MemberSignature Language="C#" Value="BlendConstants" />
      <MemberSignature Language="ILAsm" Value=".field public static literal valuetype Vulkan.DynamicState BlendConstants = int32(4)" />
      <MemberType>Field</MemberType>
      <AssemblyInfo>
        <AssemblyVersion>0.0.5950.20892</AssemblyVersion>
        <AssemblyVersion>0.0.6105.39043</AssemblyVersion>
        <AssemblyVersion>0.0.6106.39464</AssemblyVersion>
        <AssemblyVersion>0.0.6134.41045</AssemblyVersion>
        <AssemblyVersion>0.0.6142.19338</AssemblyVersion>
      </AssemblyInfo>
      <ReturnValue>
        <ReturnType>Vulkan.DynamicState</ReturnType>
      </ReturnValue>
      <Docs>
        <summary>indicates that the pname:blendConstants state in sname:VkPipelineColorBlendStateCreateInfo will be ignored and must: be set dynamically with flink:vkCmdSetBlendConstants before any draws are performed with a pipeline state with sname:VkPipelineColorBlendAttachmentState member pname:blendEnable set to ename:VK_TRUE and any of the blend functions using a constant blend color.</summary>
      </Docs>
    </Member>
    <Member MemberName="DepthBias">
      <MemberSignature Language="C#" Value="DepthBias" />
      <MemberSignature Language="ILAsm" Value=".field public static literal valuetype Vulkan.DynamicState DepthBias = int32(3)" />
      <MemberType>Field</MemberType>
      <AssemblyInfo>
        <AssemblyVersion>0.0.5950.20892</AssemblyVersion>
        <AssemblyVersion>0.0.6105.39043</AssemblyVersion>
        <AssemblyVersion>0.0.6106.39464</AssemblyVersion>
        <AssemblyVersion>0.0.6134.41045</AssemblyVersion>
        <AssemblyVersion>0.0.6142.19338</AssemblyVersion>
      </AssemblyInfo>
      <ReturnValue>
        <ReturnType>Vulkan.DynamicState</ReturnType>
      </ReturnValue>
      <Docs>
        <summary>indicates that the pname:depthBiasConstantFactor, pname:depthBiasClamp and pname:depthBiasSlopeFactor states in sname:VkPipelineRasterizationStateCreateInfo will be ignored and must: be set dynamically with flink:vkCmdSetDepthBias before any draws are performed with pname:depthBiasEnable in sname:VkPipelineRasterizationStateCreateInfo set to ename:VK_TRUE.</summary>
      </Docs>
    </Member>
    <Member MemberName="DepthBounds">
      <MemberSignature Language="C#" Value="DepthBounds" />
      <MemberSignature Language="ILAsm" Value=".field public static literal valuetype Vulkan.DynamicState DepthBounds = int32(5)" />
      <MemberType>Field</MemberType>
      <AssemblyInfo>
        <AssemblyVersion>0.0.5950.20892</AssemblyVersion>
        <AssemblyVersion>0.0.6105.39043</AssemblyVersion>
        <AssemblyVersion>0.0.6106.39464</AssemblyVersion>
        <AssemblyVersion>0.0.6134.41045</AssemblyVersion>
        <AssemblyVersion>0.0.6142.19338</AssemblyVersion>
      </AssemblyInfo>
      <ReturnValue>
        <ReturnType>Vulkan.DynamicState</ReturnType>
      </ReturnValue>
      <Docs>
        <summary>indicates that the pname:minDepthBounds and pname:maxDepthBounds states of slink:VkPipelineDepthStencilStateCreateInfo will be ignored and must: be set dynamically with flink:vkCmdSetDepthBounds before any draws are performed with a pipeline state with sname:VkPipelineDepthStencilStateCreateInfo member pname:depthBoundsTestEnable set to ename:VK_TRUE.</summary>
      </Docs>
    </Member>
    <Member MemberName="LineWidth">
      <MemberSignature Language="C#" Value="LineWidth" />
      <MemberSignature Language="ILAsm" Value=".field public static literal valuetype Vulkan.DynamicState LineWidth = int32(2)" />
      <MemberType>Field</MemberType>
      <AssemblyInfo>
        <AssemblyVersion>0.0.5950.20892</AssemblyVersion>
        <AssemblyVersion>0.0.6105.39043</AssemblyVersion>
        <AssemblyVersion>0.0.6106.39464</AssemblyVersion>
        <AssemblyVersion>0.0.6134.41045</AssemblyVersion>
        <AssemblyVersion>0.0.6142.19338</AssemblyVersion>
      </AssemblyInfo>
      <ReturnValue>
        <ReturnType>Vulkan.DynamicState</ReturnType>
      </ReturnValue>
      <Docs>
        <summary>indicates that the pname:lineWidth state in sname:VkPipelineRasterizationStateCreateInfo will be ignored and must: be set dynamically with flink:vkCmdSetLineWidth before any draw commands that generate line primitives for the rasterizer.</summary>
      </Docs>
    </Member>
    <Member MemberName="Scissor">
      <MemberSignature Language="C#" Value="Scissor" />
      <MemberSignature Language="ILAsm" Value=".field public static literal valuetype Vulkan.DynamicState Scissor = int32(1)" />
      <MemberType>Field</MemberType>
      <AssemblyInfo>
        <AssemblyVersion>0.0.5950.20892</AssemblyVersion>
        <AssemblyVersion>0.0.6105.39043</AssemblyVersion>
        <AssemblyVersion>0.0.6106.39464</AssemblyVersion>
        <AssemblyVersion>0.0.6134.41045</AssemblyVersion>
        <AssemblyVersion>0.0.6142.19338</AssemblyVersion>
      </AssemblyInfo>
      <ReturnValue>
        <ReturnType>Vulkan.DynamicState</ReturnType>
      </ReturnValue>
      <Docs>
        <summary>indicates that the pname:pScissors state in sname:VkPipelineViewportStateCreateInfo will be ignored and must: be set dynamically with flink:vkCmdSetScissor before any draw commands. The number of scissor rectangles used by a pipeline is still specified by the pname:scissorCount member of sname:VkPipelineViewportStateCreateInfo.</summary>
      </Docs>
    </Member>
    <Member MemberName="StencilCompareMask">
      <MemberSignature Language="C#" Value="StencilCompareMask" />
      <MemberSignature Language="ILAsm" Value=".field public static literal valuetype Vulkan.DynamicState StencilCompareMask = int32(6)" />
      <MemberType>Field</MemberType>
      <AssemblyInfo>
        <AssemblyVersion>0.0.5950.20892</AssemblyVersion>
        <AssemblyVersion>0.0.6105.39043</AssemblyVersion>
        <AssemblyVersion>0.0.6106.39464</AssemblyVersion>
        <AssemblyVersion>0.0.6134.41045</AssemblyVersion>
        <AssemblyVersion>0.0.6142.19338</AssemblyVersion>
      </AssemblyInfo>
      <ReturnValue>
        <ReturnType>Vulkan.DynamicState</ReturnType>
      </ReturnValue>
      <Docs>
        <summary>indicates that the pname:compareMask state in sname:VkPipelineDepthStencilStateCreateInfo for both pname:front and pname:back will be ignored and must: be set dynamically with flink:vkCmdSetStencilCompareMask before any draws are performed with a pipeline state with sname:VkPipelineDepthStencilStateCreateInfo member pname:stencilTestEnable set to ename:VK_TRUE</summary>
      </Docs>
    </Member>
    <Member MemberName="StencilReference">
      <MemberSignature Language="C#" Value="StencilReference" />
      <MemberSignature Language="ILAsm" Value=".field public static literal valuetype Vulkan.DynamicState StencilReference = int32(8)" />
      <MemberType>Field</MemberType>
      <AssemblyInfo>
        <AssemblyVersion>0.0.5950.20892</AssemblyVersion>
        <AssemblyVersion>0.0.6105.39043</AssemblyVersion>
        <AssemblyVersion>0.0.6106.39464</AssemblyVersion>
        <AssemblyVersion>0.0.6134.41045</AssemblyVersion>
        <AssemblyVersion>0.0.6142.19338</AssemblyVersion>
      </AssemblyInfo>
      <ReturnValue>
        <ReturnType>Vulkan.DynamicState</ReturnType>
      </ReturnValue>
      <Docs>
        <summary>indicates that the pname:reference state in sname:VkPipelineDepthStencilStateCreateInfo for both pname:front and pname:back will be ignored and must: be set dynamically with flink:vkCmdSetStencilReference before any draws are performed with a pipeline state with sname:VkPipelineDepthStencilStateCreateInfo member pname:stencilTestEnable set to ename:VK_TRUE</summary>
      </Docs>
    </Member>
    <Member MemberName="StencilWriteMask">
      <MemberSignature Language="C#" Value="StencilWriteMask" />
      <MemberSignature Language="ILAsm" Value=".field public static literal valuetype Vulkan.DynamicState StencilWriteMask = int32(7)" />
      <MemberType>Field</MemberType>
      <AssemblyInfo>
        <AssemblyVersion>0.0.5950.20892</AssemblyVersion>
        <AssemblyVersion>0.0.6105.39043</AssemblyVersion>
        <AssemblyVersion>0.0.6106.39464</AssemblyVersion>
        <AssemblyVersion>0.0.6134.41045</AssemblyVersion>
        <AssemblyVersion>0.0.6142.19338</AssemblyVersion>
      </AssemblyInfo>
      <ReturnValue>
        <ReturnType>Vulkan.DynamicState</ReturnType>
      </ReturnValue>
      <Docs>
        <summary>indicates that the pname:writeMask state in sname:VkPipelineDepthStencilStateCreateInfo for both pname:front and pname:back will be ignored and must: be set dynamically with flink:vkCmdSetStencilWriteMask before any draws are performed with a pipeline state with sname:VkPipelineDepthStencilStateCreateInfo member pname:stencilTestEnable set to ename:VK_TRUE</summary>
      </Docs>
    </Member>
    <Member MemberName="Viewport">
      <MemberSignature Language="C#" Value="Viewport" />
      <MemberSignature Language="ILAsm" Value=".field public static literal valuetype Vulkan.DynamicState Viewport = int32(0)" />
      <MemberType>Field</MemberType>
      <AssemblyInfo>
        <AssemblyVersion>0.0.5950.20892</AssemblyVersion>
        <AssemblyVersion>0.0.6105.39043</AssemblyVersion>
        <AssemblyVersion>0.0.6106.39464</AssemblyVersion>
        <AssemblyVersion>0.0.6134.41045</AssemblyVersion>
        <AssemblyVersion>0.0.6142.19338</AssemblyVersion>
      </AssemblyInfo>
      <ReturnValue>
        <ReturnType>Vulkan.DynamicState</ReturnType>
      </ReturnValue>
      <Docs>
        <summary>indicates that the pname:pViewports state in sname:VkPipelineViewportStateCreateInfo will be ignored and must: be set dynamically with flink:vkCmdSetViewport before any draw commands. The number of viewports used by a pipeline is still specified by the pname:viewportCount member of sname:VkPipelineViewportStateCreateInfo.</summary>
      </Docs>
    </Member>
  </Members>
</Type>