﻿<?xml version="1.0" encoding="utf-8"?>
<Type Name="Extent2D" FullName="Vulkan.Extent2D">
  <TypeSignature Language="C#" Value="public struct Extent2D" />
  <TypeSignature Language="ILAsm" Value=".class public sequential ansi sealed beforefieldinit Extent2D extends System.ValueType" />
  <AssemblyInfo>
    <AssemblyName>Vulkan</AssemblyName>
    <AssemblyVersion>0.0.5950.20892</AssemblyVersion>
    <AssemblyVersion>0.0.6105.39043</AssemblyVersion>
    <AssemblyVersion>0.0.6106.39464</AssemblyVersion>
    <AssemblyVersion>0.0.6134.41045</AssemblyVersion>
    <AssemblyVersion>0.0.6142.19338</AssemblyVersion>
  </AssemblyInfo>
  <Base>
    <BaseTypeName>System.ValueType</BaseTypeName>
  </Base>
  <Interfaces />
  <Docs>
    <summary>Structure specifying a two-dimensional extent</summary>
    <remarks></remarks>
  </Docs>
  <Members>
    <Member MemberName=".ctor">
      <MemberSignature Language="C#" Value="public Extent2D ();" />
      <MemberSignature Language="ILAsm" Value=".method public hidebysig specialname rtspecialname instance void .ctor() cil managed" />
      <MemberType>Constructor</MemberType>
      <AssemblyInfo>
        <AssemblyVersion>0.0.5950.20892</AssemblyVersion>
      </AssemblyInfo>
      <Parameters />
      <Docs>
        <summary>To be added.</summary>
        <remarks>To be added.</remarks>
      </Docs>
    </Member>
    <Member MemberName="Height">
      <MemberSignature Language="C#" Value="public uint Height;" />
      <MemberSignature Language="ILAsm" Value=".field public unsigned int32 Height" />
      <MemberType>Field</MemberType>
      <AssemblyInfo>
        <AssemblyVersion>0.0.6105.39043</AssemblyVersion>
        <AssemblyVersion>0.0.6106.39464</AssemblyVersion>
        <AssemblyVersion>0.0.6134.41045</AssemblyVersion>
        <AssemblyVersion>0.0.6142.19338</AssemblyVersion>
      </AssemblyInfo>
      <ReturnValue>
        <ReturnType>System.UInt32</ReturnType>
      </ReturnValue>
      <Docs>
        <summary>To be added.</summary>
        <remarks>To be added.</remarks>
      </Docs>
    </Member>
    <Member MemberName="Height">
      <MemberSignature Language="C#" Value="public uint Height { get; set; }" />
      <MemberSignature Language="ILAsm" Value=".property instance unsigned int32 Height" />
      <MemberType>Property</MemberType>
      <AssemblyInfo>
        <AssemblyVersion>0.0.5950.20892</AssemblyVersion>
      </AssemblyInfo>
      <ReturnValue>
        <ReturnType>System.UInt32</ReturnType>
      </ReturnValue>
      <Docs>
        <summary>To be added.</summary>
        <value>To be added.</value>
        <remarks>To be added.</remarks>
      </Docs>
    </Member>
    <Member MemberName="Width">
      <MemberSignature Language="C#" Value="public uint Width;" />
      <MemberSignature Language="ILAsm" Value=".field public unsigned int32 Width" />
      <MemberType>Field</MemberType>
      <AssemblyInfo>
        <AssemblyVersion>0.0.6105.39043</AssemblyVersion>
        <AssemblyVersion>0.0.6106.39464</AssemblyVersion>
        <AssemblyVersion>0.0.6134.41045</AssemblyVersion>
        <AssemblyVersion>0.0.6142.19338</AssemblyVersion>
      </AssemblyInfo>
      <ReturnValue>
        <ReturnType>System.UInt32</ReturnType>
      </ReturnValue>
      <Docs>
        <summary>To be added.</summary>
        <remarks>To be added.</remarks>
      </Docs>
    </Member>
    <Member MemberName="Width">
      <MemberSignature Language="C#" Value="public uint Width { get; set; }" />
      <MemberSignature Language="ILAsm" Value=".property instance unsigned int32 Width" />
      <MemberType>Property</MemberType>
      <AssemblyInfo>
        <AssemblyVersion>0.0.5950.20892</AssemblyVersion>
      </AssemblyInfo>
      <ReturnValue>
        <ReturnType>System.UInt32</ReturnType>
      </ReturnValue>
      <Docs>
        <summary>To be added.</summary>
        <value>To be added.</value>
        <remarks>To be added.</remarks>
      </Docs>
    </Member>
  </Members>
</Type>