﻿<?xml version="1.0" encoding="utf-8"?>
<Type Name="FormatProperties" FullName="Vulkan.FormatProperties">
  <TypeSignature Language="C#" Value="public struct FormatProperties" />
  <TypeSignature Language="ILAsm" Value=".class public sequential ansi sealed beforefieldinit FormatProperties extends System.ValueType" />
  <AssemblyInfo>
    <AssemblyName>Vulkan</AssemblyName>
    <AssemblyVersion>0.0.5950.20892</AssemblyVersion>
    <AssemblyVersion>0.0.6105.39043</AssemblyVersion>
    <AssemblyVersion>0.0.6106.39464</AssemblyVersion>
    <AssemblyVersion>0.0.6134.41045</AssemblyVersion>
    <AssemblyVersion>0.0.6142.19338</AssemblyVersion>
  </AssemblyInfo>
  <Base>
    <BaseTypeName>System.ValueType</BaseTypeName>
  </Base>
  <Interfaces />
  <Docs>
    <summary>Structure specifying image format properties</summary>
    <remarks></remarks>
  </Docs>
  <Members>
    <Member MemberName=".ctor">
      <MemberSignature Language="C#" Value="public FormatProperties ();" />
      <MemberSignature Language="ILAsm" Value=".method public hidebysig specialname rtspecialname instance void .ctor() cil managed" />
      <MemberType>Constructor</MemberType>
      <AssemblyInfo>
        <AssemblyVersion>0.0.5950.20892</AssemblyVersion>
      </AssemblyInfo>
      <Parameters />
      <Docs>
        <summary>To be added.</summary>
        <remarks>To be added.</remarks>
      </Docs>
    </Member>
    <Member MemberName="BufferFeatures">
      <MemberSignature Language="C#" Value="public Vulkan.FormatFeatureFlags BufferFeatures;" />
      <MemberSignature Language="ILAsm" Value=".field public valuetype Vulkan.FormatFeatureFlags BufferFeatures" />
      <MemberType>Field</MemberType>
      <AssemblyInfo>
        <AssemblyVersion>0.0.6105.39043</AssemblyVersion>
        <AssemblyVersion>0.0.6106.39464</AssemblyVersion>
        <AssemblyVersion>0.0.6134.41045</AssemblyVersion>
        <AssemblyVersion>0.0.6142.19338</AssemblyVersion>
      </AssemblyInfo>
      <ReturnValue>
        <ReturnType>Vulkan.FormatFeatureFlags</ReturnType>
      </ReturnValue>
      <Docs>
        <summary>describes the features supported by buffers.</summary>
        <remarks></remarks>
      </Docs>
    </Member>
    <Member MemberName="BufferFeatures">
      <MemberSignature Language="C#" Value="public uint BufferFeatures { get; set; }" />
      <MemberSignature Language="ILAsm" Value=".property instance unsigned int32 BufferFeatures" />
      <MemberType>Property</MemberType>
      <AssemblyInfo>
        <AssemblyVersion>0.0.5950.20892</AssemblyVersion>
      </AssemblyInfo>
      <ReturnValue>
        <ReturnType>System.UInt32</ReturnType>
      </ReturnValue>
      <Docs>
        <summary>describes the features supported by buffers.</summary>
        <value>To be added.</value>
        <remarks></remarks>
      </Docs>
    </Member>
    <Member MemberName="LinearTilingFeatures">
      <MemberSignature Language="C#" Value="public Vulkan.FormatFeatureFlags LinearTilingFeatures;" />
      <MemberSignature Language="ILAsm" Value=".field public valuetype Vulkan.FormatFeatureFlags LinearTilingFeatures" />
      <MemberType>Field</MemberType>
      <AssemblyInfo>
        <AssemblyVersion>0.0.6105.39043</AssemblyVersion>
        <AssemblyVersion>0.0.6106.39464</AssemblyVersion>
        <AssemblyVersion>0.0.6134.41045</AssemblyVersion>
        <AssemblyVersion>0.0.6142.19338</AssemblyVersion>
      </AssemblyInfo>
      <ReturnValue>
        <ReturnType>Vulkan.FormatFeatureFlags</ReturnType>
      </ReturnValue>
      <Docs>
        <summary>describes the features supported by ename:VK_IMAGE_TILING_LINEAR.</summary>
        <remarks></remarks>
      </Docs>
    </Member>
    <Member MemberName="LinearTilingFeatures">
      <MemberSignature Language="C#" Value="public uint LinearTilingFeatures { get; set; }" />
      <MemberSignature Language="ILAsm" Value=".property instance unsigned int32 LinearTilingFeatures" />
      <MemberType>Property</MemberType>
      <AssemblyInfo>
        <AssemblyVersion>0.0.5950.20892</AssemblyVersion>
      </AssemblyInfo>
      <ReturnValue>
        <ReturnType>System.UInt32</ReturnType>
      </ReturnValue>
      <Docs>
        <summary>describes the features supported by ename:VK_IMAGE_TILING_LINEAR.</summary>
        <value>To be added.</value>
        <remarks></remarks>
      </Docs>
    </Member>
    <Member MemberName="OptimalTilingFeatures">
      <MemberSignature Language="C#" Value="public Vulkan.FormatFeatureFlags OptimalTilingFeatures;" />
      <MemberSignature Language="ILAsm" Value=".field public valuetype Vulkan.FormatFeatureFlags OptimalTilingFeatures" />
      <MemberType>Field</MemberType>
      <AssemblyInfo>
        <AssemblyVersion>0.0.6105.39043</AssemblyVersion>
        <AssemblyVersion>0.0.6106.39464</AssemblyVersion>
        <AssemblyVersion>0.0.6134.41045</AssemblyVersion>
        <AssemblyVersion>0.0.6142.19338</AssemblyVersion>
      </AssemblyInfo>
      <ReturnValue>
        <ReturnType>Vulkan.FormatFeatureFlags</ReturnType>
      </ReturnValue>
      <Docs>
        <summary>describes the features supported by ename:VK_IMAGE_TILING_OPTIMAL.</summary>
        <remarks></remarks>
      </Docs>
    </Member>
    <Member MemberName="OptimalTilingFeatures">
      <MemberSignature Language="C#" Value="public uint OptimalTilingFeatures { get; set; }" />
      <MemberSignature Language="ILAsm" Value=".property instance unsigned int32 OptimalTilingFeatures" />
      <MemberType>Property</MemberType>
      <AssemblyInfo>
        <AssemblyVersion>0.0.5950.20892</AssemblyVersion>
      </AssemblyInfo>
      <ReturnValue>
        <ReturnType>System.UInt32</ReturnType>
      </ReturnValue>
      <Docs>
        <summary>describes the features supported by ename:VK_IMAGE_TILING_OPTIMAL.</summary>
        <value>To be added.</value>
        <remarks></remarks>
      </Docs>
    </Member>
  </Members>
</Type>