﻿<?xml version="1.0" encoding="utf-8"?>
<Type Name="FramebufferCreateInfo" FullName="Vulkan.FramebufferCreateInfo">
  <TypeSignature Language="C#" Value="public class FramebufferCreateInfo : Vulkan.MarshalledObject" />
  <TypeSignature Language="ILAsm" Value=".class public auto ansi beforefieldinit FramebufferCreateInfo extends Vulkan.MarshalledObject" />
  <AssemblyInfo>
    <AssemblyName>Vulkan</AssemblyName>
    <AssemblyVersion>0.0.5950.20892</AssemblyVersion>
    <AssemblyVersion>0.0.6105.39043</AssemblyVersion>
    <AssemblyVersion>0.0.6106.39464</AssemblyVersion>
    <AssemblyVersion>0.0.6134.41045</AssemblyVersion>
    <AssemblyVersion>0.0.6142.19338</AssemblyVersion>
  </AssemblyInfo>
  <Base>
    <BaseTypeName>Vulkan.MarshalledObject</BaseTypeName>
  </Base>
  <Interfaces />
  <Docs>
    <summary>Structure specifying parameters of a newly created framebuffer</summary>
    <remarks></remarks>
  </Docs>
  <Members>
    <Member MemberName=".ctor">
      <MemberSignature Language="C#" Value="public FramebufferCreateInfo ();" />
      <MemberSignature Language="ILAsm" Value=".method public hidebysig specialname rtspecialname instance void .ctor() cil managed" />
      <MemberType>Constructor</MemberType>
      <AssemblyInfo>
        <AssemblyVersion>0.0.5950.20892</AssemblyVersion>
        <AssemblyVersion>0.0.6105.39043</AssemblyVersion>
        <AssemblyVersion>0.0.6106.39464</AssemblyVersion>
        <AssemblyVersion>0.0.6134.41045</AssemblyVersion>
        <AssemblyVersion>0.0.6142.19338</AssemblyVersion>
      </AssemblyInfo>
      <Parameters />
      <Docs>
        <summary>To be added.</summary>
        <remarks>To be added.</remarks>
      </Docs>
    </Member>
    <Member MemberName="AttachmentCount">
      <MemberSignature Language="C#" Value="public uint AttachmentCount { get; set; }" />
      <MemberSignature Language="ILAsm" Value=".property instance unsigned int32 AttachmentCount" />
      <MemberType>Property</MemberType>
      <AssemblyInfo>
        <AssemblyVersion>0.0.5950.20892</AssemblyVersion>
        <AssemblyVersion>0.0.6105.39043</AssemblyVersion>
        <AssemblyVersion>0.0.6106.39464</AssemblyVersion>
        <AssemblyVersion>0.0.6134.41045</AssemblyVersion>
        <AssemblyVersion>0.0.6142.19338</AssemblyVersion>
      </AssemblyInfo>
      <ReturnValue>
        <ReturnType>System.UInt32</ReturnType>
      </ReturnValue>
      <Docs>
        <summary>must: be equal to the attachment count specified in pname:renderPass * Any given element of pname:pAttachments that is used as a color attachment or resolve attachment by pname:renderPass must: have been created with a pname:usage value including ename:VK_IMAGE_USAGE_COLOR_ATTACHMENT_BIT * Any given element of pname:pAttachments that is used as a depth/stencil attachment by pname:renderPass must: have been created with a pname:usage value including ename:VK_IMAGE_USAGE_DEPTH_STENCIL_ATTACHMENT_BIT * Any given element of pname:pAttachments that is used as an input attachment by pname:renderPass must: have been created with a pname:usage value including ename:VK_IMAGE_USAGE_INPUT_ATTACHMENT_BIT * Any given element of pname:pAttachments must: have been created with an elink:VkFormat value that matches the elink:VkFormat specified by the corresponding sname:VkAttachmentDescription in pname:renderPass * Any given element of pname:pAttachments must: have been created with a pname:samples value that matches the pname:samples value specified by the corresponding sname:VkAttachmentDescription in pname:renderPass * Any given element of pname:pAttachments must: have dimensions at least as large as the corresponding framebuffer dimension * Any given element of pname:pAttachments must: only specify a single mip level * Any given element of pname:pAttachments must: have been created with the identity swizzle</summary>
        <value>To be added.</value>
        <remarks></remarks>
      </Docs>
    </Member>
    <Member MemberName="Attachments">
      <MemberSignature Language="C#" Value="public Vulkan.ImageView[] Attachments { get; set; }" />
      <MemberSignature Language="ILAsm" Value=".property instance class Vulkan.ImageView[] Attachments" />
      <MemberType>Property</MemberType>
      <AssemblyInfo>
        <AssemblyVersion>0.0.5950.20892</AssemblyVersion>
        <AssemblyVersion>0.0.6105.39043</AssemblyVersion>
        <AssemblyVersion>0.0.6106.39464</AssemblyVersion>
        <AssemblyVersion>0.0.6134.41045</AssemblyVersion>
        <AssemblyVersion>0.0.6142.19338</AssemblyVersion>
      </AssemblyInfo>
      <ReturnValue>
        <ReturnType>Vulkan.ImageView[]</ReturnType>
      </ReturnValue>
      <Docs>
        <summary>is an array of sname:VkImageView handles, each of which will be used as the corresponding attachment in a render pass instance.</summary>
        <value>To be added.</value>
        <remarks></remarks>
      </Docs>
    </Member>
    <Member MemberName="Dispose">
      <MemberSignature Language="C#" Value="public override void Dispose (bool disposing);" />
      <MemberSignature Language="ILAsm" Value=".method public hidebysig virtual instance void Dispose(bool disposing) cil managed" />
      <MemberType>Method</MemberType>
      <AssemblyInfo>
        <AssemblyVersion>0.0.6134.41045</AssemblyVersion>
        <AssemblyVersion>0.0.6142.19338</AssemblyVersion>
      </AssemblyInfo>
      <ReturnValue>
        <ReturnType>System.Void</ReturnType>
      </ReturnValue>
      <Parameters>
        <Parameter Name="disposing" Type="System.Boolean" />
      </Parameters>
      <Docs>
        <param name="disposing">To be added.</param>
        <summary>To be added.</summary>
        <remarks>To be added.</remarks>
      </Docs>
    </Member>
    <Member MemberName="Flags">
      <MemberSignature Language="C#" Value="public uint Flags { get; set; }" />
      <MemberSignature Language="ILAsm" Value=".property instance unsigned int32 Flags" />
      <MemberType>Property</MemberType>
      <AssemblyInfo>
        <AssemblyVersion>0.0.5950.20892</AssemblyVersion>
        <AssemblyVersion>0.0.6105.39043</AssemblyVersion>
        <AssemblyVersion>0.0.6106.39464</AssemblyVersion>
        <AssemblyVersion>0.0.6134.41045</AssemblyVersion>
        <AssemblyVersion>0.0.6142.19338</AssemblyVersion>
      </AssemblyInfo>
      <ReturnValue>
        <ReturnType>System.UInt32</ReturnType>
      </ReturnValue>
      <Docs>
        <summary>is reserved for future use.</summary>
        <value>To be added.</value>
        <remarks></remarks>
      </Docs>
    </Member>
    <Member MemberName="Height">
      <MemberSignature Language="C#" Value="public uint Height { get; set; }" />
      <MemberSignature Language="ILAsm" Value=".property instance unsigned int32 Height" />
      <MemberType>Property</MemberType>
      <AssemblyInfo>
        <AssemblyVersion>0.0.5950.20892</AssemblyVersion>
        <AssemblyVersion>0.0.6105.39043</AssemblyVersion>
        <AssemblyVersion>0.0.6106.39464</AssemblyVersion>
        <AssemblyVersion>0.0.6134.41045</AssemblyVersion>
        <AssemblyVersion>0.0.6142.19338</AssemblyVersion>
      </AssemblyInfo>
      <ReturnValue>
        <ReturnType>System.UInt32</ReturnType>
      </ReturnValue>
      <Docs>
        <summary>must: be less than or equal to sname:VkPhysicalDeviceLimits::pname:maxFramebufferHeight</summary>
        <value>To be added.</value>
        <remarks></remarks>
      </Docs>
    </Member>
    <Member MemberName="Layers">
      <MemberSignature Language="C#" Value="public uint Layers { get; set; }" />
      <MemberSignature Language="ILAsm" Value=".property instance unsigned int32 Layers" />
      <MemberType>Property</MemberType>
      <AssemblyInfo>
        <AssemblyVersion>0.0.5950.20892</AssemblyVersion>
        <AssemblyVersion>0.0.6105.39043</AssemblyVersion>
        <AssemblyVersion>0.0.6106.39464</AssemblyVersion>
        <AssemblyVersion>0.0.6134.41045</AssemblyVersion>
        <AssemblyVersion>0.0.6142.19338</AssemblyVersion>
      </AssemblyInfo>
      <ReturnValue>
        <ReturnType>System.UInt32</ReturnType>
      </ReturnValue>
      <Docs>
        <summary>must: be less than or equal to sname:VkPhysicalDeviceLimits::pname:maxFramebufferLayers ****</summary>
        <value>To be added.</value>
        <remarks></remarks>
      </Docs>
    </Member>
    <Member MemberName="RenderPass">
      <MemberSignature Language="C#" Value="public Vulkan.RenderPass RenderPass { get; set; }" />
      <MemberSignature Language="ILAsm" Value=".property instance class Vulkan.RenderPass RenderPass" />
      <MemberType>Property</MemberType>
      <AssemblyInfo>
        <AssemblyVersion>0.0.5950.20892</AssemblyVersion>
        <AssemblyVersion>0.0.6105.39043</AssemblyVersion>
        <AssemblyVersion>0.0.6106.39464</AssemblyVersion>
        <AssemblyVersion>0.0.6134.41045</AssemblyVersion>
        <AssemblyVersion>0.0.6142.19338</AssemblyVersion>
      </AssemblyInfo>
      <ReturnValue>
        <ReturnType>Vulkan.RenderPass</ReturnType>
      </ReturnValue>
      <Docs>
        <summary>is a render pass that defines what render passes the framebuffer will be compatible with. See &lt;&lt;renderpass-compatibility,Render Pass Compatibility&gt;&gt; for details.</summary>
        <value>To be added.</value>
        <remarks></remarks>
      </Docs>
    </Member>
    <Member MemberName="VirtualDispose">
      <MemberSignature Language="C#" Value="public override void VirtualDispose ();" />
      <MemberSignature Language="ILAsm" Value=".method public hidebysig virtual instance void VirtualDispose() cil managed" />
      <MemberType>Method</MemberType>
      <AssemblyInfo>
        <AssemblyVersion>0.0.6105.39043</AssemblyVersion>
        <AssemblyVersion>0.0.6106.39464</AssemblyVersion>
      </AssemblyInfo>
      <ReturnValue>
        <ReturnType>System.Void</ReturnType>
      </ReturnValue>
      <Parameters />
      <Docs>
        <summary>To be added.</summary>
        <remarks>To be added.</remarks>
      </Docs>
    </Member>
    <Member MemberName="Width">
      <MemberSignature Language="C#" Value="public uint Width { get; set; }" />
      <MemberSignature Language="ILAsm" Value=".property instance unsigned int32 Width" />
      <MemberType>Property</MemberType>
      <AssemblyInfo>
        <AssemblyVersion>0.0.5950.20892</AssemblyVersion>
        <AssemblyVersion>0.0.6105.39043</AssemblyVersion>
        <AssemblyVersion>0.0.6106.39464</AssemblyVersion>
        <AssemblyVersion>0.0.6134.41045</AssemblyVersion>
        <AssemblyVersion>0.0.6142.19338</AssemblyVersion>
      </AssemblyInfo>
      <ReturnValue>
        <ReturnType>System.UInt32</ReturnType>
      </ReturnValue>
      <Docs>
        <summary>must: be less than or equal to sname:VkPhysicalDeviceLimits::pname:maxFramebufferWidth</summary>
        <value>To be added.</value>
        <remarks></remarks>
      </Docs>
    </Member>
  </Members>
</Type>