﻿<?xml version="1.0" encoding="utf-8"?>
<Type Name="ImageMemoryBarrier" FullName="Vulkan.ImageMemoryBarrier">
  <TypeSignature Language="C#" Value="public class ImageMemoryBarrier : Vulkan.MarshalledObject" />
  <TypeSignature Language="ILAsm" Value=".class public auto ansi beforefieldinit ImageMemoryBarrier extends Vulkan.MarshalledObject" />
  <AssemblyInfo>
    <AssemblyName>Vulkan</AssemblyName>
    <AssemblyVersion>0.0.5950.20892</AssemblyVersion>
    <AssemblyVersion>0.0.6105.39043</AssemblyVersion>
    <AssemblyVersion>0.0.6106.39464</AssemblyVersion>
    <AssemblyVersion>0.0.6134.41045</AssemblyVersion>
    <AssemblyVersion>0.0.6142.19338</AssemblyVersion>
  </AssemblyInfo>
  <Base>
    <BaseTypeName>Vulkan.MarshalledObject</BaseTypeName>
  </Base>
  <Interfaces />
  <Docs>
    <summary>Structure specifying the parameters of an image memory barrier</summary>
    <remarks></remarks>
  </Docs>
  <Members>
    <Member MemberName=".ctor">
      <MemberSignature Language="C#" Value="public ImageMemoryBarrier ();" />
      <MemberSignature Language="ILAsm" Value=".method public hidebysig specialname rtspecialname instance void .ctor() cil managed" />
      <MemberType>Constructor</MemberType>
      <AssemblyInfo>
        <AssemblyVersion>0.0.5950.20892</AssemblyVersion>
        <AssemblyVersion>0.0.6105.39043</AssemblyVersion>
        <AssemblyVersion>0.0.6106.39464</AssemblyVersion>
        <AssemblyVersion>0.0.6134.41045</AssemblyVersion>
        <AssemblyVersion>0.0.6142.19338</AssemblyVersion>
      </AssemblyInfo>
      <Parameters />
      <Docs>
        <summary>To be added.</summary>
        <remarks>To be added.</remarks>
      </Docs>
    </Member>
    <Member MemberName="DstAccessMask">
      <MemberSignature Language="C#" Value="public Vulkan.AccessFlags DstAccessMask { get; set; }" />
      <MemberSignature Language="ILAsm" Value=".property instance valuetype Vulkan.AccessFlags DstAccessMask" />
      <MemberType>Property</MemberType>
      <AssemblyInfo>
        <AssemblyVersion>0.0.5950.20892</AssemblyVersion>
        <AssemblyVersion>0.0.6105.39043</AssemblyVersion>
        <AssemblyVersion>0.0.6106.39464</AssemblyVersion>
        <AssemblyVersion>0.0.6134.41045</AssemblyVersion>
        <AssemblyVersion>0.0.6142.19338</AssemblyVersion>
      </AssemblyInfo>
      <ReturnValue>
        <ReturnType>Vulkan.AccessFlags</ReturnType>
      </ReturnValue>
      <Docs>
        <summary>is a bitmask of the classes of memory accesses performed by the second set of commands that will participate in the dependency.</summary>
        <value>To be added.</value>
        <remarks></remarks>
      </Docs>
    </Member>
    <Member MemberName="DstQueueFamilyIndex">
      <MemberSignature Language="C#" Value="public uint DstQueueFamilyIndex { get; set; }" />
      <MemberSignature Language="ILAsm" Value=".property instance unsigned int32 DstQueueFamilyIndex" />
      <MemberType>Property</MemberType>
      <AssemblyInfo>
        <AssemblyVersion>0.0.5950.20892</AssemblyVersion>
        <AssemblyVersion>0.0.6105.39043</AssemblyVersion>
        <AssemblyVersion>0.0.6106.39464</AssemblyVersion>
        <AssemblyVersion>0.0.6134.41045</AssemblyVersion>
        <AssemblyVersion>0.0.6142.19338</AssemblyVersion>
      </AssemblyInfo>
      <ReturnValue>
        <ReturnType>System.UInt32</ReturnType>
      </ReturnValue>
      <Docs>
        <summary>is the queue family that is acquiring ownership of the image subresource(s) from another queue, or ename:VK_QUEUE_FAMILY_IGNORED if there is no transfer of ownership).</summary>
        <value>To be added.</value>
        <remarks></remarks>
      </Docs>
    </Member>
    <Member MemberName="Image">
      <MemberSignature Language="C#" Value="public Vulkan.Image Image { get; set; }" />
      <MemberSignature Language="ILAsm" Value=".property instance class Vulkan.Image Image" />
      <MemberType>Property</MemberType>
      <AssemblyInfo>
        <AssemblyVersion>0.0.5950.20892</AssemblyVersion>
        <AssemblyVersion>0.0.6105.39043</AssemblyVersion>
        <AssemblyVersion>0.0.6106.39464</AssemblyVersion>
        <AssemblyVersion>0.0.6134.41045</AssemblyVersion>
        <AssemblyVersion>0.0.6142.19338</AssemblyVersion>
      </AssemblyInfo>
      <ReturnValue>
        <ReturnType>Vulkan.Image</ReturnType>
      </ReturnValue>
      <Docs>
        <summary>is a handle to the image whose backing memory is affected by the barrier.</summary>
        <value>To be added.</value>
        <remarks></remarks>
      </Docs>
    </Member>
    <Member MemberName="NewLayout">
      <MemberSignature Language="C#" Value="public Vulkan.ImageLayout NewLayout { get; set; }" />
      <MemberSignature Language="ILAsm" Value=".property instance valuetype Vulkan.ImageLayout NewLayout" />
      <MemberType>Property</MemberType>
      <AssemblyInfo>
        <AssemblyVersion>0.0.5950.20892</AssemblyVersion>
        <AssemblyVersion>0.0.6105.39043</AssemblyVersion>
        <AssemblyVersion>0.0.6106.39464</AssemblyVersion>
        <AssemblyVersion>0.0.6134.41045</AssemblyVersion>
        <AssemblyVersion>0.0.6142.19338</AssemblyVersion>
      </AssemblyInfo>
      <ReturnValue>
        <ReturnType>Vulkan.ImageLayout</ReturnType>
      </ReturnValue>
      <Docs>
        <summary>must: not be ename:VK_IMAGE_LAYOUT_UNDEFINED or ename:VK_IMAGE_LAYOUT_PREINITIALIZED * If pname:image was created with a sharing mode of ename:VK_SHARING_MODE_CONCURRENT, pname:srcQueueFamilyIndex and pname:dstQueueFamilyIndex must: both be ename:VK_QUEUE_FAMILY_IGNORED * If pname:image was created with a sharing mode of ename:VK_SHARING_MODE_EXCLUSIVE, pname:srcQueueFamilyIndex and pname:dstQueueFamilyIndex must: either both be ename:VK_QUEUE_FAMILY_IGNORED, or both be a valid queue family (see &lt;&lt;devsandqueues-queueprops&gt;&gt;) * If pname:image was created with a sharing mode of ename:VK_SHARING_MODE_EXCLUSIVE, and pname:srcQueueFamilyIndex and pname:dstQueueFamilyIndex are valid queue families, at least one of them must: be the same as the family of the queue that will execute this barrier</summary>
        <value>To be added.</value>
        <remarks></remarks>
      </Docs>
    </Member>
    <Member MemberName="OldLayout">
      <MemberSignature Language="C#" Value="public Vulkan.ImageLayout OldLayout { get; set; }" />
      <MemberSignature Language="ILAsm" Value=".property instance valuetype Vulkan.ImageLayout OldLayout" />
      <MemberType>Property</MemberType>
      <AssemblyInfo>
        <AssemblyVersion>0.0.5950.20892</AssemblyVersion>
        <AssemblyVersion>0.0.6105.39043</AssemblyVersion>
        <AssemblyVersion>0.0.6106.39464</AssemblyVersion>
        <AssemblyVersion>0.0.6134.41045</AssemblyVersion>
        <AssemblyVersion>0.0.6142.19338</AssemblyVersion>
      </AssemblyInfo>
      <ReturnValue>
        <ReturnType>Vulkan.ImageLayout</ReturnType>
      </ReturnValue>
      <Docs>
        <summary>must: be ename:VK_IMAGE_LAYOUT_UNDEFINED or the current layout of the image subresources affected by the barrier</summary>
        <value>To be added.</value>
        <remarks></remarks>
      </Docs>
    </Member>
    <Member MemberName="SrcAccessMask">
      <MemberSignature Language="C#" Value="public Vulkan.AccessFlags SrcAccessMask { get; set; }" />
      <MemberSignature Language="ILAsm" Value=".property instance valuetype Vulkan.AccessFlags SrcAccessMask" />
      <MemberType>Property</MemberType>
      <AssemblyInfo>
        <AssemblyVersion>0.0.5950.20892</AssemblyVersion>
        <AssemblyVersion>0.0.6105.39043</AssemblyVersion>
        <AssemblyVersion>0.0.6106.39464</AssemblyVersion>
        <AssemblyVersion>0.0.6134.41045</AssemblyVersion>
        <AssemblyVersion>0.0.6142.19338</AssemblyVersion>
      </AssemblyInfo>
      <ReturnValue>
        <ReturnType>Vulkan.AccessFlags</ReturnType>
      </ReturnValue>
      <Docs>
        <summary>is a bitmask of the classes of memory accesses performed by the first set of commands that will participate in the dependency.</summary>
        <value>To be added.</value>
        <remarks></remarks>
      </Docs>
    </Member>
    <Member MemberName="SrcQueueFamilyIndex">
      <MemberSignature Language="C#" Value="public uint SrcQueueFamilyIndex { get; set; }" />
      <MemberSignature Language="ILAsm" Value=".property instance unsigned int32 SrcQueueFamilyIndex" />
      <MemberType>Property</MemberType>
      <AssemblyInfo>
        <AssemblyVersion>0.0.5950.20892</AssemblyVersion>
        <AssemblyVersion>0.0.6105.39043</AssemblyVersion>
        <AssemblyVersion>0.0.6106.39464</AssemblyVersion>
        <AssemblyVersion>0.0.6134.41045</AssemblyVersion>
        <AssemblyVersion>0.0.6142.19338</AssemblyVersion>
      </AssemblyInfo>
      <ReturnValue>
        <ReturnType>System.UInt32</ReturnType>
      </ReturnValue>
      <Docs>
        <summary>is the queue family that is relinquishing ownership of the image subresource(s) to another queue, or ename:VK_QUEUE_FAMILY_IGNORED if there is no transfer of ownership).</summary>
        <value>To be added.</value>
        <remarks></remarks>
      </Docs>
    </Member>
    <Member MemberName="SubresourceRange">
      <MemberSignature Language="C#" Value="public Vulkan.ImageSubresourceRange SubresourceRange { get; set; }" />
      <MemberSignature Language="ILAsm" Value=".property instance valuetype Vulkan.ImageSubresourceRange SubresourceRange" />
      <MemberType>Property</MemberType>
      <AssemblyInfo>
        <AssemblyVersion>0.0.5950.20892</AssemblyVersion>
        <AssemblyVersion>0.0.6105.39043</AssemblyVersion>
        <AssemblyVersion>0.0.6106.39464</AssemblyVersion>
        <AssemblyVersion>0.0.6134.41045</AssemblyVersion>
        <AssemblyVersion>0.0.6142.19338</AssemblyVersion>
      </AssemblyInfo>
      <ReturnValue>
        <ReturnType>Vulkan.ImageSubresourceRange</ReturnType>
      </ReturnValue>
      <Docs>
        <summary>must: be a valid image subresource range for the image (see &lt;&lt;resources-image-views&gt;&gt;) * If pname:image has a depth/stencil format with both depth and stencil components, then pname:aspectMask member of pname:subresourceRange must: include both ename:VK_IMAGE_ASPECT_DEPTH_BIT and ename:VK_IMAGE_ASPECT_STENCIL_BIT * If either pname:oldLayout or pname:newLayout is ename:VK_IMAGE_LAYOUT_COLOR_ATTACHMENT_OPTIMAL then pname:image must: have been created with ename:VK_IMAGE_USAGE_COLOR_ATTACHMENT_BIT set * If either pname:oldLayout or pname:newLayout is ename:VK_IMAGE_LAYOUT_DEPTH_STENCIL_ATTACHMENT_OPTIMAL then pname:image must: have been created with ename:VK_IMAGE_USAGE_DEPTH_STENCIL_ATTACHMENT_BIT set * If either pname:oldLayout or pname:newLayout is ename:VK_IMAGE_LAYOUT_DEPTH_STENCIL_READ_ONLY_OPTIMAL then pname:image must: have been created with ename:VK_IMAGE_USAGE_DEPTH_STENCIL_ATTACHMENT_BIT set * If either pname:oldLayout or pname:newLayout is ename:VK_IMAGE_LAYOUT_SHADER_READ_ONLY_OPTIMAL then pname:image must: have been created with ename:VK_IMAGE_USAGE_SAMPLED_BIT or ename:VK_IMAGE_USAGE_INPUT_ATTACHMENT_BIT set * If either pname:oldLayout or pname:newLayout is ename:VK_IMAGE_LAYOUT_TRANSFER_SRC_OPTIMAL then pname:image must: have been created with ename:VK_IMAGE_USAGE_TRANSFER_SRC_BIT set * If either pname:oldLayout or pname:newLayout is ename:VK_IMAGE_LAYOUT_TRANSFER_DST_OPTIMAL then pname:image must: have been created with ename:VK_IMAGE_USAGE_TRANSFER_DST_BIT set ****</summary>
        <value>To be added.</value>
        <remarks></remarks>
      </Docs>
    </Member>
  </Members>
</Type>