﻿<?xml version="1.0" encoding="utf-8"?>
<Type Name="ImageSubresourceRange" FullName="Vulkan.ImageSubresourceRange">
  <TypeSignature Language="C#" Value="public struct ImageSubresourceRange" />
  <TypeSignature Language="ILAsm" Value=".class public sequential ansi sealed beforefieldinit ImageSubresourceRange extends System.ValueType" />
  <AssemblyInfo>
    <AssemblyName>Vulkan</AssemblyName>
    <AssemblyVersion>0.0.5950.20892</AssemblyVersion>
    <AssemblyVersion>0.0.6105.39043</AssemblyVersion>
    <AssemblyVersion>0.0.6106.39464</AssemblyVersion>
    <AssemblyVersion>0.0.6134.41045</AssemblyVersion>
    <AssemblyVersion>0.0.6142.19338</AssemblyVersion>
  </AssemblyInfo>
  <Base>
    <BaseTypeName>System.ValueType</BaseTypeName>
  </Base>
  <Interfaces />
  <Docs>
    <summary>Structure specifying a image subresource range</summary>
    <remarks></remarks>
  </Docs>
  <Members>
    <Member MemberName=".ctor">
      <MemberSignature Language="C#" Value="public ImageSubresourceRange ();" />
      <MemberSignature Language="ILAsm" Value=".method public hidebysig specialname rtspecialname instance void .ctor() cil managed" />
      <MemberType>Constructor</MemberType>
      <AssemblyInfo>
        <AssemblyVersion>0.0.5950.20892</AssemblyVersion>
      </AssemblyInfo>
      <Parameters />
      <Docs>
        <summary>To be added.</summary>
        <remarks>To be added.</remarks>
      </Docs>
    </Member>
    <Member MemberName="AspectMask">
      <MemberSignature Language="C#" Value="public Vulkan.ImageAspectFlags AspectMask;" />
      <MemberSignature Language="ILAsm" Value=".field public valuetype Vulkan.ImageAspectFlags AspectMask" />
      <MemberType>Field</MemberType>
      <AssemblyInfo>
        <AssemblyVersion>0.0.6105.39043</AssemblyVersion>
        <AssemblyVersion>0.0.6106.39464</AssemblyVersion>
        <AssemblyVersion>0.0.6134.41045</AssemblyVersion>
        <AssemblyVersion>0.0.6142.19338</AssemblyVersion>
      </AssemblyInfo>
      <ReturnValue>
        <ReturnType>Vulkan.ImageAspectFlags</ReturnType>
      </ReturnValue>
      <Docs>
        <summary>is a bitmask indicating which aspect(s) of the image are included in the view. See elink:VkImageAspectFlagBits.</summary>
        <remarks></remarks>
      </Docs>
    </Member>
    <Member MemberName="AspectMask">
      <MemberSignature Language="C#" Value="public uint AspectMask { get; set; }" />
      <MemberSignature Language="ILAsm" Value=".property instance unsigned int32 AspectMask" />
      <MemberType>Property</MemberType>
      <AssemblyInfo>
        <AssemblyVersion>0.0.5950.20892</AssemblyVersion>
      </AssemblyInfo>
      <ReturnValue>
        <ReturnType>System.UInt32</ReturnType>
      </ReturnValue>
      <Docs>
        <summary>is a bitmask indicating which aspect(s) of the image are included in the view. See elink:VkImageAspectFlagBits.</summary>
        <value>To be added.</value>
        <remarks></remarks>
      </Docs>
    </Member>
    <Member MemberName="BaseArrayLayer">
      <MemberSignature Language="C#" Value="public uint BaseArrayLayer;" />
      <MemberSignature Language="ILAsm" Value=".field public unsigned int32 BaseArrayLayer" />
      <MemberType>Field</MemberType>
      <AssemblyInfo>
        <AssemblyVersion>0.0.6105.39043</AssemblyVersion>
        <AssemblyVersion>0.0.6106.39464</AssemblyVersion>
        <AssemblyVersion>0.0.6134.41045</AssemblyVersion>
        <AssemblyVersion>0.0.6142.19338</AssemblyVersion>
      </AssemblyInfo>
      <ReturnValue>
        <ReturnType>System.UInt32</ReturnType>
      </ReturnValue>
      <Docs>
        <summary>is the first array layer accessible to the view.</summary>
        <remarks></remarks>
      </Docs>
    </Member>
    <Member MemberName="BaseArrayLayer">
      <MemberSignature Language="C#" Value="public uint BaseArrayLayer { get; set; }" />
      <MemberSignature Language="ILAsm" Value=".property instance unsigned int32 BaseArrayLayer" />
      <MemberType>Property</MemberType>
      <AssemblyInfo>
        <AssemblyVersion>0.0.5950.20892</AssemblyVersion>
      </AssemblyInfo>
      <ReturnValue>
        <ReturnType>System.UInt32</ReturnType>
      </ReturnValue>
      <Docs>
        <summary>is the first array layer accessible to the view.</summary>
        <value>To be added.</value>
        <remarks></remarks>
      </Docs>
    </Member>
    <Member MemberName="BaseMipLevel">
      <MemberSignature Language="C#" Value="public uint BaseMipLevel;" />
      <MemberSignature Language="ILAsm" Value=".field public unsigned int32 BaseMipLevel" />
      <MemberType>Field</MemberType>
      <AssemblyInfo>
        <AssemblyVersion>0.0.6105.39043</AssemblyVersion>
        <AssemblyVersion>0.0.6106.39464</AssemblyVersion>
        <AssemblyVersion>0.0.6134.41045</AssemblyVersion>
        <AssemblyVersion>0.0.6142.19338</AssemblyVersion>
      </AssemblyInfo>
      <ReturnValue>
        <ReturnType>System.UInt32</ReturnType>
      </ReturnValue>
      <Docs>
        <summary>is the first mipmap level accessible to the view.</summary>
        <remarks></remarks>
      </Docs>
    </Member>
    <Member MemberName="BaseMipLevel">
      <MemberSignature Language="C#" Value="public uint BaseMipLevel { get; set; }" />
      <MemberSignature Language="ILAsm" Value=".property instance unsigned int32 BaseMipLevel" />
      <MemberType>Property</MemberType>
      <AssemblyInfo>
        <AssemblyVersion>0.0.5950.20892</AssemblyVersion>
      </AssemblyInfo>
      <ReturnValue>
        <ReturnType>System.UInt32</ReturnType>
      </ReturnValue>
      <Docs>
        <summary>is the first mipmap level accessible to the view.</summary>
        <value>To be added.</value>
        <remarks></remarks>
      </Docs>
    </Member>
    <Member MemberName="LayerCount">
      <MemberSignature Language="C#" Value="public uint LayerCount;" />
      <MemberSignature Language="ILAsm" Value=".field public unsigned int32 LayerCount" />
      <MemberType>Field</MemberType>
      <AssemblyInfo>
        <AssemblyVersion>0.0.6105.39043</AssemblyVersion>
        <AssemblyVersion>0.0.6106.39464</AssemblyVersion>
        <AssemblyVersion>0.0.6134.41045</AssemblyVersion>
        <AssemblyVersion>0.0.6142.19338</AssemblyVersion>
      </AssemblyInfo>
      <ReturnValue>
        <ReturnType>System.UInt32</ReturnType>
      </ReturnValue>
      <Docs>
        <summary>is the number of array layers (starting from pname:baseArrayLayer) accessible to the view.</summary>
        <remarks></remarks>
      </Docs>
    </Member>
    <Member MemberName="LayerCount">
      <MemberSignature Language="C#" Value="public uint LayerCount { get; set; }" />
      <MemberSignature Language="ILAsm" Value=".property instance unsigned int32 LayerCount" />
      <MemberType>Property</MemberType>
      <AssemblyInfo>
        <AssemblyVersion>0.0.5950.20892</AssemblyVersion>
      </AssemblyInfo>
      <ReturnValue>
        <ReturnType>System.UInt32</ReturnType>
      </ReturnValue>
      <Docs>
        <summary>is the number of array layers (starting from pname:baseArrayLayer) accessible to the view.</summary>
        <value>To be added.</value>
        <remarks></remarks>
      </Docs>
    </Member>
    <Member MemberName="LevelCount">
      <MemberSignature Language="C#" Value="public uint LevelCount;" />
      <MemberSignature Language="ILAsm" Value=".field public unsigned int32 LevelCount" />
      <MemberType>Field</MemberType>
      <AssemblyInfo>
        <AssemblyVersion>0.0.6105.39043</AssemblyVersion>
        <AssemblyVersion>0.0.6106.39464</AssemblyVersion>
        <AssemblyVersion>0.0.6134.41045</AssemblyVersion>
        <AssemblyVersion>0.0.6142.19338</AssemblyVersion>
      </AssemblyInfo>
      <ReturnValue>
        <ReturnType>System.UInt32</ReturnType>
      </ReturnValue>
      <Docs>
        <summary>is the number of mipmap levels (starting from pname:baseMipLevel) accessible to the view.</summary>
        <remarks></remarks>
      </Docs>
    </Member>
    <Member MemberName="LevelCount">
      <MemberSignature Language="C#" Value="public uint LevelCount { get; set; }" />
      <MemberSignature Language="ILAsm" Value=".property instance unsigned int32 LevelCount" />
      <MemberType>Property</MemberType>
      <AssemblyInfo>
        <AssemblyVersion>0.0.5950.20892</AssemblyVersion>
      </AssemblyInfo>
      <ReturnValue>
        <ReturnType>System.UInt32</ReturnType>
      </ReturnValue>
      <Docs>
        <summary>is the number of mipmap levels (starting from pname:baseMipLevel) accessible to the view.</summary>
        <value>To be added.</value>
        <remarks></remarks>
      </Docs>
    </Member>
  </Members>
</Type>