﻿<?xml version="1.0" encoding="utf-8"?>
<Type Name="ImageResolve" FullName="Vulkan.ImageResolve">
  <TypeSignature Language="C#" Value="public struct ImageResolve" />
  <TypeSignature Language="ILAsm" Value=".class public sequential ansi sealed beforefieldinit ImageResolve extends System.ValueType" />
  <AssemblyInfo>
    <AssemblyName>Vulkan</AssemblyName>
    <AssemblyVersion>0.0.5950.20892</AssemblyVersion>
    <AssemblyVersion>0.0.6105.39043</AssemblyVersion>
    <AssemblyVersion>0.0.6106.39464</AssemblyVersion>
    <AssemblyVersion>0.0.6134.41045</AssemblyVersion>
    <AssemblyVersion>0.0.6142.19338</AssemblyVersion>
  </AssemblyInfo>
  <Base>
    <BaseTypeName>System.ValueType</BaseTypeName>
  </Base>
  <Interfaces />
  <Docs>
    <summary>Structure specifying an image resolve operation</summary>
    <remarks></remarks>
  </Docs>
  <Members>
    <Member MemberName=".ctor">
      <MemberSignature Language="C#" Value="public ImageResolve ();" />
      <MemberSignature Language="ILAsm" Value=".method public hidebysig specialname rtspecialname instance void .ctor() cil managed" />
      <MemberType>Constructor</MemberType>
      <AssemblyInfo>
        <AssemblyVersion>0.0.5950.20892</AssemblyVersion>
      </AssemblyInfo>
      <Parameters />
      <Docs>
        <summary>To be added.</summary>
        <remarks>To be added.</remarks>
      </Docs>
    </Member>
    <Member MemberName="DstOffset">
      <MemberSignature Language="C#" Value="public Vulkan.Offset3D DstOffset;" />
      <MemberSignature Language="ILAsm" Value=".field public valuetype Vulkan.Offset3D DstOffset" />
      <MemberType>Field</MemberType>
      <AssemblyInfo>
        <AssemblyVersion>0.0.6105.39043</AssemblyVersion>
        <AssemblyVersion>0.0.6106.39464</AssemblyVersion>
        <AssemblyVersion>0.0.6134.41045</AssemblyVersion>
        <AssemblyVersion>0.0.6142.19338</AssemblyVersion>
      </AssemblyInfo>
      <ReturnValue>
        <ReturnType>Vulkan.Offset3D</ReturnType>
      </ReturnValue>
      <Docs>
        <summary>To be added.</summary>
        <remarks>To be added.</remarks>
      </Docs>
    </Member>
    <Member MemberName="DstOffset">
      <MemberSignature Language="C#" Value="public Vulkan.Offset3D DstOffset { get; set; }" />
      <MemberSignature Language="ILAsm" Value=".property instance class Vulkan.Offset3D DstOffset" />
      <MemberType>Property</MemberType>
      <AssemblyInfo>
        <AssemblyVersion>0.0.5950.20892</AssemblyVersion>
      </AssemblyInfo>
      <ReturnValue>
        <ReturnType>Vulkan.Offset3D</ReturnType>
      </ReturnValue>
      <Docs>
        <summary>To be added.</summary>
        <value>To be added.</value>
        <remarks>To be added.</remarks>
      </Docs>
    </Member>
    <Member MemberName="DstSubresource">
      <MemberSignature Language="C#" Value="public Vulkan.ImageSubresourceLayers DstSubresource;" />
      <MemberSignature Language="ILAsm" Value=".field public valuetype Vulkan.ImageSubresourceLayers DstSubresource" />
      <MemberType>Field</MemberType>
      <AssemblyInfo>
        <AssemblyVersion>0.0.6105.39043</AssemblyVersion>
        <AssemblyVersion>0.0.6106.39464</AssemblyVersion>
        <AssemblyVersion>0.0.6134.41045</AssemblyVersion>
        <AssemblyVersion>0.0.6142.19338</AssemblyVersion>
      </AssemblyInfo>
      <ReturnValue>
        <ReturnType>Vulkan.ImageSubresourceLayers</ReturnType>
      </ReturnValue>
      <Docs>
        <summary>To be added.</summary>
        <remarks>To be added.</remarks>
      </Docs>
    </Member>
    <Member MemberName="DstSubresource">
      <MemberSignature Language="C#" Value="public Vulkan.ImageSubresourceLayers DstSubresource { get; set; }" />
      <MemberSignature Language="ILAsm" Value=".property instance class Vulkan.ImageSubresourceLayers DstSubresource" />
      <MemberType>Property</MemberType>
      <AssemblyInfo>
        <AssemblyVersion>0.0.5950.20892</AssemblyVersion>
      </AssemblyInfo>
      <ReturnValue>
        <ReturnType>Vulkan.ImageSubresourceLayers</ReturnType>
      </ReturnValue>
      <Docs>
        <summary>To be added.</summary>
        <value>To be added.</value>
        <remarks>To be added.</remarks>
      </Docs>
    </Member>
    <Member MemberName="Extent">
      <MemberSignature Language="C#" Value="public Vulkan.Extent3D Extent;" />
      <MemberSignature Language="ILAsm" Value=".field public valuetype Vulkan.Extent3D Extent" />
      <MemberType>Field</MemberType>
      <AssemblyInfo>
        <AssemblyVersion>0.0.6105.39043</AssemblyVersion>
        <AssemblyVersion>0.0.6106.39464</AssemblyVersion>
        <AssemblyVersion>0.0.6134.41045</AssemblyVersion>
        <AssemblyVersion>0.0.6142.19338</AssemblyVersion>
      </AssemblyInfo>
      <ReturnValue>
        <ReturnType>Vulkan.Extent3D</ReturnType>
      </ReturnValue>
      <Docs>
        <summary>is the size in texels of the source image to resolve in pname:width, pname:height and pname:depth.</summary>
        <remarks></remarks>
      </Docs>
    </Member>
    <Member MemberName="Extent">
      <MemberSignature Language="C#" Value="public Vulkan.Extent3D Extent { get; set; }" />
      <MemberSignature Language="ILAsm" Value=".property instance class Vulkan.Extent3D Extent" />
      <MemberType>Property</MemberType>
      <AssemblyInfo>
        <AssemblyVersion>0.0.5950.20892</AssemblyVersion>
      </AssemblyInfo>
      <ReturnValue>
        <ReturnType>Vulkan.Extent3D</ReturnType>
      </ReturnValue>
      <Docs>
        <summary>is the size in texels of the source image to resolve in pname:width, pname:height and pname:depth.</summary>
        <value>To be added.</value>
        <remarks></remarks>
      </Docs>
    </Member>
    <Member MemberName="SrcOffset">
      <MemberSignature Language="C#" Value="public Vulkan.Offset3D SrcOffset;" />
      <MemberSignature Language="ILAsm" Value=".field public valuetype Vulkan.Offset3D SrcOffset" />
      <MemberType>Field</MemberType>
      <AssemblyInfo>
        <AssemblyVersion>0.0.6105.39043</AssemblyVersion>
        <AssemblyVersion>0.0.6106.39464</AssemblyVersion>
        <AssemblyVersion>0.0.6134.41045</AssemblyVersion>
        <AssemblyVersion>0.0.6142.19338</AssemblyVersion>
      </AssemblyInfo>
      <ReturnValue>
        <ReturnType>Vulkan.Offset3D</ReturnType>
      </ReturnValue>
      <Docs>
        <summary>and pname:dstOffset select the initial x, y, and z offsets in texels of the sub-regions of the source and destination image data.</summary>
        <remarks></remarks>
      </Docs>
    </Member>
    <Member MemberName="SrcOffset">
      <MemberSignature Language="C#" Value="public Vulkan.Offset3D SrcOffset { get; set; }" />
      <MemberSignature Language="ILAsm" Value=".property instance class Vulkan.Offset3D SrcOffset" />
      <MemberType>Property</MemberType>
      <AssemblyInfo>
        <AssemblyVersion>0.0.5950.20892</AssemblyVersion>
      </AssemblyInfo>
      <ReturnValue>
        <ReturnType>Vulkan.Offset3D</ReturnType>
      </ReturnValue>
      <Docs>
        <summary>and pname:dstOffset select the initial x, y, and z offsets in texels of the sub-regions of the source and destination image data.</summary>
        <value>To be added.</value>
        <remarks></remarks>
      </Docs>
    </Member>
    <Member MemberName="SrcSubresource">
      <MemberSignature Language="C#" Value="public Vulkan.ImageSubresourceLayers SrcSubresource;" />
      <MemberSignature Language="ILAsm" Value=".field public valuetype Vulkan.ImageSubresourceLayers SrcSubresource" />
      <MemberType>Field</MemberType>
      <AssemblyInfo>
        <AssemblyVersion>0.0.6105.39043</AssemblyVersion>
        <AssemblyVersion>0.0.6106.39464</AssemblyVersion>
        <AssemblyVersion>0.0.6134.41045</AssemblyVersion>
        <AssemblyVersion>0.0.6142.19338</AssemblyVersion>
      </AssemblyInfo>
      <ReturnValue>
        <ReturnType>Vulkan.ImageSubresourceLayers</ReturnType>
      </ReturnValue>
      <Docs>
        <summary>and pname:dstSubresource are slink:VkImageSubresourceLayers structures specifying the image subresources of the images used for the source and destination image data, respectively. Resolve of depth/stencil images is not supported.</summary>
        <remarks></remarks>
      </Docs>
    </Member>
    <Member MemberName="SrcSubresource">
      <MemberSignature Language="C#" Value="public Vulkan.ImageSubresourceLayers SrcSubresource { get; set; }" />
      <MemberSignature Language="ILAsm" Value=".property instance class Vulkan.ImageSubresourceLayers SrcSubresource" />
      <MemberType>Property</MemberType>
      <AssemblyInfo>
        <AssemblyVersion>0.0.5950.20892</AssemblyVersion>
      </AssemblyInfo>
      <ReturnValue>
        <ReturnType>Vulkan.ImageSubresourceLayers</ReturnType>
      </ReturnValue>
      <Docs>
        <summary>and pname:dstSubresource are slink:VkImageSubresourceLayers structures specifying the image subresources of the images used for the source and destination image data, respectively. Resolve of depth/stencil images is not supported.</summary>
        <value>To be added.</value>
        <remarks></remarks>
      </Docs>
    </Member>
  </Members>
</Type>