﻿<?xml version="1.0" encoding="utf-8"?>
<Type Name="ImageCreateInfo" FullName="Vulkan.ImageCreateInfo">
  <TypeSignature Language="C#" Value="public class ImageCreateInfo : Vulkan.MarshalledObject" />
  <TypeSignature Language="ILAsm" Value=".class public auto ansi beforefieldinit ImageCreateInfo extends Vulkan.MarshalledObject" />
  <AssemblyInfo>
    <AssemblyName>Vulkan</AssemblyName>
    <AssemblyVersion>0.0.5950.20892</AssemblyVersion>
    <AssemblyVersion>0.0.6105.39043</AssemblyVersion>
    <AssemblyVersion>0.0.6106.39464</AssemblyVersion>
    <AssemblyVersion>0.0.6134.41045</AssemblyVersion>
    <AssemblyVersion>0.0.6142.19338</AssemblyVersion>
  </AssemblyInfo>
  <Base>
    <BaseTypeName>Vulkan.MarshalledObject</BaseTypeName>
  </Base>
  <Interfaces />
  <Docs>
    <summary>Structure specifying the parameters of a newly created image object</summary>
    <remarks></remarks>
  </Docs>
  <Members>
    <Member MemberName=".ctor">
      <MemberSignature Language="C#" Value="public ImageCreateInfo ();" />
      <MemberSignature Language="ILAsm" Value=".method public hidebysig specialname rtspecialname instance void .ctor() cil managed" />
      <MemberType>Constructor</MemberType>
      <AssemblyInfo>
        <AssemblyVersion>0.0.5950.20892</AssemblyVersion>
        <AssemblyVersion>0.0.6105.39043</AssemblyVersion>
        <AssemblyVersion>0.0.6106.39464</AssemblyVersion>
        <AssemblyVersion>0.0.6134.41045</AssemblyVersion>
        <AssemblyVersion>0.0.6142.19338</AssemblyVersion>
      </AssemblyInfo>
      <Parameters />
      <Docs>
        <summary>To be added.</summary>
        <remarks>To be added.</remarks>
      </Docs>
    </Member>
    <Member MemberName="ArrayLayers">
      <MemberSignature Language="C#" Value="public uint ArrayLayers { get; set; }" />
      <MemberSignature Language="ILAsm" Value=".property instance unsigned int32 ArrayLayers" />
      <MemberType>Property</MemberType>
      <AssemblyInfo>
        <AssemblyVersion>0.0.5950.20892</AssemblyVersion>
        <AssemblyVersion>0.0.6105.39043</AssemblyVersion>
        <AssemblyVersion>0.0.6106.39464</AssemblyVersion>
        <AssemblyVersion>0.0.6134.41045</AssemblyVersion>
        <AssemblyVersion>0.0.6142.19338</AssemblyVersion>
      </AssemblyInfo>
      <ReturnValue>
        <ReturnType>System.UInt32</ReturnType>
      </ReturnValue>
      <Docs>
        <summary>must: be less than or equal to sname:VkImageFormatProperties::pname:maxArrayLayers (as returned by fname:vkGetPhysicalDeviceImageFormatProperties with pname:format, pname:type, pname:tiling, pname:usage, and pname:flags equal to those in this structure) * If pname:samples is not ename:VK_SAMPLE_COUNT_1_BIT, pname:imageType must: be ename:VK_IMAGE_TYPE_2D, pname:flags must: not contain ename:VK_IMAGE_CREATE_CUBE_COMPATIBLE_BIT, pname:tiling must: be ename:VK_IMAGE_TILING_OPTIMAL, and pname:mipLevels must: be equal to `1` * If pname:usage includes ename:VK_IMAGE_USAGE_TRANSIENT_ATTACHMENT_BIT, then bits other than ename:VK_IMAGE_USAGE_COLOR_ATTACHMENT_BIT, ename:VK_IMAGE_USAGE_DEPTH_STENCIL_ATTACHMENT_BIT, and ename:VK_IMAGE_USAGE_INPUT_ATTACHMENT_BIT must: not be set * If pname:usage includes ename:VK_IMAGE_USAGE_COLOR_ATTACHMENT_BIT, ename:VK_IMAGE_USAGE_DEPTH_STENCIL_ATTACHMENT_BIT, ename:VK_IMAGE_USAGE_TRANSIENT_ATTACHMENT_BIT, or ename:VK_IMAGE_USAGE_INPUT_ATTACHMENT_BIT, pname:extent.width must: be less than or equal to sname:VkPhysicalDeviceLimits::pname:maxFramebufferWidth * If pname:usage includes ename:VK_IMAGE_USAGE_COLOR_ATTACHMENT_BIT, ename:VK_IMAGE_USAGE_DEPTH_STENCIL_ATTACHMENT_BIT, ename:VK_IMAGE_USAGE_TRANSIENT_ATTACHMENT_BIT, or ename:VK_IMAGE_USAGE_INPUT_ATTACHMENT_BIT, pname:extent.height must: be less than or equal to sname:VkPhysicalDeviceLimits::pname:maxFramebufferHeight</summary>
        <value>To be added.</value>
        <remarks></remarks>
      </Docs>
    </Member>
    <Member MemberName="Dispose">
      <MemberSignature Language="C#" Value="public override void Dispose (bool disposing);" />
      <MemberSignature Language="ILAsm" Value=".method public hidebysig virtual instance void Dispose(bool disposing) cil managed" />
      <MemberType>Method</MemberType>
      <AssemblyInfo>
        <AssemblyVersion>0.0.6134.41045</AssemblyVersion>
        <AssemblyVersion>0.0.6142.19338</AssemblyVersion>
      </AssemblyInfo>
      <ReturnValue>
        <ReturnType>System.Void</ReturnType>
      </ReturnValue>
      <Parameters>
        <Parameter Name="disposing" Type="System.Boolean" />
      </Parameters>
      <Docs>
        <param name="disposing">To be added.</param>
        <summary>To be added.</summary>
        <remarks>To be added.</remarks>
      </Docs>
    </Member>
    <Member MemberName="Extent">
      <MemberSignature Language="C#" Value="public Vulkan.Extent3D Extent { get; set; }" />
      <MemberSignature Language="ILAsm" Value=".property instance valuetype Vulkan.Extent3D Extent" />
      <MemberType>Property</MemberType>
      <AssemblyInfo>
        <AssemblyVersion>0.0.5950.20892</AssemblyVersion>
        <AssemblyVersion>0.0.6105.39043</AssemblyVersion>
        <AssemblyVersion>0.0.6106.39464</AssemblyVersion>
        <AssemblyVersion>0.0.6134.41045</AssemblyVersion>
        <AssemblyVersion>0.0.6142.19338</AssemblyVersion>
      </AssemblyInfo>
      <ReturnValue>
        <ReturnType>Vulkan.Extent3D</ReturnType>
      </ReturnValue>
      <Docs>
        <summary>is a slink:VkExtent3D describing the number of data elements in each dimension of the base level.</summary>
        <value>To be added.</value>
        <remarks></remarks>
      </Docs>
    </Member>
    <Member MemberName="Flags">
      <MemberSignature Language="C#" Value="public Vulkan.ImageCreateFlags Flags { get; set; }" />
      <MemberSignature Language="ILAsm" Value=".property instance valuetype Vulkan.ImageCreateFlags Flags" />
      <MemberType>Property</MemberType>
      <AssemblyInfo>
        <AssemblyVersion>0.0.5950.20892</AssemblyVersion>
        <AssemblyVersion>0.0.6105.39043</AssemblyVersion>
        <AssemblyVersion>0.0.6106.39464</AssemblyVersion>
        <AssemblyVersion>0.0.6134.41045</AssemblyVersion>
        <AssemblyVersion>0.0.6142.19338</AssemblyVersion>
      </AssemblyInfo>
      <ReturnValue>
        <ReturnType>Vulkan.ImageCreateFlags</ReturnType>
      </ReturnValue>
      <Docs>
        <summary>is a bitmask describing additional parameters of the image. See elink:VkImageCreateFlagBits below for a description of the supported bits.</summary>
        <value>To be added.</value>
        <remarks></remarks>
      </Docs>
    </Member>
    <Member MemberName="Format">
      <MemberSignature Language="C#" Value="public Vulkan.Format Format { get; set; }" />
      <MemberSignature Language="ILAsm" Value=".property instance valuetype Vulkan.Format Format" />
      <MemberType>Property</MemberType>
      <AssemblyInfo>
        <AssemblyVersion>0.0.5950.20892</AssemblyVersion>
        <AssemblyVersion>0.0.6105.39043</AssemblyVersion>
        <AssemblyVersion>0.0.6106.39464</AssemblyVersion>
        <AssemblyVersion>0.0.6134.41045</AssemblyVersion>
        <AssemblyVersion>0.0.6142.19338</AssemblyVersion>
      </AssemblyInfo>
      <ReturnValue>
        <ReturnType>Vulkan.Format</ReturnType>
      </ReturnValue>
      <Docs>
        <summary>must: not be ename:VK_FORMAT_UNDEFINED * The pname:width, pname:height, and pname:depth members of pname:extent must: all be greater than `0`</summary>
        <value>To be added.</value>
        <remarks></remarks>
      </Docs>
    </Member>
    <Member MemberName="ImageType">
      <MemberSignature Language="C#" Value="public Vulkan.ImageType ImageType { get; set; }" />
      <MemberSignature Language="ILAsm" Value=".property instance valuetype Vulkan.ImageType ImageType" />
      <MemberType>Property</MemberType>
      <AssemblyInfo>
        <AssemblyVersion>0.0.5950.20892</AssemblyVersion>
        <AssemblyVersion>0.0.6105.39043</AssemblyVersion>
        <AssemblyVersion>0.0.6106.39464</AssemblyVersion>
        <AssemblyVersion>0.0.6134.41045</AssemblyVersion>
        <AssemblyVersion>0.0.6142.19338</AssemblyVersion>
      </AssemblyInfo>
      <ReturnValue>
        <ReturnType>Vulkan.ImageType</ReturnType>
      </ReturnValue>
      <Docs>
        <summary>is ename:VK_IMAGE_TYPE_2D</summary>
        <value>To be added.</value>
        <remarks></remarks>
      </Docs>
    </Member>
    <Member MemberName="InitialLayout">
      <MemberSignature Language="C#" Value="public Vulkan.ImageLayout InitialLayout { get; set; }" />
      <MemberSignature Language="ILAsm" Value=".property instance valuetype Vulkan.ImageLayout InitialLayout" />
      <MemberType>Property</MemberType>
      <AssemblyInfo>
        <AssemblyVersion>0.0.5950.20892</AssemblyVersion>
        <AssemblyVersion>0.0.6105.39043</AssemblyVersion>
        <AssemblyVersion>0.0.6106.39464</AssemblyVersion>
        <AssemblyVersion>0.0.6134.41045</AssemblyVersion>
        <AssemblyVersion>0.0.6142.19338</AssemblyVersion>
      </AssemblyInfo>
      <ReturnValue>
        <ReturnType>Vulkan.ImageLayout</ReturnType>
      </ReturnValue>
      <Docs>
        <summary>selects the initial elink:VkImageLayout state of all image subresources of the image. See &lt;&lt;resources-image-layouts,Image Layouts&gt;&gt;. pname:initialLayout must: be ename:VK_IMAGE_LAYOUT_UNDEFINED or ename:VK_IMAGE_LAYOUT_PREINITIALIZED.</summary>
        <value>To be added.</value>
        <remarks></remarks>
      </Docs>
    </Member>
    <Member MemberName="MipLevels">
      <MemberSignature Language="C#" Value="public uint MipLevels { get; set; }" />
      <MemberSignature Language="ILAsm" Value=".property instance unsigned int32 MipLevels" />
      <MemberType>Property</MemberType>
      <AssemblyInfo>
        <AssemblyVersion>0.0.5950.20892</AssemblyVersion>
        <AssemblyVersion>0.0.6105.39043</AssemblyVersion>
        <AssemblyVersion>0.0.6106.39464</AssemblyVersion>
        <AssemblyVersion>0.0.6134.41045</AssemblyVersion>
        <AssemblyVersion>0.0.6142.19338</AssemblyVersion>
      </AssemblyInfo>
      <ReturnValue>
        <ReturnType>System.UInt32</ReturnType>
      </ReturnValue>
      <Docs>
        <summary>must: be less than or equal to [eq]#{lfloor}log~2~(max(pname:extent.width, pname:extent.height, pname:extent.depth)){rfloor} + 1#. * If any of pname:extent.width, pname:extent.height, or pname:extent.depth are greater than the equivalently named members of sname:VkPhysicalDeviceLimits::pname:maxImageDimension3D, pname:mipLevels must: be less than or equal to sname:VkImageFormatProperties::pname:maxMipLevels (as returned by fname:vkGetPhysicalDeviceImageFormatProperties with pname:format, pname:type, pname:tiling, pname:usage, and pname:flags equal to those in this structure)</summary>
        <value>To be added.</value>
        <remarks></remarks>
      </Docs>
    </Member>
    <Member MemberName="QueueFamilyIndexCount">
      <MemberSignature Language="C#" Value="public uint QueueFamilyIndexCount { get; set; }" />
      <MemberSignature Language="ILAsm" Value=".property instance unsigned int32 QueueFamilyIndexCount" />
      <MemberType>Property</MemberType>
      <AssemblyInfo>
        <AssemblyVersion>0.0.5950.20892</AssemblyVersion>
        <AssemblyVersion>0.0.6105.39043</AssemblyVersion>
        <AssemblyVersion>0.0.6106.39464</AssemblyVersion>
        <AssemblyVersion>0.0.6134.41045</AssemblyVersion>
        <AssemblyVersion>0.0.6142.19338</AssemblyVersion>
      </AssemblyInfo>
      <ReturnValue>
        <ReturnType>System.UInt32</ReturnType>
      </ReturnValue>
      <Docs>
        <summary>is the number of entries in the pname:pQueueFamilyIndices array.</summary>
        <value>To be added.</value>
        <remarks></remarks>
      </Docs>
    </Member>
    <Member MemberName="QueueFamilyIndices">
      <MemberSignature Language="C#" Value="public uint[] QueueFamilyIndices { get; set; }" />
      <MemberSignature Language="ILAsm" Value=".property instance unsigned int32[] QueueFamilyIndices" />
      <MemberType>Property</MemberType>
      <AssemblyInfo>
        <AssemblyVersion>0.0.5950.20892</AssemblyVersion>
        <AssemblyVersion>0.0.6105.39043</AssemblyVersion>
        <AssemblyVersion>0.0.6106.39464</AssemblyVersion>
        <AssemblyVersion>0.0.6134.41045</AssemblyVersion>
        <AssemblyVersion>0.0.6142.19338</AssemblyVersion>
      </AssemblyInfo>
      <ReturnValue>
        <ReturnType>System.UInt32[]</ReturnType>
      </ReturnValue>
      <Docs>
        <summary>is a list of queue families that will access this image (ignored if pname:sharingMode is not ename:VK_SHARING_MODE_CONCURRENT).</summary>
        <value>To be added.</value>
        <remarks></remarks>
      </Docs>
    </Member>
    <Member MemberName="Samples">
      <MemberSignature Language="C#" Value="public Vulkan.SampleCountFlags Samples { get; set; }" />
      <MemberSignature Language="ILAsm" Value=".property instance valuetype Vulkan.SampleCountFlags Samples" />
      <MemberType>Property</MemberType>
      <AssemblyInfo>
        <AssemblyVersion>0.0.5950.20892</AssemblyVersion>
        <AssemblyVersion>0.0.6105.39043</AssemblyVersion>
        <AssemblyVersion>0.0.6106.39464</AssemblyVersion>
        <AssemblyVersion>0.0.6134.41045</AssemblyVersion>
        <AssemblyVersion>0.0.6142.19338</AssemblyVersion>
      </AssemblyInfo>
      <ReturnValue>
        <ReturnType>Vulkan.SampleCountFlags</ReturnType>
      </ReturnValue>
      <Docs>
        <summary>must: be a bit value that is set in sname:VkImageFormatProperties::pname:sampleCounts returned by fname:vkGetPhysicalDeviceImageFormatProperties with pname:format, pname:type, pname:tiling, pname:usage, and pname:flags equal to those in this structure * If the &lt;&lt;features-features-textureCompressionETC2,ETC2 texture compression&gt;&gt; feature is not enabled, pname:format must: not be ename:VK_FORMAT_ETC2_R8G8B8_UNORM_BLOCK, ename:VK_FORMAT_ETC2_R8G8B8_SRGB_BLOCK, ename:VK_FORMAT_ETC2_R8G8B8A1_UNORM_BLOCK, ename:VK_FORMAT_ETC2_R8G8B8A1_SRGB_BLOCK, ename:VK_FORMAT_ETC2_R8G8B8A8_UNORM_BLOCK, ename:VK_FORMAT_ETC2_R8G8B8A8_SRGB_BLOCK, ename:VK_FORMAT_EAC_R11_UNORM_BLOCK, ename:VK_FORMAT_EAC_R11_SNORM_BLOCK, ename:VK_FORMAT_EAC_R11G11_UNORM_BLOCK, or ename:VK_FORMAT_EAC_R11G11_SNORM_BLOCK * If the &lt;&lt;features-features-textureCompressionASTC_LDR,ASTC LDR texture compression&gt;&gt; feature is not enabled, pname:format must: not be ename:VK_FORMAT_ASTC_4x4_UNORM_BLOCK, ename:VK_FORMAT_ASTC_4x4_SRGB_BLOCK, ename:VK_FORMAT_ASTC_5x4_UNORM_BLOCK, ename:VK_FORMAT_ASTC_5x4_SRGB_BLOCK, ename:VK_FORMAT_ASTC_5x5_UNORM_BLOCK, ename:VK_FORMAT_ASTC_5x5_SRGB_BLOCK, ename:VK_FORMAT_ASTC_6x5_UNORM_BLOCK, ename:VK_FORMAT_ASTC_6x5_SRGB_BLOCK, ename:VK_FORMAT_ASTC_6x6_UNORM_BLOCK, ename:VK_FORMAT_ASTC_6x6_SRGB_BLOCK, ename:VK_FORMAT_ASTC_8x5_UNORM_BLOCK, ename:VK_FORMAT_ASTC_8x5_SRGB_BLOCK, ename:VK_FORMAT_ASTC_8x6_UNORM_BLOCK, ename:VK_FORMAT_ASTC_8x6_SRGB_BLOCK, ename:VK_FORMAT_ASTC_8x8_UNORM_BLOCK, ename:VK_FORMAT_ASTC_8x8_SRGB_BLOCK, ename:VK_FORMAT_ASTC_10x5_UNORM_BLOCK, ename:VK_FORMAT_ASTC_10x5_SRGB_BLOCK, ename:VK_FORMAT_ASTC_10x6_UNORM_BLOCK, ename:VK_FORMAT_ASTC_10x6_SRGB_BLOCK, ename:VK_FORMAT_ASTC_10x8_UNORM_BLOCK, ename:VK_FORMAT_ASTC_10x8_SRGB_BLOCK, ename:VK_FORMAT_ASTC_10x10_UNORM_BLOCK, ename:VK_FORMAT_ASTC_10x10_SRGB_BLOCK, ename:VK_FORMAT_ASTC_12x10_UNORM_BLOCK, ename:VK_FORMAT_ASTC_12x10_SRGB_BLOCK, ename:VK_FORMAT_ASTC_12x12_UNORM_BLOCK, or ename:VK_FORMAT_ASTC_12x12_SRGB_BLOCK * If the &lt;&lt;features-features-textureCompressionBC,BC texture compression&gt;&gt; feature is not enabled, pname:format must: not be ename:VK_FORMAT_BC1_RGB_UNORM_BLOCK, ename:VK_FORMAT_BC1_RGB_SRGB_BLOCK, ename:VK_FORMAT_BC1_RGBA_UNORM_BLOCK, ename:VK_FORMAT_BC1_RGBA_SRGB_BLOCK, ename:VK_FORMAT_BC2_UNORM_BLOCK, ename:VK_FORMAT_BC2_SRGB_BLOCK, ename:VK_FORMAT_BC3_UNORM_BLOCK, ename:VK_FORMAT_BC3_SRGB_BLOCK, ename:VK_FORMAT_BC4_UNORM_BLOCK, ename:VK_FORMAT_BC4_SNORM_BLOCK, ename:VK_FORMAT_BC5_UNORM_BLOCK, ename:VK_FORMAT_BC5_SNORM_BLOCK, ename:VK_FORMAT_BC6H_UFLOAT_BLOCK, ename:VK_FORMAT_BC6H_SFLOAT_BLOCK, ename:VK_FORMAT_BC7_UNORM_BLOCK, or ename:VK_FORMAT_BC7_SRGB_BLOCK * If the &lt;&lt;features-features-shaderStorageImageMultisample,multisampled storage images&gt;&gt; feature is not enabled, and pname:usage contains ename:VK_IMAGE_USAGE_STORAGE_BIT, pname:samples must: be ename:VK_SAMPLE_COUNT_1_BIT * If the &lt;&lt;features-features-sparseBinding,sparse bindings&gt;&gt; feature is not enabled, pname:flags must: not contain ename:VK_IMAGE_CREATE_SPARSE_BINDING_BIT * If the &lt;&lt;features-features-sparseResidencyImage2D,sparse residency for 2D images&gt;&gt; feature is not enabled, and pname:imageType is ename:VK_IMAGE_TYPE_2D, pname:flags must: not contain ename:VK_IMAGE_CREATE_SPARSE_RESIDENCY_BIT * If the &lt;&lt;features-features-sparseResidencyImage3D,sparse residency for 3D images&gt;&gt; feature is not enabled, and pname:imageType is ename:VK_IMAGE_TYPE_3D, pname:flags must: not contain ename:VK_IMAGE_CREATE_SPARSE_RESIDENCY_BIT * If the &lt;&lt;features-features-sparseResidency2Samples,sparse residency for images with 2 samples&gt;&gt; feature is not enabled, pname:imageType is ename:VK_IMAGE_TYPE_2D, and pname:samples is ename:VK_SAMPLE_COUNT_2_BIT, pname:flags must: not contain ename:VK_IMAGE_CREATE_SPARSE_RESIDENCY_BIT * If the &lt;&lt;features-features-sparseResidency4Samples,sparse residency for images with 4 samples&gt;&gt; feature is not enabled, pname:imageType is ename:VK_IMAGE_TYPE_2D, and pname:samples is ename:VK_SAMPLE_COUNT_4_BIT, pname:flags must: not contain ename:VK_IMAGE_CREATE_SPARSE_RESIDENCY_BIT * If the &lt;&lt;features-features-sparseResidency8Samples,sparse residency for images with 8 samples&gt;&gt; feature is not enabled, pname:imageType is ename:VK_IMAGE_TYPE_2D, and pname:samples is ename:VK_SAMPLE_COUNT_8_BIT, pname:flags must: not contain ename:VK_IMAGE_CREATE_SPARSE_RESIDENCY_BIT * If the &lt;&lt;features-features-sparseResidency16Samples,sparse residency for images with 16 samples&gt;&gt; feature is not enabled, pname:imageType is ename:VK_IMAGE_TYPE_2D, and pname:samples is ename:VK_SAMPLE_COUNT_16_BIT, pname:flags must: not contain ename:VK_IMAGE_CREATE_SPARSE_RESIDENCY_BIT * If pname:tiling is ename:VK_IMAGE_TILING_LINEAR, pname:format must: be a format that has at least one supported feature bit present in the value of sname:VkFormatProperties::pname:linearTilingFeatures returned by fname:vkGetPhysicalDeviceFormatProperties with the same value of pname:format * If pname:tiling is ename:VK_IMAGE_TILING_LINEAR, and sname:VkFormatProperties::pname:linearTilingFeatures (as returned by fname:vkGetPhysicalDeviceFormatProperties with the same value of pname:format) does not include ename:VK_FORMAT_FEATURE_SAMPLED_IMAGE_BIT, pname:usage must: not contain ename:VK_IMAGE_USAGE_SAMPLED_BIT * If pname:tiling is ename:VK_IMAGE_TILING_LINEAR, and sname:VkFormatProperties::pname:linearTilingFeatures (as returned by fname:vkGetPhysicalDeviceFormatProperties with the same value of pname:format) does not include ename:VK_FORMAT_FEATURE_STORAGE_IMAGE_BIT, pname:usage must: not contain ename:VK_IMAGE_USAGE_STORAGE_BIT * If pname:tiling is ename:VK_IMAGE_TILING_LINEAR, and sname:VkFormatProperties::pname:linearTilingFeatures (as returned by fname:vkGetPhysicalDeviceFormatProperties with the same value of pname:format) does not include ename:VK_FORMAT_FEATURE_COLOR_ATTACHMENT_BIT, pname:usage must: not contain ename:VK_IMAGE_USAGE_COLOR_ATTACHMENT_BIT * If pname:tiling is ename:VK_IMAGE_TILING_LINEAR, and sname:VkFormatProperties::pname:linearTilingFeatures (as returned by fname:vkGetPhysicalDeviceFormatProperties with the same value of pname:format) does not include ename:VK_FORMAT_FEATURE_DEPTH_STENCIL_ATTACHMENT_BIT, pname:usage must: not contain ename:VK_IMAGE_USAGE_DEPTH_STENCIL_ATTACHMENT_BIT * If pname:tiling is ename:VK_IMAGE_TILING_OPTIMAL, pname:format must: be a format that has at least one supported feature bit present in the value of sname:VkFormatProperties::pname:optimalTilingFeatures returned by fname:vkGetPhysicalDeviceFormatProperties with the same value of pname:format * If pname:tiling is ename:VK_IMAGE_TILING_OPTIMAL, and sname:VkFormatProperties::pname:optimalTilingFeatures (as returned by fname:vkGetPhysicalDeviceFormatProperties with the same value of pname:format) does not include ename:VK_FORMAT_FEATURE_SAMPLED_IMAGE_BIT, pname:usage must: not contain ename:VK_IMAGE_USAGE_SAMPLED_BIT * If pname:tiling is ename:VK_IMAGE_TILING_OPTIMAL, and sname:VkFormatProperties::pname:optimalTilingFeatures (as returned by fname:vkGetPhysicalDeviceFormatProperties with the same value of pname:format) does not include ename:VK_FORMAT_FEATURE_STORAGE_IMAGE_BIT, pname:usage must: not contain ename:VK_IMAGE_USAGE_STORAGE_BIT * If pname:tiling is ename:VK_IMAGE_TILING_OPTIMAL, and sname:VkFormatProperties::pname:optimalTilingFeatures (as returned by fname:vkGetPhysicalDeviceFormatProperties with the same value of pname:format) does not include ename:VK_FORMAT_FEATURE_COLOR_ATTACHMENT_BIT, pname:usage must: not contain ename:VK_IMAGE_USAGE_COLOR_ATTACHMENT_BIT * If pname:tiling is ename:VK_IMAGE_TILING_OPTIMAL, and sname:VkFormatProperties::pname:optimalTilingFeatures (as returned by fname:vkGetPhysicalDeviceFormatProperties with the same value of pname:format) does not include ename:VK_FORMAT_FEATURE_DEPTH_STENCIL_ATTACHMENT_BIT, pname:usage must: not contain ename:VK_IMAGE_USAGE_DEPTH_STENCIL_ATTACHMENT_BIT * If pname:flags contains ename:VK_IMAGE_CREATE_SPARSE_RESIDENCY_BIT or ename:VK_IMAGE_CREATE_SPARSE_ALIASED_BIT, it must: also contain ename:VK_IMAGE_CREATE_SPARSE_BINDING_BIT ****</summary>
        <value>To be added.</value>
        <remarks></remarks>
      </Docs>
    </Member>
    <Member MemberName="SharingMode">
      <MemberSignature Language="C#" Value="public Vulkan.SharingMode SharingMode { get; set; }" />
      <MemberSignature Language="ILAsm" Value=".property instance valuetype Vulkan.SharingMode SharingMode" />
      <MemberType>Property</MemberType>
      <AssemblyInfo>
        <AssemblyVersion>0.0.5950.20892</AssemblyVersion>
        <AssemblyVersion>0.0.6105.39043</AssemblyVersion>
        <AssemblyVersion>0.0.6106.39464</AssemblyVersion>
        <AssemblyVersion>0.0.6134.41045</AssemblyVersion>
        <AssemblyVersion>0.0.6142.19338</AssemblyVersion>
      </AssemblyInfo>
      <ReturnValue>
        <ReturnType>Vulkan.SharingMode</ReturnType>
      </ReturnValue>
      <Docs>
        <summary>is the sharing mode of the image when it will be accessed by multiple queue families, and must: be one of the values described for elink:VkSharingMode in the &lt;&lt;resources-sharing,Resource Sharing&gt;&gt; section below.</summary>
        <value>To be added.</value>
        <remarks></remarks>
      </Docs>
    </Member>
    <Member MemberName="Tiling">
      <MemberSignature Language="C#" Value="public Vulkan.ImageTiling Tiling { get; set; }" />
      <MemberSignature Language="ILAsm" Value=".property instance valuetype Vulkan.ImageTiling Tiling" />
      <MemberType>Property</MemberType>
      <AssemblyInfo>
        <AssemblyVersion>0.0.5950.20892</AssemblyVersion>
        <AssemblyVersion>0.0.6105.39043</AssemblyVersion>
        <AssemblyVersion>0.0.6106.39464</AssemblyVersion>
        <AssemblyVersion>0.0.6134.41045</AssemblyVersion>
        <AssemblyVersion>0.0.6142.19338</AssemblyVersion>
      </AssemblyInfo>
      <ReturnValue>
        <ReturnType>Vulkan.ImageTiling</ReturnType>
      </ReturnValue>
      <Docs>
        <summary>is a elink:VkImageTiling specifying the tiling arrangement of the data elements in memory, as described below.</summary>
        <value>To be added.</value>
        <remarks></remarks>
      </Docs>
    </Member>
    <Member MemberName="Usage">
      <MemberSignature Language="C#" Value="public Vulkan.ImageUsageFlags Usage { get; set; }" />
      <MemberSignature Language="ILAsm" Value=".property instance valuetype Vulkan.ImageUsageFlags Usage" />
      <MemberType>Property</MemberType>
      <AssemblyInfo>
        <AssemblyVersion>0.0.5950.20892</AssemblyVersion>
        <AssemblyVersion>0.0.6105.39043</AssemblyVersion>
        <AssemblyVersion>0.0.6106.39464</AssemblyVersion>
        <AssemblyVersion>0.0.6134.41045</AssemblyVersion>
        <AssemblyVersion>0.0.6142.19338</AssemblyVersion>
      </AssemblyInfo>
      <ReturnValue>
        <ReturnType>Vulkan.ImageUsageFlags</ReturnType>
      </ReturnValue>
      <Docs>
        <summary>only includes ename:VK_IMAGE_USAGE_TRANSFER_SRC_BIT and/or ename:VK_IMAGE_USAGE_TRANSFER_DST_BIT</summary>
        <value>To be added.</value>
        <remarks></remarks>
      </Docs>
    </Member>
    <Member MemberName="VirtualDispose">
      <MemberSignature Language="C#" Value="public override void VirtualDispose ();" />
      <MemberSignature Language="ILAsm" Value=".method public hidebysig virtual instance void VirtualDispose() cil managed" />
      <MemberType>Method</MemberType>
      <AssemblyInfo>
        <AssemblyVersion>0.0.6105.39043</AssemblyVersion>
        <AssemblyVersion>0.0.6106.39464</AssemblyVersion>
      </AssemblyInfo>
      <ReturnValue>
        <ReturnType>System.Void</ReturnType>
      </ReturnValue>
      <Parameters />
      <Docs>
        <summary>To be added.</summary>
        <remarks>To be added.</remarks>
      </Docs>
    </Member>
  </Members>
</Type>