﻿<?xml version="1.0" encoding="utf-8"?>
<Type Name="ImageFormatProperties" FullName="Vulkan.ImageFormatProperties">
  <TypeSignature Language="C#" Value="public struct ImageFormatProperties" />
  <TypeSignature Language="ILAsm" Value=".class public sequential ansi sealed beforefieldinit ImageFormatProperties extends System.ValueType" />
  <AssemblyInfo>
    <AssemblyName>Vulkan</AssemblyName>
    <AssemblyVersion>0.0.5950.20892</AssemblyVersion>
    <AssemblyVersion>0.0.6105.39043</AssemblyVersion>
    <AssemblyVersion>0.0.6106.39464</AssemblyVersion>
    <AssemblyVersion>0.0.6134.41045</AssemblyVersion>
    <AssemblyVersion>0.0.6142.19338</AssemblyVersion>
  </AssemblyInfo>
  <Base>
    <BaseTypeName>System.ValueType</BaseTypeName>
  </Base>
  <Interfaces />
  <Docs>
    <summary>Structure specifying a image format properties</summary>
    <remarks></remarks>
  </Docs>
  <Members>
    <Member MemberName=".ctor">
      <MemberSignature Language="C#" Value="public ImageFormatProperties ();" />
      <MemberSignature Language="ILAsm" Value=".method public hidebysig specialname rtspecialname instance void .ctor() cil managed" />
      <MemberType>Constructor</MemberType>
      <AssemblyInfo>
        <AssemblyVersion>0.0.5950.20892</AssemblyVersion>
      </AssemblyInfo>
      <Parameters />
      <Docs>
        <summary>To be added.</summary>
        <remarks>To be added.</remarks>
      </Docs>
    </Member>
    <Member MemberName="MaxArrayLayers">
      <MemberSignature Language="C#" Value="public uint MaxArrayLayers;" />
      <MemberSignature Language="ILAsm" Value=".field public unsigned int32 MaxArrayLayers" />
      <MemberType>Field</MemberType>
      <AssemblyInfo>
        <AssemblyVersion>0.0.6105.39043</AssemblyVersion>
        <AssemblyVersion>0.0.6106.39464</AssemblyVersion>
        <AssemblyVersion>0.0.6134.41045</AssemblyVersion>
        <AssemblyVersion>0.0.6142.19338</AssemblyVersion>
      </AssemblyInfo>
      <ReturnValue>
        <ReturnType>System.UInt32</ReturnType>
      </ReturnValue>
      <Docs>
        <summary>is the maximum number of array layers. pname:maxArrayLayers must: either be equal to 1 or be greater than or equal to the pname:maxImageArrayLayers member of slink:VkPhysicalDeviceLimits. A value of 1 is valid only if pname:tiling is ename:VK_IMAGE_TILING_LINEAR or if pname:type is ename:VK_IMAGE_TYPE_3D.</summary>
        <remarks></remarks>
      </Docs>
    </Member>
    <Member MemberName="MaxArrayLayers">
      <MemberSignature Language="C#" Value="public uint MaxArrayLayers { get; set; }" />
      <MemberSignature Language="ILAsm" Value=".property instance unsigned int32 MaxArrayLayers" />
      <MemberType>Property</MemberType>
      <AssemblyInfo>
        <AssemblyVersion>0.0.5950.20892</AssemblyVersion>
      </AssemblyInfo>
      <ReturnValue>
        <ReturnType>System.UInt32</ReturnType>
      </ReturnValue>
      <Docs>
        <summary>is the maximum number of array layers. pname:maxArrayLayers must: either be equal to 1 or be greater than or equal to the pname:maxImageArrayLayers member of slink:VkPhysicalDeviceLimits. A value of 1 is valid only if pname:tiling is ename:VK_IMAGE_TILING_LINEAR or if pname:type is ename:VK_IMAGE_TYPE_3D.</summary>
        <value>To be added.</value>
        <remarks></remarks>
      </Docs>
    </Member>
    <Member MemberName="MaxExtent">
      <MemberSignature Language="C#" Value="public Vulkan.Extent3D MaxExtent;" />
      <MemberSignature Language="ILAsm" Value=".field public valuetype Vulkan.Extent3D MaxExtent" />
      <MemberType>Field</MemberType>
      <AssemblyInfo>
        <AssemblyVersion>0.0.6105.39043</AssemblyVersion>
        <AssemblyVersion>0.0.6106.39464</AssemblyVersion>
        <AssemblyVersion>0.0.6134.41045</AssemblyVersion>
        <AssemblyVersion>0.0.6142.19338</AssemblyVersion>
      </AssemblyInfo>
      <ReturnValue>
        <ReturnType>Vulkan.Extent3D</ReturnType>
      </ReturnValue>
      <Docs>
        <summary>are the maximum image dimensions. See the &lt;&lt;features-extentperimagetype,Allowed Extent Values&gt;&gt; section below for how these values are constrained by pname:type.</summary>
        <remarks></remarks>
      </Docs>
    </Member>
    <Member MemberName="MaxExtent">
      <MemberSignature Language="C#" Value="public Vulkan.Extent3D MaxExtent { get; set; }" />
      <MemberSignature Language="ILAsm" Value=".property instance class Vulkan.Extent3D MaxExtent" />
      <MemberType>Property</MemberType>
      <AssemblyInfo>
        <AssemblyVersion>0.0.5950.20892</AssemblyVersion>
      </AssemblyInfo>
      <ReturnValue>
        <ReturnType>Vulkan.Extent3D</ReturnType>
      </ReturnValue>
      <Docs>
        <summary>are the maximum image dimensions. See the &lt;&lt;features-extentperimagetype,Allowed Extent Values&gt;&gt; section below for how these values are constrained by pname:type.</summary>
        <value>To be added.</value>
        <remarks></remarks>
      </Docs>
    </Member>
    <Member MemberName="MaxMipLevels">
      <MemberSignature Language="C#" Value="public uint MaxMipLevels;" />
      <MemberSignature Language="ILAsm" Value=".field public unsigned int32 MaxMipLevels" />
      <MemberType>Field</MemberType>
      <AssemblyInfo>
        <AssemblyVersion>0.0.6105.39043</AssemblyVersion>
        <AssemblyVersion>0.0.6106.39464</AssemblyVersion>
        <AssemblyVersion>0.0.6134.41045</AssemblyVersion>
        <AssemblyVersion>0.0.6142.19338</AssemblyVersion>
      </AssemblyInfo>
      <ReturnValue>
        <ReturnType>System.UInt32</ReturnType>
      </ReturnValue>
      <Docs>
        <summary>is the maximum number of mipmap levels. pname:maxMipLevels must: either be equal to 1 (valid only if pname:tiling is ename:VK_IMAGE_TILING_LINEAR) or be equal to [eq]#{lceil}log~2~(max(pname:width, pname:height, pname:depth)){rceil} {plus} 1#. [eq]#pname:width#, [eq]#pname:height#, and [eq]#pname:depth# are taken from the corresponding members of pname:maxExtent.</summary>
        <remarks></remarks>
      </Docs>
    </Member>
    <Member MemberName="MaxMipLevels">
      <MemberSignature Language="C#" Value="public uint MaxMipLevels { get; set; }" />
      <MemberSignature Language="ILAsm" Value=".property instance unsigned int32 MaxMipLevels" />
      <MemberType>Property</MemberType>
      <AssemblyInfo>
        <AssemblyVersion>0.0.5950.20892</AssemblyVersion>
      </AssemblyInfo>
      <ReturnValue>
        <ReturnType>System.UInt32</ReturnType>
      </ReturnValue>
      <Docs>
        <summary>is the maximum number of mipmap levels. pname:maxMipLevels must: either be equal to 1 (valid only if pname:tiling is ename:VK_IMAGE_TILING_LINEAR) or be equal to [eq]#{lceil}log~2~(max(pname:width, pname:height, pname:depth)){rceil} {plus} 1#. [eq]#pname:width#, [eq]#pname:height#, and [eq]#pname:depth# are taken from the corresponding members of pname:maxExtent.</summary>
        <value>To be added.</value>
        <remarks></remarks>
      </Docs>
    </Member>
    <Member MemberName="MaxResourceSize">
      <MemberSignature Language="C#" Value="public Vulkan.DeviceSize MaxResourceSize;" />
      <MemberSignature Language="ILAsm" Value=".field public valuetype Vulkan.DeviceSize MaxResourceSize" />
      <MemberType>Field</MemberType>
      <AssemblyInfo>
        <AssemblyVersion>0.0.6105.39043</AssemblyVersion>
        <AssemblyVersion>0.0.6106.39464</AssemblyVersion>
        <AssemblyVersion>0.0.6134.41045</AssemblyVersion>
        <AssemblyVersion>0.0.6142.19338</AssemblyVersion>
      </AssemblyInfo>
      <ReturnValue>
        <ReturnType>Vulkan.DeviceSize</ReturnType>
      </ReturnValue>
      <Docs>
        <summary>is an upper bound on the total image size in bytes, inclusive of all image subresources. Implementations may: have an address space limit on total size of a resource, which is advertised by this property. pname:maxResourceSize must: be at least 2^31^.</summary>
        <remarks></remarks>
      </Docs>
    </Member>
    <Member MemberName="MaxResourceSize">
      <MemberSignature Language="C#" Value="public Vulkan.DeviceSize MaxResourceSize { get; set; }" />
      <MemberSignature Language="ILAsm" Value=".property instance valuetype Vulkan.DeviceSize MaxResourceSize" />
      <MemberType>Property</MemberType>
      <AssemblyInfo>
        <AssemblyVersion>0.0.5950.20892</AssemblyVersion>
      </AssemblyInfo>
      <ReturnValue>
        <ReturnType>Vulkan.DeviceSize</ReturnType>
      </ReturnValue>
      <Docs>
        <summary>is an upper bound on the total image size in bytes, inclusive of all image subresources. Implementations may: have an address space limit on total size of a resource, which is advertised by this property. pname:maxResourceSize must: be at least 2^31^.</summary>
        <value>To be added.</value>
        <remarks></remarks>
      </Docs>
    </Member>
    <Member MemberName="SampleCounts">
      <MemberSignature Language="C#" Value="public Vulkan.SampleCountFlags SampleCounts;" />
      <MemberSignature Language="ILAsm" Value=".field public valuetype Vulkan.SampleCountFlags SampleCounts" />
      <MemberType>Field</MemberType>
      <AssemblyInfo>
        <AssemblyVersion>0.0.6105.39043</AssemblyVersion>
        <AssemblyVersion>0.0.6106.39464</AssemblyVersion>
        <AssemblyVersion>0.0.6134.41045</AssemblyVersion>
        <AssemblyVersion>0.0.6142.19338</AssemblyVersion>
      </AssemblyInfo>
      <ReturnValue>
        <ReturnType>Vulkan.SampleCountFlags</ReturnType>
      </ReturnValue>
      <Docs>
        <summary>is a bitmask of elink:VkSampleCountFlagBits specifying all the supported sample counts for this image as described &lt;&lt;features-supported-sample-counts, below&gt;&gt;.</summary>
        <remarks></remarks>
      </Docs>
    </Member>
    <Member MemberName="SampleCounts">
      <MemberSignature Language="C#" Value="public uint SampleCounts { get; set; }" />
      <MemberSignature Language="ILAsm" Value=".property instance unsigned int32 SampleCounts" />
      <MemberType>Property</MemberType>
      <AssemblyInfo>
        <AssemblyVersion>0.0.5950.20892</AssemblyVersion>
      </AssemblyInfo>
      <ReturnValue>
        <ReturnType>System.UInt32</ReturnType>
      </ReturnValue>
      <Docs>
        <summary>is a bitmask of elink:VkSampleCountFlagBits specifying all the supported sample counts for this image as described &lt;&lt;features-supported-sample-counts, below&gt;&gt;.</summary>
        <value>To be added.</value>
        <remarks></remarks>
      </Docs>
    </Member>
  </Members>
</Type>