﻿<?xml version="1.0" encoding="utf-8"?>
<Type Name="InternalAllocationType" FullName="Vulkan.InternalAllocationType">
  <TypeSignature Language="C#" Value="public enum InternalAllocationType" />
  <TypeSignature Language="ILAsm" Value=".class public auto ansi sealed InternalAllocationType extends System.Enum" />
  <AssemblyInfo>
    <AssemblyName>Vulkan</AssemblyName>
    <AssemblyVersion>0.0.5950.20892</AssemblyVersion>
    <AssemblyVersion>0.0.6105.39043</AssemblyVersion>
    <AssemblyVersion>0.0.6106.39464</AssemblyVersion>
    <AssemblyVersion>0.0.6134.41045</AssemblyVersion>
    <AssemblyVersion>0.0.6142.19338</AssemblyVersion>
  </AssemblyInfo>
  <Base>
    <BaseTypeName>System.Enum</BaseTypeName>
  </Base>
  <Docs>
    <summary>Allocation type</summary>
    <remarks></remarks>
  </Docs>
  <Members>
    <Member MemberName="Executable">
      <MemberSignature Language="C#" Value="Executable" />
      <MemberSignature Language="ILAsm" Value=".field public static literal valuetype Vulkan.InternalAllocationType Executable = int32(0)" />
      <MemberType>Field</MemberType>
      <AssemblyInfo>
        <AssemblyVersion>0.0.5950.20892</AssemblyVersion>
        <AssemblyVersion>0.0.6105.39043</AssemblyVersion>
        <AssemblyVersion>0.0.6106.39464</AssemblyVersion>
        <AssemblyVersion>0.0.6134.41045</AssemblyVersion>
        <AssemblyVersion>0.0.6142.19338</AssemblyVersion>
      </AssemblyInfo>
      <ReturnValue>
        <ReturnType>Vulkan.InternalAllocationType</ReturnType>
      </ReturnValue>
      <Docs>
        <summary>- The allocation is intended for execution by the host.</summary>
      </Docs>
    </Member>
  </Members>
</Type>