﻿<?xml version="1.0" encoding="utf-8"?>
<Type Name="MappedMemoryRange" FullName="Vulkan.MappedMemoryRange">
  <TypeSignature Language="C#" Value="public class MappedMemoryRange : Vulkan.MarshalledObject" />
  <TypeSignature Language="ILAsm" Value=".class public auto ansi beforefieldinit MappedMemoryRange extends Vulkan.MarshalledObject" />
  <AssemblyInfo>
    <AssemblyName>Vulkan</AssemblyName>
    <AssemblyVersion>0.0.5950.20892</AssemblyVersion>
    <AssemblyVersion>0.0.6105.39043</AssemblyVersion>
    <AssemblyVersion>0.0.6106.39464</AssemblyVersion>
    <AssemblyVersion>0.0.6134.41045</AssemblyVersion>
    <AssemblyVersion>0.0.6142.19338</AssemblyVersion>
  </AssemblyInfo>
  <Base>
    <BaseTypeName>Vulkan.MarshalledObject</BaseTypeName>
  </Base>
  <Interfaces />
  <Docs>
    <summary>Structure specifying a mapped memory range</summary>
    <remarks></remarks>
  </Docs>
  <Members>
    <Member MemberName=".ctor">
      <MemberSignature Language="C#" Value="public MappedMemoryRange ();" />
      <MemberSignature Language="ILAsm" Value=".method public hidebysig specialname rtspecialname instance void .ctor() cil managed" />
      <MemberType>Constructor</MemberType>
      <AssemblyInfo>
        <AssemblyVersion>0.0.5950.20892</AssemblyVersion>
        <AssemblyVersion>0.0.6105.39043</AssemblyVersion>
        <AssemblyVersion>0.0.6106.39464</AssemblyVersion>
        <AssemblyVersion>0.0.6134.41045</AssemblyVersion>
        <AssemblyVersion>0.0.6142.19338</AssemblyVersion>
      </AssemblyInfo>
      <Parameters />
      <Docs>
        <summary>To be added.</summary>
        <remarks>To be added.</remarks>
      </Docs>
    </Member>
    <Member MemberName="Memory">
      <MemberSignature Language="C#" Value="public Vulkan.DeviceMemory Memory { get; set; }" />
      <MemberSignature Language="ILAsm" Value=".property instance class Vulkan.DeviceMemory Memory" />
      <MemberType>Property</MemberType>
      <AssemblyInfo>
        <AssemblyVersion>0.0.5950.20892</AssemblyVersion>
        <AssemblyVersion>0.0.6105.39043</AssemblyVersion>
        <AssemblyVersion>0.0.6106.39464</AssemblyVersion>
        <AssemblyVersion>0.0.6134.41045</AssemblyVersion>
        <AssemblyVersion>0.0.6142.19338</AssemblyVersion>
      </AssemblyInfo>
      <ReturnValue>
        <ReturnType>Vulkan.DeviceMemory</ReturnType>
      </ReturnValue>
      <Docs>
        <summary>must: currently be mapped * If pname:size is not equal to ename:VK_WHOLE_SIZE, pname:offset and pname:size must: specify a range contained within the currently mapped range of pname:memory * If pname:size is equal to ename:VK_WHOLE_SIZE, pname:offset must: be within the currently mapped range of pname:memory</summary>
        <value>To be added.</value>
        <remarks></remarks>
      </Docs>
    </Member>
    <Member MemberName="Offset">
      <MemberSignature Language="C#" Value="public Vulkan.DeviceSize Offset { get; set; }" />
      <MemberSignature Language="ILAsm" Value=".property instance valuetype Vulkan.DeviceSize Offset" />
      <MemberType>Property</MemberType>
      <AssemblyInfo>
        <AssemblyVersion>0.0.5950.20892</AssemblyVersion>
        <AssemblyVersion>0.0.6105.39043</AssemblyVersion>
        <AssemblyVersion>0.0.6106.39464</AssemblyVersion>
        <AssemblyVersion>0.0.6134.41045</AssemblyVersion>
        <AssemblyVersion>0.0.6142.19338</AssemblyVersion>
      </AssemblyInfo>
      <ReturnValue>
        <ReturnType>Vulkan.DeviceSize</ReturnType>
      </ReturnValue>
      <Docs>
        <summary>must: be a multiple of sname:VkPhysicalDeviceLimits::pname:nonCoherentAtomSize * If pname:size is not equal to ename:VK_WHOLE_SIZE, pname:size must: be a multiple of sname:VkPhysicalDeviceLimits::pname:nonCoherentAtomSize ****</summary>
        <value>To be added.</value>
        <remarks></remarks>
      </Docs>
    </Member>
    <Member MemberName="Size">
      <MemberSignature Language="C#" Value="public Vulkan.DeviceSize Size { get; set; }" />
      <MemberSignature Language="ILAsm" Value=".property instance valuetype Vulkan.DeviceSize Size" />
      <MemberType>Property</MemberType>
      <AssemblyInfo>
        <AssemblyVersion>0.0.5950.20892</AssemblyVersion>
        <AssemblyVersion>0.0.6105.39043</AssemblyVersion>
        <AssemblyVersion>0.0.6106.39464</AssemblyVersion>
        <AssemblyVersion>0.0.6134.41045</AssemblyVersion>
        <AssemblyVersion>0.0.6142.19338</AssemblyVersion>
      </AssemblyInfo>
      <ReturnValue>
        <ReturnType>Vulkan.DeviceSize</ReturnType>
      </ReturnValue>
      <Docs>
        <summary>is either the size of range, or ename:VK_WHOLE_SIZE to affect the range from pname:offset to the end of the current mapping of the allocation.</summary>
        <value>To be added.</value>
        <remarks></remarks>
      </Docs>
    </Member>
  </Members>
</Type>