﻿<?xml version="1.0" encoding="utf-8"?>
<Type Name="MemoryType" FullName="Vulkan.MemoryType">
  <TypeSignature Language="C#" Value="public struct MemoryType" />
  <TypeSignature Language="ILAsm" Value=".class public sequential ansi sealed beforefieldinit MemoryType extends System.ValueType" />
  <AssemblyInfo>
    <AssemblyName>Vulkan</AssemblyName>
    <AssemblyVersion>0.0.5950.20892</AssemblyVersion>
    <AssemblyVersion>0.0.6105.39043</AssemblyVersion>
    <AssemblyVersion>0.0.6106.39464</AssemblyVersion>
    <AssemblyVersion>0.0.6134.41045</AssemblyVersion>
    <AssemblyVersion>0.0.6142.19338</AssemblyVersion>
  </AssemblyInfo>
  <Base>
    <BaseTypeName>System.ValueType</BaseTypeName>
  </Base>
  <Interfaces />
  <Docs>
    <summary>Structure specifying memory type</summary>
    <remarks></remarks>
  </Docs>
  <Members>
    <Member MemberName=".ctor">
      <MemberSignature Language="C#" Value="public MemoryType ();" />
      <MemberSignature Language="ILAsm" Value=".method public hidebysig specialname rtspecialname instance void .ctor() cil managed" />
      <MemberType>Constructor</MemberType>
      <AssemblyInfo>
        <AssemblyVersion>0.0.5950.20892</AssemblyVersion>
      </AssemblyInfo>
      <Parameters />
      <Docs>
        <summary>To be added.</summary>
        <remarks>To be added.</remarks>
      </Docs>
    </Member>
    <Member MemberName="HeapIndex">
      <MemberSignature Language="C#" Value="public uint HeapIndex;" />
      <MemberSignature Language="ILAsm" Value=".field public unsigned int32 HeapIndex" />
      <MemberType>Field</MemberType>
      <AssemblyInfo>
        <AssemblyVersion>0.0.6105.39043</AssemblyVersion>
        <AssemblyVersion>0.0.6106.39464</AssemblyVersion>
        <AssemblyVersion>0.0.6134.41045</AssemblyVersion>
        <AssemblyVersion>0.0.6142.19338</AssemblyVersion>
      </AssemblyInfo>
      <ReturnValue>
        <ReturnType>System.UInt32</ReturnType>
      </ReturnValue>
      <Docs>
        <summary>describes which memory heap this memory type corresponds to, and must: be less than pname:memoryHeapCount from the sname:VkPhysicalDeviceMemoryProperties structure.</summary>
        <remarks></remarks>
      </Docs>
    </Member>
    <Member MemberName="HeapIndex">
      <MemberSignature Language="C#" Value="public uint HeapIndex { get; set; }" />
      <MemberSignature Language="ILAsm" Value=".property instance unsigned int32 HeapIndex" />
      <MemberType>Property</MemberType>
      <AssemblyInfo>
        <AssemblyVersion>0.0.5950.20892</AssemblyVersion>
      </AssemblyInfo>
      <ReturnValue>
        <ReturnType>System.UInt32</ReturnType>
      </ReturnValue>
      <Docs>
        <summary>describes which memory heap this memory type corresponds to, and must: be less than pname:memoryHeapCount from the sname:VkPhysicalDeviceMemoryProperties structure.</summary>
        <value>To be added.</value>
        <remarks></remarks>
      </Docs>
    </Member>
    <Member MemberName="PropertyFlags">
      <MemberSignature Language="C#" Value="public Vulkan.MemoryPropertyFlags PropertyFlags;" />
      <MemberSignature Language="ILAsm" Value=".field public valuetype Vulkan.MemoryPropertyFlags PropertyFlags" />
      <MemberType>Field</MemberType>
      <AssemblyInfo>
        <AssemblyVersion>0.0.6105.39043</AssemblyVersion>
        <AssemblyVersion>0.0.6106.39464</AssemblyVersion>
        <AssemblyVersion>0.0.6134.41045</AssemblyVersion>
        <AssemblyVersion>0.0.6142.19338</AssemblyVersion>
      </AssemblyInfo>
      <ReturnValue>
        <ReturnType>Vulkan.MemoryPropertyFlags</ReturnType>
      </ReturnValue>
      <Docs>
        <summary>To be added.</summary>
        <remarks>To be added.</remarks>
      </Docs>
    </Member>
    <Member MemberName="PropertyFlags">
      <MemberSignature Language="C#" Value="public uint PropertyFlags { get; set; }" />
      <MemberSignature Language="ILAsm" Value=".property instance unsigned int32 PropertyFlags" />
      <MemberType>Property</MemberType>
      <AssemblyInfo>
        <AssemblyVersion>0.0.5950.20892</AssemblyVersion>
      </AssemblyInfo>
      <ReturnValue>
        <ReturnType>System.UInt32</ReturnType>
      </ReturnValue>
      <Docs>
        <summary>To be added.</summary>
        <value>To be added.</value>
        <remarks>To be added.</remarks>
      </Docs>
    </Member>
  </Members>
</Type>