﻿<?xml version="1.0" encoding="utf-8"?>
<Type Name="MemoryRequirements" FullName="Vulkan.MemoryRequirements">
  <TypeSignature Language="C#" Value="public struct MemoryRequirements" />
  <TypeSignature Language="ILAsm" Value=".class public sequential ansi sealed beforefieldinit MemoryRequirements extends System.ValueType" />
  <AssemblyInfo>
    <AssemblyName>Vulkan</AssemblyName>
    <AssemblyVersion>0.0.5950.20892</AssemblyVersion>
    <AssemblyVersion>0.0.6105.39043</AssemblyVersion>
    <AssemblyVersion>0.0.6106.39464</AssemblyVersion>
    <AssemblyVersion>0.0.6134.41045</AssemblyVersion>
    <AssemblyVersion>0.0.6142.19338</AssemblyVersion>
  </AssemblyInfo>
  <Base>
    <BaseTypeName>System.ValueType</BaseTypeName>
  </Base>
  <Interfaces />
  <Docs>
    <summary>Structure specifying memory requirements</summary>
    <remarks></remarks>
  </Docs>
  <Members>
    <Member MemberName=".ctor">
      <MemberSignature Language="C#" Value="public MemoryRequirements ();" />
      <MemberSignature Language="ILAsm" Value=".method public hidebysig specialname rtspecialname instance void .ctor() cil managed" />
      <MemberType>Constructor</MemberType>
      <AssemblyInfo>
        <AssemblyVersion>0.0.5950.20892</AssemblyVersion>
      </AssemblyInfo>
      <Parameters />
      <Docs>
        <summary>To be added.</summary>
        <remarks>To be added.</remarks>
      </Docs>
    </Member>
    <Member MemberName="Alignment">
      <MemberSignature Language="C#" Value="public Vulkan.DeviceSize Alignment;" />
      <MemberSignature Language="ILAsm" Value=".field public valuetype Vulkan.DeviceSize Alignment" />
      <MemberType>Field</MemberType>
      <AssemblyInfo>
        <AssemblyVersion>0.0.6105.39043</AssemblyVersion>
        <AssemblyVersion>0.0.6106.39464</AssemblyVersion>
        <AssemblyVersion>0.0.6134.41045</AssemblyVersion>
        <AssemblyVersion>0.0.6142.19338</AssemblyVersion>
      </AssemblyInfo>
      <ReturnValue>
        <ReturnType>Vulkan.DeviceSize</ReturnType>
      </ReturnValue>
      <Docs>
        <summary>is the alignment, in bytes, of the offset within the allocation required: for the resource.</summary>
        <remarks></remarks>
      </Docs>
    </Member>
    <Member MemberName="Alignment">
      <MemberSignature Language="C#" Value="public Vulkan.DeviceSize Alignment { get; set; }" />
      <MemberSignature Language="ILAsm" Value=".property instance valuetype Vulkan.DeviceSize Alignment" />
      <MemberType>Property</MemberType>
      <AssemblyInfo>
        <AssemblyVersion>0.0.5950.20892</AssemblyVersion>
      </AssemblyInfo>
      <ReturnValue>
        <ReturnType>Vulkan.DeviceSize</ReturnType>
      </ReturnValue>
      <Docs>
        <summary>is the alignment, in bytes, of the offset within the allocation required: for the resource.</summary>
        <value>To be added.</value>
        <remarks></remarks>
      </Docs>
    </Member>
    <Member MemberName="MemoryTypeBits">
      <MemberSignature Language="C#" Value="public uint MemoryTypeBits;" />
      <MemberSignature Language="ILAsm" Value=".field public unsigned int32 MemoryTypeBits" />
      <MemberType>Field</MemberType>
      <AssemblyInfo>
        <AssemblyVersion>0.0.6105.39043</AssemblyVersion>
        <AssemblyVersion>0.0.6106.39464</AssemblyVersion>
        <AssemblyVersion>0.0.6134.41045</AssemblyVersion>
        <AssemblyVersion>0.0.6142.19338</AssemblyVersion>
      </AssemblyInfo>
      <ReturnValue>
        <ReturnType>System.UInt32</ReturnType>
      </ReturnValue>
      <Docs>
        <summary>is a bitmask and contains one bit set for every supported memory type for the resource. Bit `i` is set if and only if the memory type `i` in the sname:VkPhysicalDeviceMemoryProperties structure for the physical device is supported for the resource.</summary>
        <remarks></remarks>
      </Docs>
    </Member>
    <Member MemberName="MemoryTypeBits">
      <MemberSignature Language="C#" Value="public uint MemoryTypeBits { get; set; }" />
      <MemberSignature Language="ILAsm" Value=".property instance unsigned int32 MemoryTypeBits" />
      <MemberType>Property</MemberType>
      <AssemblyInfo>
        <AssemblyVersion>0.0.5950.20892</AssemblyVersion>
      </AssemblyInfo>
      <ReturnValue>
        <ReturnType>System.UInt32</ReturnType>
      </ReturnValue>
      <Docs>
        <summary>is a bitmask and contains one bit set for every supported memory type for the resource. Bit `i` is set if and only if the memory type `i` in the sname:VkPhysicalDeviceMemoryProperties structure for the physical device is supported for the resource.</summary>
        <value>To be added.</value>
        <remarks></remarks>
      </Docs>
    </Member>
    <Member MemberName="Size">
      <MemberSignature Language="C#" Value="public Vulkan.DeviceSize Size;" />
      <MemberSignature Language="ILAsm" Value=".field public valuetype Vulkan.DeviceSize Size" />
      <MemberType>Field</MemberType>
      <AssemblyInfo>
        <AssemblyVersion>0.0.6105.39043</AssemblyVersion>
        <AssemblyVersion>0.0.6106.39464</AssemblyVersion>
        <AssemblyVersion>0.0.6134.41045</AssemblyVersion>
        <AssemblyVersion>0.0.6142.19338</AssemblyVersion>
      </AssemblyInfo>
      <ReturnValue>
        <ReturnType>Vulkan.DeviceSize</ReturnType>
      </ReturnValue>
      <Docs>
        <summary>is the size, in bytes, of the memory allocation required: for the resource.</summary>
        <remarks></remarks>
      </Docs>
    </Member>
    <Member MemberName="Size">
      <MemberSignature Language="C#" Value="public Vulkan.DeviceSize Size { get; set; }" />
      <MemberSignature Language="ILAsm" Value=".property instance valuetype Vulkan.DeviceSize Size" />
      <MemberType>Property</MemberType>
      <AssemblyInfo>
        <AssemblyVersion>0.0.5950.20892</AssemblyVersion>
      </AssemblyInfo>
      <ReturnValue>
        <ReturnType>Vulkan.DeviceSize</ReturnType>
      </ReturnValue>
      <Docs>
        <summary>is the size, in bytes, of the memory allocation required: for the resource.</summary>
        <value>To be added.</value>
        <remarks></remarks>
      </Docs>
    </Member>
  </Members>
</Type>