<Type Name="NativeMemoryDebug" FullName="Vulkan.NativeMemoryDebug">
  <TypeSignature Language="C#" Value="public static class NativeMemoryDebug" />
  <TypeSignature Language="ILAsm" Value=".class public auto ansi abstract sealed beforefieldinit NativeMemoryDebug extends System.Object" />
  <AssemblyInfo>
    <AssemblyName>Vulkan</AssemblyName>
    <AssemblyVersion>0.0.6105.39043</AssemblyVersion>
    <AssemblyVersion>0.0.6106.39464</AssemblyVersion>
    <AssemblyVersion>0.0.6134.41045</AssemblyVersion>
    <AssemblyVersion>0.0.6142.19338</AssemblyVersion>
  </AssemblyInfo>
  <Base>
    <BaseTypeName>System.Object</BaseTypeName>
  </Base>
  <Interfaces />
  <Docs>
    <summary>To be added.</summary>
    <remarks>To be added.</remarks>
  </Docs>
  <Members>
    <Member MemberName="AllocatedSize">
      <MemberSignature Language="C#" Value="public static int AllocatedSize;" />
      <MemberSignature Language="ILAsm" Value=".field public static int32 AllocatedSize" />
      <MemberType>Field</MemberType>
      <AssemblyInfo>
        <AssemblyVersion>0.0.6105.39043</AssemblyVersion>
        <AssemblyVersion>0.0.6106.39464</AssemblyVersion>
      </AssemblyInfo>
      <ReturnValue>
        <ReturnType>System.Int32</ReturnType>
      </ReturnValue>
      <Docs>
        <summary>To be added.</summary>
        <remarks>To be added.</remarks>
      </Docs>
    </Member>
    <Member MemberName="AllocatedSize">
      <MemberSignature Language="C#" Value="public static int AllocatedSize { get; }" />
      <MemberSignature Language="ILAsm" Value=".property int32 AllocatedSize" />
      <MemberType>Property</MemberType>
      <AssemblyInfo>
        <AssemblyVersion>0.0.6134.41045</AssemblyVersion>
        <AssemblyVersion>0.0.6142.19338</AssemblyVersion>
      </AssemblyInfo>
      <ReturnValue>
        <ReturnType>System.Int32</ReturnType>
      </ReturnValue>
      <Docs>
        <summary>To be added.</summary>
        <value>To be added.</value>
        <remarks>To be added.</remarks>
      </Docs>
    </Member>
    <Member MemberName="Enabled">
      <MemberSignature Language="C#" Value="public static bool Enabled;" />
      <MemberSignature Language="ILAsm" Value=".field public static bool Enabled" />
      <MemberType>Field</MemberType>
      <AssemblyInfo>
        <AssemblyVersion>0.0.6105.39043</AssemblyVersion>
        <AssemblyVersion>0.0.6106.39464</AssemblyVersion>
      </AssemblyInfo>
      <ReturnValue>
        <ReturnType>System.Boolean</ReturnType>
      </ReturnValue>
      <Docs>
        <summary>To be added.</summary>
        <remarks>To be added.</remarks>
      </Docs>
    </Member>
    <Member MemberName="Enabled">
      <MemberSignature Language="C#" Value="public static bool Enabled { get; set; }" />
      <MemberSignature Language="ILAsm" Value=".property bool Enabled" />
      <MemberType>Property</MemberType>
      <AssemblyInfo>
        <AssemblyVersion>0.0.6134.41045</AssemblyVersion>
        <AssemblyVersion>0.0.6142.19338</AssemblyVersion>
      </AssemblyInfo>
      <ReturnValue>
        <ReturnType>System.Boolean</ReturnType>
      </ReturnValue>
      <Docs>
        <summary>To be added.</summary>
        <value>To be added.</value>
        <remarks>To be added.</remarks>
      </Docs>
    </Member>
    <Member MemberName="GlobalRefCount">
      <MemberSignature Language="C#" Value="public static int GlobalRefCount { get; set; }" />
      <MemberSignature Language="ILAsm" Value=".property int32 GlobalRefCount" />
      <MemberType>Property</MemberType>
      <AssemblyInfo>
        <AssemblyVersion>0.0.6105.39043</AssemblyVersion>
        <AssemblyVersion>0.0.6106.39464</AssemblyVersion>
      </AssemblyInfo>
      <ReturnValue>
        <ReturnType>System.Int32</ReturnType>
      </ReturnValue>
      <Docs>
        <summary>To be added.</summary>
        <value>To be added.</value>
        <remarks>To be added.</remarks>
      </Docs>
    </Member>
    <Member MemberName="Report">
      <MemberSignature Language="C#" Value="public static void Report (string format, object[] args);" />
      <MemberSignature Language="ILAsm" Value=".method public static hidebysig void Report(string format, object[] args) cil managed" />
      <MemberType>Method</MemberType>
      <AssemblyInfo>
        <AssemblyVersion>0.0.6134.41045</AssemblyVersion>
        <AssemblyVersion>0.0.6142.19338</AssemblyVersion>
      </AssemblyInfo>
      <ReturnValue>
        <ReturnType>System.Void</ReturnType>
      </ReturnValue>
      <Parameters>
        <Parameter Name="format" Type="System.String" />
        <Parameter Name="args" Type="System.Object[]">
          <Attributes>
            <Attribute>
              <AttributeName>System.ParamArray</AttributeName>
            </Attribute>
          </Attributes>
        </Parameter>
      </Parameters>
      <Docs>
        <param name="format">To be added.</param>
        <param name="args">To be added.</param>
        <summary>To be added.</summary>
        <remarks>To be added.</remarks>
      </Docs>
    </Member>
    <Member MemberName="ReportCallback">
      <MemberSignature Language="C#" Value="public static Vulkan.NativeMemoryDebug.ReportCallbackDelegate ReportCallback;" />
      <MemberSignature Language="ILAsm" Value=".field public static class Vulkan.NativeMemoryDebug/ReportCallbackDelegate ReportCallback" />
      <MemberType>Field</MemberType>
      <AssemblyInfo>
        <AssemblyVersion>0.0.6105.39043</AssemblyVersion>
        <AssemblyVersion>0.0.6106.39464</AssemblyVersion>
        <AssemblyVersion>0.0.6134.41045</AssemblyVersion>
        <AssemblyVersion>0.0.6142.19338</AssemblyVersion>
      </AssemblyInfo>
      <ReturnValue>
        <ReturnType>Vulkan.NativeMemoryDebug+ReportCallbackDelegate</ReturnType>
      </ReturnValue>
      <Docs>
        <summary>To be added.</summary>
        <remarks>To be added.</remarks>
      </Docs>
    </Member>
    <Member MemberName="StackTrace">
      <MemberSignature Language="C#" Value="public static Vulkan.NativeMemoryDebug.StackTraceDelegate StackTrace;" />
      <MemberSignature Language="ILAsm" Value=".field public static class Vulkan.NativeMemoryDebug/StackTraceDelegate StackTrace" />
      <MemberType>Field</MemberType>
      <AssemblyInfo>
        <AssemblyVersion>0.0.6105.39043</AssemblyVersion>
        <AssemblyVersion>0.0.6106.39464</AssemblyVersion>
      </AssemblyInfo>
      <ReturnValue>
        <ReturnType>Vulkan.NativeMemoryDebug+StackTraceDelegate</ReturnType>
      </ReturnValue>
      <Docs>
        <summary>To be added.</summary>
        <remarks>To be added.</remarks>
      </Docs>
    </Member>
    <Member MemberName="StackTrace">
      <MemberSignature Language="C#" Value="public static string StackTrace ();" />
      <MemberSignature Language="ILAsm" Value=".method public static hidebysig string StackTrace() cil managed" />
      <MemberType>Method</MemberType>
      <AssemblyInfo>
        <AssemblyVersion>0.0.6134.41045</AssemblyVersion>
        <AssemblyVersion>0.0.6142.19338</AssemblyVersion>
      </AssemblyInfo>
      <ReturnValue>
        <ReturnType>System.String</ReturnType>
      </ReturnValue>
      <Parameters />
      <Docs>
        <summary>To be added.</summary>
        <returns>To be added.</returns>
        <remarks>To be added.</remarks>
      </Docs>
    </Member>
    <Member MemberName="StackTraceCallback">
      <MemberSignature Language="C#" Value="public static Vulkan.NativeMemoryDebug.StackTraceDelegate StackTraceCallback;" />
      <MemberSignature Language="ILAsm" Value=".field public static class Vulkan.NativeMemoryDebug/StackTraceDelegate StackTraceCallback" />
      <MemberType>Field</MemberType>
      <AssemblyInfo>
        <AssemblyVersion>0.0.6134.41045</AssemblyVersion>
        <AssemblyVersion>0.0.6142.19338</AssemblyVersion>
      </AssemblyInfo>
      <ReturnValue>
        <ReturnType>Vulkan.NativeMemoryDebug+StackTraceDelegate</ReturnType>
      </ReturnValue>
      <Docs>
        <summary>To be added.</summary>
        <remarks>To be added.</remarks>
      </Docs>
    </Member>
  </Members>
</Type>
