﻿<?xml version="1.0" encoding="utf-8"?>
<Type Name="PhysicalDeviceProperties" FullName="Vulkan.PhysicalDeviceProperties">
  <TypeSignature Language="C#" Value="public class PhysicalDeviceProperties : Vulkan.MarshalledObject" />
  <TypeSignature Language="ILAsm" Value=".class public auto ansi beforefieldinit PhysicalDeviceProperties extends Vulkan.MarshalledObject" />
  <AssemblyInfo>
    <AssemblyName>Vulkan</AssemblyName>
    <AssemblyVersion>0.0.5950.20892</AssemblyVersion>
    <AssemblyVersion>0.0.6105.39043</AssemblyVersion>
    <AssemblyVersion>0.0.6106.39464</AssemblyVersion>
    <AssemblyVersion>0.0.6134.41045</AssemblyVersion>
    <AssemblyVersion>0.0.6142.19338</AssemblyVersion>
  </AssemblyInfo>
  <Base>
    <BaseTypeName>Vulkan.MarshalledObject</BaseTypeName>
  </Base>
  <Interfaces />
  <Docs>
    <summary>Structure specifying physical device properties</summary>
    <remarks></remarks>
  </Docs>
  <Members>
    <Member MemberName=".ctor">
      <MemberSignature Language="C#" Value="public PhysicalDeviceProperties ();" />
      <MemberSignature Language="ILAsm" Value=".method public hidebysig specialname rtspecialname instance void .ctor() cil managed" />
      <MemberType>Constructor</MemberType>
      <AssemblyInfo>
        <AssemblyVersion>0.0.5950.20892</AssemblyVersion>
        <AssemblyVersion>0.0.6105.39043</AssemblyVersion>
        <AssemblyVersion>0.0.6106.39464</AssemblyVersion>
        <AssemblyVersion>0.0.6134.41045</AssemblyVersion>
        <AssemblyVersion>0.0.6142.19338</AssemblyVersion>
      </AssemblyInfo>
      <Parameters />
      <Docs>
        <summary>To be added.</summary>
        <remarks>To be added.</remarks>
      </Docs>
    </Member>
    <Member MemberName="ApiVersion">
      <MemberSignature Language="C#" Value="public uint ApiVersion { get; set; }" />
      <MemberSignature Language="ILAsm" Value=".property instance unsigned int32 ApiVersion" />
      <MemberType>Property</MemberType>
      <AssemblyInfo>
        <AssemblyVersion>0.0.5950.20892</AssemblyVersion>
        <AssemblyVersion>0.0.6105.39043</AssemblyVersion>
        <AssemblyVersion>0.0.6106.39464</AssemblyVersion>
        <AssemblyVersion>0.0.6134.41045</AssemblyVersion>
        <AssemblyVersion>0.0.6142.19338</AssemblyVersion>
      </AssemblyInfo>
      <ReturnValue>
        <ReturnType>System.UInt32</ReturnType>
      </ReturnValue>
      <Docs>
        <summary>is the version of Vulkan supported by the device, encoded as described in the &lt;&lt;fundamentals-versionnum,API Version Numbers and Semantics&gt;&gt; section.</summary>
        <value>To be added.</value>
        <remarks></remarks>
      </Docs>
    </Member>
    <Member MemberName="DeviceId">
      <MemberSignature Language="C#" Value="public uint DeviceId { get; set; }" />
      <MemberSignature Language="ILAsm" Value=".property instance unsigned int32 DeviceId" />
      <MemberType>Property</MemberType>
      <AssemblyInfo>
        <AssemblyVersion>0.0.6105.39043</AssemblyVersion>
        <AssemblyVersion>0.0.6106.39464</AssemblyVersion>
        <AssemblyVersion>0.0.6134.41045</AssemblyVersion>
        <AssemblyVersion>0.0.6142.19338</AssemblyVersion>
      </AssemblyInfo>
      <ReturnValue>
        <ReturnType>System.UInt32</ReturnType>
      </ReturnValue>
      <Docs>
        <summary>is a unique identifier for the physical device among devices available from the vendor.</summary>
        <value>To be added.</value>
        <remarks></remarks>
      </Docs>
    </Member>
    <Member MemberName="DeviceID">
      <MemberSignature Language="C#" Value="public uint DeviceID { get; set; }" />
      <MemberSignature Language="ILAsm" Value=".property instance unsigned int32 DeviceID" />
      <MemberType>Property</MemberType>
      <AssemblyInfo>
        <AssemblyVersion>0.0.5950.20892</AssemblyVersion>
      </AssemblyInfo>
      <ReturnValue>
        <ReturnType>System.UInt32</ReturnType>
      </ReturnValue>
      <Docs>
        <summary>To be added.</summary>
        <value>To be added.</value>
        <remarks>To be added.</remarks>
      </Docs>
    </Member>
    <Member MemberName="DeviceName">
      <MemberSignature Language="C#" Value="public string DeviceName { get; set; }" />
      <MemberSignature Language="ILAsm" Value=".property instance string DeviceName" />
      <MemberType>Property</MemberType>
      <AssemblyInfo>
        <AssemblyVersion>0.0.5950.20892</AssemblyVersion>
        <AssemblyVersion>0.0.6105.39043</AssemblyVersion>
        <AssemblyVersion>0.0.6106.39464</AssemblyVersion>
        <AssemblyVersion>0.0.6134.41045</AssemblyVersion>
        <AssemblyVersion>0.0.6142.19338</AssemblyVersion>
      </AssemblyInfo>
      <ReturnValue>
        <ReturnType>System.String</ReturnType>
      </ReturnValue>
      <Docs>
        <summary>is a null-terminated UTF-8 string containing the name of the device.</summary>
        <value>To be added.</value>
        <remarks></remarks>
      </Docs>
    </Member>
    <Member MemberName="DeviceType">
      <MemberSignature Language="C#" Value="public Vulkan.PhysicalDeviceType DeviceType { get; set; }" />
      <MemberSignature Language="ILAsm" Value=".property instance valuetype Vulkan.PhysicalDeviceType DeviceType" />
      <MemberType>Property</MemberType>
      <AssemblyInfo>
        <AssemblyVersion>0.0.5950.20892</AssemblyVersion>
        <AssemblyVersion>0.0.6105.39043</AssemblyVersion>
        <AssemblyVersion>0.0.6106.39464</AssemblyVersion>
        <AssemblyVersion>0.0.6134.41045</AssemblyVersion>
        <AssemblyVersion>0.0.6142.19338</AssemblyVersion>
      </AssemblyInfo>
      <ReturnValue>
        <ReturnType>Vulkan.PhysicalDeviceType</ReturnType>
      </ReturnValue>
      <Docs>
        <summary>is a elink:VkPhysicalDeviceType specifying the type of device.</summary>
        <value>To be added.</value>
        <remarks></remarks>
      </Docs>
    </Member>
    <Member MemberName="DriverVersion">
      <MemberSignature Language="C#" Value="public uint DriverVersion { get; set; }" />
      <MemberSignature Language="ILAsm" Value=".property instance unsigned int32 DriverVersion" />
      <MemberType>Property</MemberType>
      <AssemblyInfo>
        <AssemblyVersion>0.0.5950.20892</AssemblyVersion>
        <AssemblyVersion>0.0.6105.39043</AssemblyVersion>
        <AssemblyVersion>0.0.6106.39464</AssemblyVersion>
        <AssemblyVersion>0.0.6134.41045</AssemblyVersion>
        <AssemblyVersion>0.0.6142.19338</AssemblyVersion>
      </AssemblyInfo>
      <ReturnValue>
        <ReturnType>System.UInt32</ReturnType>
      </ReturnValue>
      <Docs>
        <summary>is the vendor-specified version of the driver.</summary>
        <value>To be added.</value>
        <remarks></remarks>
      </Docs>
    </Member>
    <Member MemberName="Limits">
      <MemberSignature Language="C#" Value="public Vulkan.PhysicalDeviceLimits Limits { get; set; }" />
      <MemberSignature Language="ILAsm" Value=".property instance class Vulkan.PhysicalDeviceLimits Limits" />
      <MemberType>Property</MemberType>
      <AssemblyInfo>
        <AssemblyVersion>0.0.5950.20892</AssemblyVersion>
        <AssemblyVersion>0.0.6105.39043</AssemblyVersion>
        <AssemblyVersion>0.0.6106.39464</AssemblyVersion>
        <AssemblyVersion>0.0.6134.41045</AssemblyVersion>
        <AssemblyVersion>0.0.6142.19338</AssemblyVersion>
      </AssemblyInfo>
      <ReturnValue>
        <ReturnType>Vulkan.PhysicalDeviceLimits</ReturnType>
      </ReturnValue>
      <Docs>
        <summary>is the slink:VkPhysicalDeviceLimits structure which specifies device-specific limits of the physical device. See &lt;&lt;features-limits,Limits&gt;&gt; for details.</summary>
        <value>To be added.</value>
        <remarks></remarks>
      </Docs>
    </Member>
    <Member MemberName="PipelineCacheUuid">
      <MemberSignature Language="C#" Value="public byte[] PipelineCacheUuid { get; set; }" />
      <MemberSignature Language="ILAsm" Value=".property instance unsigned int8[] PipelineCacheUuid" />
      <MemberType>Property</MemberType>
      <AssemblyInfo>
        <AssemblyVersion>0.0.6105.39043</AssemblyVersion>
        <AssemblyVersion>0.0.6106.39464</AssemblyVersion>
        <AssemblyVersion>0.0.6134.41045</AssemblyVersion>
        <AssemblyVersion>0.0.6142.19338</AssemblyVersion>
      </AssemblyInfo>
      <ReturnValue>
        <ReturnType>System.Byte[]</ReturnType>
      </ReturnValue>
      <Docs>
        <summary>is an array of size ename:VK_UUID_SIZE, containing 8-bit values that represent a universally unique identifier for the device.</summary>
        <value>To be added.</value>
        <remarks></remarks>
      </Docs>
    </Member>
    <Member MemberName="PipelineCacheUUID">
      <MemberSignature Language="C#" Value="public byte PipelineCacheUUID { get; set; }" />
      <MemberSignature Language="ILAsm" Value=".property instance unsigned int8 PipelineCacheUUID" />
      <MemberType>Property</MemberType>
      <AssemblyInfo>
        <AssemblyVersion>0.0.5950.20892</AssemblyVersion>
      </AssemblyInfo>
      <ReturnValue>
        <ReturnType>System.Byte</ReturnType>
      </ReturnValue>
      <Docs>
        <summary>To be added.</summary>
        <value>To be added.</value>
        <remarks>To be added.</remarks>
      </Docs>
    </Member>
    <Member MemberName="SparseProperties">
      <MemberSignature Language="C#" Value="public Vulkan.PhysicalDeviceSparseProperties SparseProperties { get; set; }" />
      <MemberSignature Language="ILAsm" Value=".property instance valuetype Vulkan.PhysicalDeviceSparseProperties SparseProperties" />
      <MemberType>Property</MemberType>
      <AssemblyInfo>
        <AssemblyVersion>0.0.5950.20892</AssemblyVersion>
        <AssemblyVersion>0.0.6105.39043</AssemblyVersion>
        <AssemblyVersion>0.0.6106.39464</AssemblyVersion>
        <AssemblyVersion>0.0.6134.41045</AssemblyVersion>
        <AssemblyVersion>0.0.6142.19338</AssemblyVersion>
      </AssemblyInfo>
      <ReturnValue>
        <ReturnType>Vulkan.PhysicalDeviceSparseProperties</ReturnType>
      </ReturnValue>
      <Docs>
        <summary>is the slink:VkPhysicalDeviceSparseProperties structure which specifies various sparse related properties of the physical device. See &lt;&lt;sparsememory-physicalprops,Sparse Properties&gt;&gt; for details.</summary>
        <value>To be added.</value>
        <remarks></remarks>
      </Docs>
    </Member>
    <Member MemberName="VendorId">
      <MemberSignature Language="C#" Value="public uint VendorId { get; set; }" />
      <MemberSignature Language="ILAsm" Value=".property instance unsigned int32 VendorId" />
      <MemberType>Property</MemberType>
      <AssemblyInfo>
        <AssemblyVersion>0.0.6105.39043</AssemblyVersion>
        <AssemblyVersion>0.0.6106.39464</AssemblyVersion>
        <AssemblyVersion>0.0.6134.41045</AssemblyVersion>
        <AssemblyVersion>0.0.6142.19338</AssemblyVersion>
      </AssemblyInfo>
      <ReturnValue>
        <ReturnType>System.UInt32</ReturnType>
      </ReturnValue>
      <Docs>
        <summary>is a unique identifier for the _vendor_ (see below) of the physical device.</summary>
        <value>To be added.</value>
        <remarks></remarks>
      </Docs>
    </Member>
    <Member MemberName="VendorID">
      <MemberSignature Language="C#" Value="public uint VendorID { get; set; }" />
      <MemberSignature Language="ILAsm" Value=".property instance unsigned int32 VendorID" />
      <MemberType>Property</MemberType>
      <AssemblyInfo>
        <AssemblyVersion>0.0.5950.20892</AssemblyVersion>
      </AssemblyInfo>
      <ReturnValue>
        <ReturnType>System.UInt32</ReturnType>
      </ReturnValue>
      <Docs>
        <summary>To be added.</summary>
        <value>To be added.</value>
        <remarks>To be added.</remarks>
      </Docs>
    </Member>
  </Members>
</Type>