﻿<?xml version="1.0" encoding="utf-8"?>
<Type Name="PhysicalDeviceType" FullName="Vulkan.PhysicalDeviceType">
  <TypeSignature Language="C#" Value="public enum PhysicalDeviceType" />
  <TypeSignature Language="ILAsm" Value=".class public auto ansi sealed PhysicalDeviceType extends System.Enum" />
  <AssemblyInfo>
    <AssemblyName>Vulkan</AssemblyName>
    <AssemblyVersion>0.0.5950.20892</AssemblyVersion>
    <AssemblyVersion>0.0.6105.39043</AssemblyVersion>
    <AssemblyVersion>0.0.6106.39464</AssemblyVersion>
    <AssemblyVersion>0.0.6134.41045</AssemblyVersion>
    <AssemblyVersion>0.0.6142.19338</AssemblyVersion>
  </AssemblyInfo>
  <Base>
    <BaseTypeName>System.Enum</BaseTypeName>
  </Base>
  <Docs>
    <summary>Supported physical device types</summary>
    <remarks></remarks>
  </Docs>
  <Members>
    <Member MemberName="Cpu">
      <MemberSignature Language="C#" Value="Cpu" />
      <MemberSignature Language="ILAsm" Value=".field public static literal valuetype Vulkan.PhysicalDeviceType Cpu = int32(4)" />
      <MemberType>Field</MemberType>
      <AssemblyInfo>
        <AssemblyVersion>0.0.5950.20892</AssemblyVersion>
        <AssemblyVersion>0.0.6105.39043</AssemblyVersion>
        <AssemblyVersion>0.0.6106.39464</AssemblyVersion>
        <AssemblyVersion>0.0.6134.41045</AssemblyVersion>
        <AssemblyVersion>0.0.6142.19338</AssemblyVersion>
      </AssemblyInfo>
      <ReturnValue>
        <ReturnType>Vulkan.PhysicalDeviceType</ReturnType>
      </ReturnValue>
      <Docs>
        <summary>The device is typically running on the same processors as the host.</summary>
      </Docs>
    </Member>
    <Member MemberName="DiscreteGpu">
      <MemberSignature Language="C#" Value="DiscreteGpu" />
      <MemberSignature Language="ILAsm" Value=".field public static literal valuetype Vulkan.PhysicalDeviceType DiscreteGpu = int32(2)" />
      <MemberType>Field</MemberType>
      <AssemblyInfo>
        <AssemblyVersion>0.0.5950.20892</AssemblyVersion>
        <AssemblyVersion>0.0.6105.39043</AssemblyVersion>
        <AssemblyVersion>0.0.6106.39464</AssemblyVersion>
        <AssemblyVersion>0.0.6134.41045</AssemblyVersion>
        <AssemblyVersion>0.0.6142.19338</AssemblyVersion>
      </AssemblyInfo>
      <ReturnValue>
        <ReturnType>Vulkan.PhysicalDeviceType</ReturnType>
      </ReturnValue>
      <Docs>
        <summary>The device is typically a separate processor connected to the host via an interlink.</summary>
      </Docs>
    </Member>
    <Member MemberName="IntegratedGpu">
      <MemberSignature Language="C#" Value="IntegratedGpu" />
      <MemberSignature Language="ILAsm" Value=".field public static literal valuetype Vulkan.PhysicalDeviceType IntegratedGpu = int32(1)" />
      <MemberType>Field</MemberType>
      <AssemblyInfo>
        <AssemblyVersion>0.0.5950.20892</AssemblyVersion>
        <AssemblyVersion>0.0.6105.39043</AssemblyVersion>
        <AssemblyVersion>0.0.6106.39464</AssemblyVersion>
        <AssemblyVersion>0.0.6134.41045</AssemblyVersion>
        <AssemblyVersion>0.0.6142.19338</AssemblyVersion>
      </AssemblyInfo>
      <ReturnValue>
        <ReturnType>Vulkan.PhysicalDeviceType</ReturnType>
      </ReturnValue>
      <Docs>
        <summary>The device is typically one embedded in or tightly coupled with the host.</summary>
      </Docs>
    </Member>
    <Member MemberName="Other">
      <MemberSignature Language="C#" Value="Other" />
      <MemberSignature Language="ILAsm" Value=".field public static literal valuetype Vulkan.PhysicalDeviceType Other = int32(0)" />
      <MemberType>Field</MemberType>
      <AssemblyInfo>
        <AssemblyVersion>0.0.5950.20892</AssemblyVersion>
        <AssemblyVersion>0.0.6105.39043</AssemblyVersion>
        <AssemblyVersion>0.0.6106.39464</AssemblyVersion>
        <AssemblyVersion>0.0.6134.41045</AssemblyVersion>
        <AssemblyVersion>0.0.6142.19338</AssemblyVersion>
      </AssemblyInfo>
      <ReturnValue>
        <ReturnType>Vulkan.PhysicalDeviceType</ReturnType>
      </ReturnValue>
      <Docs>
        <summary>The device does not match any other available types.</summary>
      </Docs>
    </Member>
    <Member MemberName="VirtualGpu">
      <MemberSignature Language="C#" Value="VirtualGpu" />
      <MemberSignature Language="ILAsm" Value=".field public static literal valuetype Vulkan.PhysicalDeviceType VirtualGpu = int32(3)" />
      <MemberType>Field</MemberType>
      <AssemblyInfo>
        <AssemblyVersion>0.0.5950.20892</AssemblyVersion>
        <AssemblyVersion>0.0.6105.39043</AssemblyVersion>
        <AssemblyVersion>0.0.6106.39464</AssemblyVersion>
        <AssemblyVersion>0.0.6134.41045</AssemblyVersion>
        <AssemblyVersion>0.0.6142.19338</AssemblyVersion>
      </AssemblyInfo>
      <ReturnValue>
        <ReturnType>Vulkan.PhysicalDeviceType</ReturnType>
      </ReturnValue>
      <Docs>
        <summary>The device is typically a virtual node in a virtualization environment.</summary>
      </Docs>
    </Member>
  </Members>
</Type>