﻿<?xml version="1.0" encoding="utf-8"?>
<Type Name="PipelineBindPoint" FullName="Vulkan.PipelineBindPoint">
  <TypeSignature Language="C#" Value="public enum PipelineBindPoint" />
  <TypeSignature Language="ILAsm" Value=".class public auto ansi sealed PipelineBindPoint extends System.Enum" />
  <AssemblyInfo>
    <AssemblyName>Vulkan</AssemblyName>
    <AssemblyVersion>0.0.5950.20892</AssemblyVersion>
    <AssemblyVersion>0.0.6105.39043</AssemblyVersion>
    <AssemblyVersion>0.0.6106.39464</AssemblyVersion>
    <AssemblyVersion>0.0.6134.41045</AssemblyVersion>
    <AssemblyVersion>0.0.6142.19338</AssemblyVersion>
  </AssemblyInfo>
  <Base>
    <BaseTypeName>System.Enum</BaseTypeName>
  </Base>
  <Docs>
    <summary>Specify the bind point of a pipeline object to a command buffer</summary>
    <remarks></remarks>
  </Docs>
  <Members>
    <Member MemberName="Compute">
      <MemberSignature Language="C#" Value="Compute" />
      <MemberSignature Language="ILAsm" Value=".field public static literal valuetype Vulkan.PipelineBindPoint Compute = int32(1)" />
      <MemberType>Field</MemberType>
      <AssemblyInfo>
        <AssemblyVersion>0.0.5950.20892</AssemblyVersion>
        <AssemblyVersion>0.0.6105.39043</AssemblyVersion>
        <AssemblyVersion>0.0.6106.39464</AssemblyVersion>
        <AssemblyVersion>0.0.6134.41045</AssemblyVersion>
        <AssemblyVersion>0.0.6142.19338</AssemblyVersion>
      </AssemblyInfo>
      <ReturnValue>
        <ReturnType>Vulkan.PipelineBindPoint</ReturnType>
      </ReturnValue>
      <Docs>
        <summary>To be added.</summary>
      </Docs>
    </Member>
    <Member MemberName="Graphics">
      <MemberSignature Language="C#" Value="Graphics" />
      <MemberSignature Language="ILAsm" Value=".field public static literal valuetype Vulkan.PipelineBindPoint Graphics = int32(0)" />
      <MemberType>Field</MemberType>
      <AssemblyInfo>
        <AssemblyVersion>0.0.5950.20892</AssemblyVersion>
        <AssemblyVersion>0.0.6105.39043</AssemblyVersion>
        <AssemblyVersion>0.0.6106.39464</AssemblyVersion>
        <AssemblyVersion>0.0.6134.41045</AssemblyVersion>
        <AssemblyVersion>0.0.6142.19338</AssemblyVersion>
      </AssemblyInfo>
      <ReturnValue>
        <ReturnType>Vulkan.PipelineBindPoint</ReturnType>
      </ReturnValue>
      <Docs>
        <summary>To be added.</summary>
      </Docs>
    </Member>
  </Members>
</Type>