﻿<?xml version="1.0" encoding="utf-8"?>
<Type Name="PipelineCreateFlags" FullName="Vulkan.PipelineCreateFlags">
  <TypeSignature Language="C#" Value="public enum PipelineCreateFlags" />
  <TypeSignature Language="ILAsm" Value=".class public auto ansi sealed PipelineCreateFlags extends System.Enum" />
  <AssemblyInfo>
    <AssemblyName>Vulkan</AssemblyName>
    <AssemblyVersion>0.0.5950.20892</AssemblyVersion>
    <AssemblyVersion>0.0.6105.39043</AssemblyVersion>
    <AssemblyVersion>0.0.6106.39464</AssemblyVersion>
    <AssemblyVersion>0.0.6134.41045</AssemblyVersion>
    <AssemblyVersion>0.0.6142.19338</AssemblyVersion>
  </AssemblyInfo>
  <Base>
    <BaseTypeName>System.Enum</BaseTypeName>
  </Base>
  <Attributes>
    <Attribute>
      <AttributeName>System.Flags</AttributeName>
    </Attribute>
  </Attributes>
  <Docs>
    <summary>Bitmask controlling how a pipeline is generated</summary>
    <remarks></remarks>
  </Docs>
  <Members>
    <Member MemberName="AllowDerivatives">
      <MemberSignature Language="C#" Value="AllowDerivatives" />
      <MemberSignature Language="ILAsm" Value=".field public static literal valuetype Vulkan.PipelineCreateFlags AllowDerivatives = int32(2)" />
      <MemberType>Field</MemberType>
      <AssemblyInfo>
        <AssemblyVersion>0.0.5950.20892</AssemblyVersion>
        <AssemblyVersion>0.0.6105.39043</AssemblyVersion>
        <AssemblyVersion>0.0.6106.39464</AssemblyVersion>
        <AssemblyVersion>0.0.6134.41045</AssemblyVersion>
        <AssemblyVersion>0.0.6142.19338</AssemblyVersion>
      </AssemblyInfo>
      <ReturnValue>
        <ReturnType>Vulkan.PipelineCreateFlags</ReturnType>
      </ReturnValue>
      <Docs>
        <summary>specifies that the pipeline to be created is allowed to be the parent of a pipeline that will be created in a subsequent call to flink:vkCreateGraphicsPipelines.</summary>
      </Docs>
    </Member>
    <Member MemberName="Derivative">
      <MemberSignature Language="C#" Value="Derivative" />
      <MemberSignature Language="ILAsm" Value=".field public static literal valuetype Vulkan.PipelineCreateFlags Derivative = int32(4)" />
      <MemberType>Field</MemberType>
      <AssemblyInfo>
        <AssemblyVersion>0.0.5950.20892</AssemblyVersion>
        <AssemblyVersion>0.0.6105.39043</AssemblyVersion>
        <AssemblyVersion>0.0.6106.39464</AssemblyVersion>
        <AssemblyVersion>0.0.6134.41045</AssemblyVersion>
        <AssemblyVersion>0.0.6142.19338</AssemblyVersion>
      </AssemblyInfo>
      <ReturnValue>
        <ReturnType>Vulkan.PipelineCreateFlags</ReturnType>
      </ReturnValue>
      <Docs>
        <summary>specifies that the pipeline to be created will be a child of a previously created parent pipeline.</summary>
      </Docs>
    </Member>
    <Member MemberName="DisableOptimization">
      <MemberSignature Language="C#" Value="DisableOptimization" />
      <MemberSignature Language="ILAsm" Value=".field public static literal valuetype Vulkan.PipelineCreateFlags DisableOptimization = int32(1)" />
      <MemberType>Field</MemberType>
      <AssemblyInfo>
        <AssemblyVersion>0.0.5950.20892</AssemblyVersion>
        <AssemblyVersion>0.0.6105.39043</AssemblyVersion>
        <AssemblyVersion>0.0.6106.39464</AssemblyVersion>
        <AssemblyVersion>0.0.6134.41045</AssemblyVersion>
        <AssemblyVersion>0.0.6142.19338</AssemblyVersion>
      </AssemblyInfo>
      <ReturnValue>
        <ReturnType>Vulkan.PipelineCreateFlags</ReturnType>
      </ReturnValue>
      <Docs>
        <summary>specifies that the created pipeline will not be optimized. Using this flag may: reduce the time taken to create the pipeline.</summary>
      </Docs>
    </Member>
  </Members>
</Type>