﻿<?xml version="1.0" encoding="utf-8"?>
<Type Name="QueryResultFlags" FullName="Vulkan.QueryResultFlags">
  <TypeSignature Language="C#" Value="public enum QueryResultFlags" />
  <TypeSignature Language="ILAsm" Value=".class public auto ansi sealed QueryResultFlags extends System.Enum" />
  <AssemblyInfo>
    <AssemblyName>Vulkan</AssemblyName>
    <AssemblyVersion>0.0.5950.20892</AssemblyVersion>
    <AssemblyVersion>0.0.6105.39043</AssemblyVersion>
    <AssemblyVersion>0.0.6106.39464</AssemblyVersion>
    <AssemblyVersion>0.0.6134.41045</AssemblyVersion>
    <AssemblyVersion>0.0.6142.19338</AssemblyVersion>
  </AssemblyInfo>
  <Base>
    <BaseTypeName>System.Enum</BaseTypeName>
  </Base>
  <Attributes>
    <Attribute>
      <AttributeName>System.Flags</AttributeName>
    </Attribute>
  </Attributes>
  <Docs>
    <summary>Bitmask specifying how and when query results are returned</summary>
    <remarks></remarks>
  </Docs>
  <Members>
    <Member MemberName="Partial">
      <MemberSignature Language="C#" Value="Partial" />
      <MemberSignature Language="ILAsm" Value=".field public static literal valuetype Vulkan.QueryResultFlags Partial = int32(8)" />
      <MemberType>Field</MemberType>
      <AssemblyInfo>
        <AssemblyVersion>0.0.5950.20892</AssemblyVersion>
        <AssemblyVersion>0.0.6105.39043</AssemblyVersion>
        <AssemblyVersion>0.0.6106.39464</AssemblyVersion>
        <AssemblyVersion>0.0.6134.41045</AssemblyVersion>
        <AssemblyVersion>0.0.6142.19338</AssemblyVersion>
      </AssemblyInfo>
      <ReturnValue>
        <ReturnType>Vulkan.QueryResultFlags</ReturnType>
      </ReturnValue>
      <Docs>
        <summary>indicates that returning partial results is acceptable.</summary>
      </Docs>
    </Member>
    <Member MemberName="Result64">
      <MemberSignature Language="C#" Value="Result64" />
      <MemberSignature Language="ILAsm" Value=".field public static literal valuetype Vulkan.QueryResultFlags Result64 = int32(1)" />
      <MemberType>Field</MemberType>
      <AssemblyInfo>
        <AssemblyVersion>0.0.5950.20892</AssemblyVersion>
        <AssemblyVersion>0.0.6105.39043</AssemblyVersion>
        <AssemblyVersion>0.0.6106.39464</AssemblyVersion>
        <AssemblyVersion>0.0.6134.41045</AssemblyVersion>
        <AssemblyVersion>0.0.6142.19338</AssemblyVersion>
      </AssemblyInfo>
      <ReturnValue>
        <ReturnType>Vulkan.QueryResultFlags</ReturnType>
      </ReturnValue>
      <Docs>
        <summary>indicates the results will be written as an array of 64-bit unsigned integer values. If this bit is not set, the results will be written as an array of 32-bit unsigned integer values.</summary>
      </Docs>
    </Member>
    <Member MemberName="Wait">
      <MemberSignature Language="C#" Value="Wait" />
      <MemberSignature Language="ILAsm" Value=".field public static literal valuetype Vulkan.QueryResultFlags Wait = int32(2)" />
      <MemberType>Field</MemberType>
      <AssemblyInfo>
        <AssemblyVersion>0.0.5950.20892</AssemblyVersion>
        <AssemblyVersion>0.0.6105.39043</AssemblyVersion>
        <AssemblyVersion>0.0.6106.39464</AssemblyVersion>
        <AssemblyVersion>0.0.6134.41045</AssemblyVersion>
        <AssemblyVersion>0.0.6142.19338</AssemblyVersion>
      </AssemblyInfo>
      <ReturnValue>
        <ReturnType>Vulkan.QueryResultFlags</ReturnType>
      </ReturnValue>
      <Docs>
        <summary>indicates that Vulkan will wait for each query's status to become available before retrieving its results.</summary>
      </Docs>
    </Member>
    <Member MemberName="WithAvailability">
      <MemberSignature Language="C#" Value="WithAvailability" />
      <MemberSignature Language="ILAsm" Value=".field public static literal valuetype Vulkan.QueryResultFlags WithAvailability = int32(4)" />
      <MemberType>Field</MemberType>
      <AssemblyInfo>
        <AssemblyVersion>0.0.5950.20892</AssemblyVersion>
        <AssemblyVersion>0.0.6105.39043</AssemblyVersion>
        <AssemblyVersion>0.0.6106.39464</AssemblyVersion>
        <AssemblyVersion>0.0.6134.41045</AssemblyVersion>
        <AssemblyVersion>0.0.6142.19338</AssemblyVersion>
      </AssemblyInfo>
      <ReturnValue>
        <ReturnType>Vulkan.QueryResultFlags</ReturnType>
      </ReturnValue>
      <Docs>
        <summary>indicates that the availability status accompanies the results.</summary>
      </Docs>
    </Member>
  </Members>
</Type>