﻿<?xml version="1.0" encoding="utf-8"?>
<Type Name="QueueFamilyProperties" FullName="Vulkan.QueueFamilyProperties">
  <TypeSignature Language="C#" Value="public struct QueueFamilyProperties" />
  <TypeSignature Language="ILAsm" Value=".class public sequential ansi sealed beforefieldinit QueueFamilyProperties extends System.ValueType" />
  <AssemblyInfo>
    <AssemblyName>Vulkan</AssemblyName>
    <AssemblyVersion>0.0.5950.20892</AssemblyVersion>
    <AssemblyVersion>0.0.6105.39043</AssemblyVersion>
    <AssemblyVersion>0.0.6106.39464</AssemblyVersion>
    <AssemblyVersion>0.0.6134.41045</AssemblyVersion>
    <AssemblyVersion>0.0.6142.19338</AssemblyVersion>
  </AssemblyInfo>
  <Base>
    <BaseTypeName>System.ValueType</BaseTypeName>
  </Base>
  <Interfaces />
  <Docs>
    <summary>Structure providing information about a queue family</summary>
    <remarks></remarks>
  </Docs>
  <Members>
    <Member MemberName=".ctor">
      <MemberSignature Language="C#" Value="public QueueFamilyProperties ();" />
      <MemberSignature Language="ILAsm" Value=".method public hidebysig specialname rtspecialname instance void .ctor() cil managed" />
      <MemberType>Constructor</MemberType>
      <AssemblyInfo>
        <AssemblyVersion>0.0.5950.20892</AssemblyVersion>
      </AssemblyInfo>
      <Parameters />
      <Docs>
        <summary>To be added.</summary>
        <remarks>To be added.</remarks>
      </Docs>
    </Member>
    <Member MemberName="MinImageTransferGranularity">
      <MemberSignature Language="C#" Value="public Vulkan.Extent3D MinImageTransferGranularity;" />
      <MemberSignature Language="ILAsm" Value=".field public valuetype Vulkan.Extent3D MinImageTransferGranularity" />
      <MemberType>Field</MemberType>
      <AssemblyInfo>
        <AssemblyVersion>0.0.6105.39043</AssemblyVersion>
        <AssemblyVersion>0.0.6106.39464</AssemblyVersion>
        <AssemblyVersion>0.0.6134.41045</AssemblyVersion>
        <AssemblyVersion>0.0.6142.19338</AssemblyVersion>
      </AssemblyInfo>
      <ReturnValue>
        <ReturnType>Vulkan.Extent3D</ReturnType>
      </ReturnValue>
      <Docs>
        <summary>is the minimum granularity supported for image transfer operations on the queues in this queue family.</summary>
        <remarks></remarks>
      </Docs>
    </Member>
    <Member MemberName="MinImageTransferGranularity">
      <MemberSignature Language="C#" Value="public Vulkan.Extent3D MinImageTransferGranularity { get; set; }" />
      <MemberSignature Language="ILAsm" Value=".property instance class Vulkan.Extent3D MinImageTransferGranularity" />
      <MemberType>Property</MemberType>
      <AssemblyInfo>
        <AssemblyVersion>0.0.5950.20892</AssemblyVersion>
      </AssemblyInfo>
      <ReturnValue>
        <ReturnType>Vulkan.Extent3D</ReturnType>
      </ReturnValue>
      <Docs>
        <summary>is the minimum granularity supported for image transfer operations on the queues in this queue family.</summary>
        <value>To be added.</value>
        <remarks></remarks>
      </Docs>
    </Member>
    <Member MemberName="QueueCount">
      <MemberSignature Language="C#" Value="public uint QueueCount;" />
      <MemberSignature Language="ILAsm" Value=".field public unsigned int32 QueueCount" />
      <MemberType>Field</MemberType>
      <AssemblyInfo>
        <AssemblyVersion>0.0.6105.39043</AssemblyVersion>
        <AssemblyVersion>0.0.6106.39464</AssemblyVersion>
        <AssemblyVersion>0.0.6134.41045</AssemblyVersion>
        <AssemblyVersion>0.0.6142.19338</AssemblyVersion>
      </AssemblyInfo>
      <ReturnValue>
        <ReturnType>System.UInt32</ReturnType>
      </ReturnValue>
      <Docs>
        <summary>is the unsigned integer count of queues in this queue family.</summary>
        <remarks></remarks>
      </Docs>
    </Member>
    <Member MemberName="QueueCount">
      <MemberSignature Language="C#" Value="public uint QueueCount { get; set; }" />
      <MemberSignature Language="ILAsm" Value=".property instance unsigned int32 QueueCount" />
      <MemberType>Property</MemberType>
      <AssemblyInfo>
        <AssemblyVersion>0.0.5950.20892</AssemblyVersion>
      </AssemblyInfo>
      <ReturnValue>
        <ReturnType>System.UInt32</ReturnType>
      </ReturnValue>
      <Docs>
        <summary>is the unsigned integer count of queues in this queue family.</summary>
        <value>To be added.</value>
        <remarks></remarks>
      </Docs>
    </Member>
    <Member MemberName="QueueFlags">
      <MemberSignature Language="C#" Value="public Vulkan.QueueFlags QueueFlags;" />
      <MemberSignature Language="ILAsm" Value=".field public valuetype Vulkan.QueueFlags QueueFlags" />
      <MemberType>Field</MemberType>
      <AssemblyInfo>
        <AssemblyVersion>0.0.6105.39043</AssemblyVersion>
        <AssemblyVersion>0.0.6106.39464</AssemblyVersion>
        <AssemblyVersion>0.0.6134.41045</AssemblyVersion>
        <AssemblyVersion>0.0.6142.19338</AssemblyVersion>
      </AssemblyInfo>
      <ReturnValue>
        <ReturnType>Vulkan.QueueFlags</ReturnType>
      </ReturnValue>
      <Docs>
        <summary>contains flags indicating the capabilities of the queues in this queue family.</summary>
        <remarks></remarks>
      </Docs>
    </Member>
    <Member MemberName="QueueFlags">
      <MemberSignature Language="C#" Value="public uint QueueFlags { get; set; }" />
      <MemberSignature Language="ILAsm" Value=".property instance unsigned int32 QueueFlags" />
      <MemberType>Property</MemberType>
      <AssemblyInfo>
        <AssemblyVersion>0.0.5950.20892</AssemblyVersion>
      </AssemblyInfo>
      <ReturnValue>
        <ReturnType>System.UInt32</ReturnType>
      </ReturnValue>
      <Docs>
        <summary>contains flags indicating the capabilities of the queues in this queue family.</summary>
        <value>To be added.</value>
        <remarks></remarks>
      </Docs>
    </Member>
    <Member MemberName="TimestampValidBits">
      <MemberSignature Language="C#" Value="public uint TimestampValidBits;" />
      <MemberSignature Language="ILAsm" Value=".field public unsigned int32 TimestampValidBits" />
      <MemberType>Field</MemberType>
      <AssemblyInfo>
        <AssemblyVersion>0.0.6105.39043</AssemblyVersion>
        <AssemblyVersion>0.0.6106.39464</AssemblyVersion>
        <AssemblyVersion>0.0.6134.41045</AssemblyVersion>
        <AssemblyVersion>0.0.6142.19338</AssemblyVersion>
      </AssemblyInfo>
      <ReturnValue>
        <ReturnType>System.UInt32</ReturnType>
      </ReturnValue>
      <Docs>
        <summary>is the unsigned integer count of meaningful bits in the timestamps written via fname:vkCmdWriteTimestamp. The valid range for the count is 36..64 bits, or a value of 0, indicating no support for timestamps. Bits outside the valid range are guaranteed to be zeros.</summary>
        <remarks></remarks>
      </Docs>
    </Member>
    <Member MemberName="TimestampValidBits">
      <MemberSignature Language="C#" Value="public uint TimestampValidBits { get; set; }" />
      <MemberSignature Language="ILAsm" Value=".property instance unsigned int32 TimestampValidBits" />
      <MemberType>Property</MemberType>
      <AssemblyInfo>
        <AssemblyVersion>0.0.5950.20892</AssemblyVersion>
      </AssemblyInfo>
      <ReturnValue>
        <ReturnType>System.UInt32</ReturnType>
      </ReturnValue>
      <Docs>
        <summary>is the unsigned integer count of meaningful bits in the timestamps written via fname:vkCmdWriteTimestamp. The valid range for the count is 36..64 bits, or a value of 0, indicating no support for timestamps. Bits outside the valid range are guaranteed to be zeros.</summary>
        <value>To be added.</value>
        <remarks></remarks>
      </Docs>
    </Member>
  </Members>
</Type>