﻿<?xml version="1.0" encoding="utf-8"?>
<Type Name="QueueFlags" FullName="Vulkan.QueueFlags">
  <TypeSignature Language="C#" Value="public enum QueueFlags" />
  <TypeSignature Language="ILAsm" Value=".class public auto ansi sealed QueueFlags extends System.Enum" />
  <AssemblyInfo>
    <AssemblyName>Vulkan</AssemblyName>
    <AssemblyVersion>0.0.5950.20892</AssemblyVersion>
    <AssemblyVersion>0.0.6105.39043</AssemblyVersion>
    <AssemblyVersion>0.0.6106.39464</AssemblyVersion>
    <AssemblyVersion>0.0.6134.41045</AssemblyVersion>
    <AssemblyVersion>0.0.6142.19338</AssemblyVersion>
  </AssemblyInfo>
  <Base>
    <BaseTypeName>System.Enum</BaseTypeName>
  </Base>
  <Attributes>
    <Attribute>
      <AttributeName>System.Flags</AttributeName>
    </Attribute>
  </Attributes>
  <Docs>
    <summary>Bitmask specifying capabilities of queues in a queue family</summary>
    <remarks></remarks>
  </Docs>
  <Members>
    <Member MemberName="Compute">
      <MemberSignature Language="C#" Value="Compute" />
      <MemberSignature Language="ILAsm" Value=".field public static literal valuetype Vulkan.QueueFlags Compute = int32(2)" />
      <MemberType>Field</MemberType>
      <AssemblyInfo>
        <AssemblyVersion>0.0.5950.20892</AssemblyVersion>
        <AssemblyVersion>0.0.6105.39043</AssemblyVersion>
        <AssemblyVersion>0.0.6106.39464</AssemblyVersion>
        <AssemblyVersion>0.0.6134.41045</AssemblyVersion>
        <AssemblyVersion>0.0.6142.19338</AssemblyVersion>
      </AssemblyInfo>
      <ReturnValue>
        <ReturnType>Vulkan.QueueFlags</ReturnType>
      </ReturnValue>
      <Docs>
        <summary>To be added.</summary>
      </Docs>
    </Member>
    <Member MemberName="Graphics">
      <MemberSignature Language="C#" Value="Graphics" />
      <MemberSignature Language="ILAsm" Value=".field public static literal valuetype Vulkan.QueueFlags Graphics = int32(1)" />
      <MemberType>Field</MemberType>
      <AssemblyInfo>
        <AssemblyVersion>0.0.5950.20892</AssemblyVersion>
        <AssemblyVersion>0.0.6105.39043</AssemblyVersion>
        <AssemblyVersion>0.0.6106.39464</AssemblyVersion>
        <AssemblyVersion>0.0.6134.41045</AssemblyVersion>
        <AssemblyVersion>0.0.6142.19338</AssemblyVersion>
      </AssemblyInfo>
      <ReturnValue>
        <ReturnType>Vulkan.QueueFlags</ReturnType>
      </ReturnValue>
      <Docs>
        <summary>To be added.</summary>
      </Docs>
    </Member>
    <Member MemberName="SparseBinding">
      <MemberSignature Language="C#" Value="SparseBinding" />
      <MemberSignature Language="ILAsm" Value=".field public static literal valuetype Vulkan.QueueFlags SparseBinding = int32(8)" />
      <MemberType>Field</MemberType>
      <AssemblyInfo>
        <AssemblyVersion>0.0.5950.20892</AssemblyVersion>
        <AssemblyVersion>0.0.6105.39043</AssemblyVersion>
        <AssemblyVersion>0.0.6106.39464</AssemblyVersion>
        <AssemblyVersion>0.0.6134.41045</AssemblyVersion>
        <AssemblyVersion>0.0.6142.19338</AssemblyVersion>
      </AssemblyInfo>
      <ReturnValue>
        <ReturnType>Vulkan.QueueFlags</ReturnType>
      </ReturnValue>
      <Docs>
        <summary>To be added.</summary>
      </Docs>
    </Member>
    <Member MemberName="Transfer">
      <MemberSignature Language="C#" Value="Transfer" />
      <MemberSignature Language="ILAsm" Value=".field public static literal valuetype Vulkan.QueueFlags Transfer = int32(4)" />
      <MemberType>Field</MemberType>
      <AssemblyInfo>
        <AssemblyVersion>0.0.5950.20892</AssemblyVersion>
        <AssemblyVersion>0.0.6105.39043</AssemblyVersion>
        <AssemblyVersion>0.0.6106.39464</AssemblyVersion>
        <AssemblyVersion>0.0.6134.41045</AssemblyVersion>
        <AssemblyVersion>0.0.6142.19338</AssemblyVersion>
      </AssemblyInfo>
      <ReturnValue>
        <ReturnType>Vulkan.QueueFlags</ReturnType>
      </ReturnValue>
      <Docs>
        <summary>To be added.</summary>
      </Docs>
    </Member>
  </Members>
</Type>