﻿<?xml version="1.0" encoding="utf-8"?>
<Type Name="Result" FullName="Vulkan.Result">
  <TypeSignature Language="C#" Value="public enum Result" />
  <TypeSignature Language="ILAsm" Value=".class public auto ansi sealed Result extends System.Enum" />
  <AssemblyInfo>
    <AssemblyName>Vulkan</AssemblyName>
    <AssemblyVersion>0.0.5950.20892</AssemblyVersion>
    <AssemblyVersion>0.0.6105.39043</AssemblyVersion>
    <AssemblyVersion>0.0.6106.39464</AssemblyVersion>
    <AssemblyVersion>0.0.6134.41045</AssemblyVersion>
    <AssemblyVersion>0.0.6142.19338</AssemblyVersion>
  </AssemblyInfo>
  <Base>
    <BaseTypeName>System.Enum</BaseTypeName>
  </Base>
  <Docs>
    <summary>Vulkan command return codes</summary>
    <remarks></remarks>
  </Docs>
  <Members>
    <Member MemberName="ErrorDeviceLost">
      <MemberSignature Language="C#" Value="ErrorDeviceLost" />
      <MemberSignature Language="ILAsm" Value=".field public static literal valuetype Vulkan.Result ErrorDeviceLost = int32(-4)" />
      <MemberType>Field</MemberType>
      <AssemblyInfo>
        <AssemblyVersion>0.0.5950.20892</AssemblyVersion>
        <AssemblyVersion>0.0.6105.39043</AssemblyVersion>
        <AssemblyVersion>0.0.6106.39464</AssemblyVersion>
        <AssemblyVersion>0.0.6134.41045</AssemblyVersion>
        <AssemblyVersion>0.0.6142.19338</AssemblyVersion>
      </AssemblyInfo>
      <ReturnValue>
        <ReturnType>Vulkan.Result</ReturnType>
      </ReturnValue>
      <Docs>
        <summary>The logical or physical device has been lost. See &lt;&lt;devsandqueues-lost-device,Lost Device&gt;&gt;</summary>
      </Docs>
    </Member>
    <Member MemberName="ErrorExtensionNotPresent">
      <MemberSignature Language="C#" Value="ErrorExtensionNotPresent" />
      <MemberSignature Language="ILAsm" Value=".field public static literal valuetype Vulkan.Result ErrorExtensionNotPresent = int32(-7)" />
      <MemberType>Field</MemberType>
      <AssemblyInfo>
        <AssemblyVersion>0.0.5950.20892</AssemblyVersion>
        <AssemblyVersion>0.0.6105.39043</AssemblyVersion>
        <AssemblyVersion>0.0.6106.39464</AssemblyVersion>
        <AssemblyVersion>0.0.6134.41045</AssemblyVersion>
        <AssemblyVersion>0.0.6142.19338</AssemblyVersion>
      </AssemblyInfo>
      <ReturnValue>
        <ReturnType>Vulkan.Result</ReturnType>
      </ReturnValue>
      <Docs>
        <summary>A requested extension is not supported.</summary>
      </Docs>
    </Member>
    <Member MemberName="ErrorFeatureNotPresent">
      <MemberSignature Language="C#" Value="ErrorFeatureNotPresent" />
      <MemberSignature Language="ILAsm" Value=".field public static literal valuetype Vulkan.Result ErrorFeatureNotPresent = int32(-8)" />
      <MemberType>Field</MemberType>
      <AssemblyInfo>
        <AssemblyVersion>0.0.5950.20892</AssemblyVersion>
        <AssemblyVersion>0.0.6105.39043</AssemblyVersion>
        <AssemblyVersion>0.0.6106.39464</AssemblyVersion>
        <AssemblyVersion>0.0.6134.41045</AssemblyVersion>
        <AssemblyVersion>0.0.6142.19338</AssemblyVersion>
      </AssemblyInfo>
      <ReturnValue>
        <ReturnType>Vulkan.Result</ReturnType>
      </ReturnValue>
      <Docs>
        <summary>A requested feature is not supported.</summary>
      </Docs>
    </Member>
    <Member MemberName="ErrorFormatNotSupported">
      <MemberSignature Language="C#" Value="ErrorFormatNotSupported" />
      <MemberSignature Language="ILAsm" Value=".field public static literal valuetype Vulkan.Result ErrorFormatNotSupported = int32(-11)" />
      <MemberType>Field</MemberType>
      <AssemblyInfo>
        <AssemblyVersion>0.0.5950.20892</AssemblyVersion>
        <AssemblyVersion>0.0.6105.39043</AssemblyVersion>
        <AssemblyVersion>0.0.6106.39464</AssemblyVersion>
        <AssemblyVersion>0.0.6134.41045</AssemblyVersion>
        <AssemblyVersion>0.0.6142.19338</AssemblyVersion>
      </AssemblyInfo>
      <ReturnValue>
        <ReturnType>Vulkan.Result</ReturnType>
      </ReturnValue>
      <Docs>
        <summary>A requested format is not supported on this device.</summary>
      </Docs>
    </Member>
    <Member MemberName="ErrorFragmentedPool">
      <MemberSignature Language="C#" Value="ErrorFragmentedPool" />
      <MemberSignature Language="ILAsm" Value=".field public static literal valuetype Vulkan.Result ErrorFragmentedPool = int32(-12)" />
      <MemberType>Field</MemberType>
      <AssemblyInfo>
        <AssemblyVersion>0.0.6106.39464</AssemblyVersion>
        <AssemblyVersion>0.0.6134.41045</AssemblyVersion>
        <AssemblyVersion>0.0.6142.19338</AssemblyVersion>
      </AssemblyInfo>
      <ReturnValue>
        <ReturnType>Vulkan.Result</ReturnType>
      </ReturnValue>
      <Docs>
        <summary>A requested pool allocation has failed due to fragmentation of the pool's memory. ifdef::VK_KHR_surface[]</summary>
      </Docs>
    </Member>
    <Member MemberName="ErrorIncompatibleDisplayKhr">
      <MemberSignature Language="C#" Value="ErrorIncompatibleDisplayKhr" />
      <MemberSignature Language="ILAsm" Value=".field public static literal valuetype Vulkan.Result ErrorIncompatibleDisplayKhr = int32(-1000003001)" />
      <MemberType>Field</MemberType>
      <AssemblyInfo>
        <AssemblyVersion>0.0.5950.20892</AssemblyVersion>
        <AssemblyVersion>0.0.6105.39043</AssemblyVersion>
        <AssemblyVersion>0.0.6106.39464</AssemblyVersion>
        <AssemblyVersion>0.0.6134.41045</AssemblyVersion>
        <AssemblyVersion>0.0.6142.19338</AssemblyVersion>
      </AssemblyInfo>
      <ReturnValue>
        <ReturnType>Vulkan.Result</ReturnType>
      </ReturnValue>
      <Docs>
        <summary>The display used by a swapchain does not use the same presentable image layout, or is incompatible in a way that prevents sharing an image. endif::VK_KHR_display_swapchain[] ifdef::VK_NV_glsl_shader[]</summary>
      </Docs>
    </Member>
    <Member MemberName="ErrorIncompatibleDriver">
      <MemberSignature Language="C#" Value="ErrorIncompatibleDriver" />
      <MemberSignature Language="ILAsm" Value=".field public static literal valuetype Vulkan.Result ErrorIncompatibleDriver = int32(-9)" />
      <MemberType>Field</MemberType>
      <AssemblyInfo>
        <AssemblyVersion>0.0.5950.20892</AssemblyVersion>
        <AssemblyVersion>0.0.6105.39043</AssemblyVersion>
        <AssemblyVersion>0.0.6106.39464</AssemblyVersion>
        <AssemblyVersion>0.0.6134.41045</AssemblyVersion>
        <AssemblyVersion>0.0.6142.19338</AssemblyVersion>
      </AssemblyInfo>
      <ReturnValue>
        <ReturnType>Vulkan.Result</ReturnType>
      </ReturnValue>
      <Docs>
        <summary>The requested version of Vulkan is not supported by the driver or is otherwise incompatible for implementation-specific reasons.</summary>
      </Docs>
    </Member>
    <Member MemberName="ErrorInitializationFailed">
      <MemberSignature Language="C#" Value="ErrorInitializationFailed" />
      <MemberSignature Language="ILAsm" Value=".field public static literal valuetype Vulkan.Result ErrorInitializationFailed = int32(-3)" />
      <MemberType>Field</MemberType>
      <AssemblyInfo>
        <AssemblyVersion>0.0.5950.20892</AssemblyVersion>
        <AssemblyVersion>0.0.6105.39043</AssemblyVersion>
        <AssemblyVersion>0.0.6106.39464</AssemblyVersion>
        <AssemblyVersion>0.0.6134.41045</AssemblyVersion>
        <AssemblyVersion>0.0.6142.19338</AssemblyVersion>
      </AssemblyInfo>
      <ReturnValue>
        <ReturnType>Vulkan.Result</ReturnType>
      </ReturnValue>
      <Docs>
        <summary>Initialization of an object could not be completed for implementation-specific reasons.</summary>
      </Docs>
    </Member>
    <Member MemberName="ErrorInvalidShaderNv">
      <MemberSignature Language="C#" Value="ErrorInvalidShaderNv" />
      <MemberSignature Language="ILAsm" Value=".field public static literal valuetype Vulkan.Result ErrorInvalidShaderNv = int32(-1000012000)" />
      <MemberType>Field</MemberType>
      <AssemblyInfo>
        <AssemblyVersion>0.0.5950.20892</AssemblyVersion>
        <AssemblyVersion>0.0.6105.39043</AssemblyVersion>
        <AssemblyVersion>0.0.6106.39464</AssemblyVersion>
        <AssemblyVersion>0.0.6134.41045</AssemblyVersion>
        <AssemblyVersion>0.0.6142.19338</AssemblyVersion>
      </AssemblyInfo>
      <ReturnValue>
        <ReturnType>Vulkan.Result</ReturnType>
      </ReturnValue>
      <Docs>
        <summary>One or more shaders failed to compile or link. More details are reported back to the application via +VK_EXT_debug_report+ if enabled. endif::VK_NV_glsl_shader[]</summary>
      </Docs>
    </Member>
    <Member MemberName="ErrorLayerNotPresent">
      <MemberSignature Language="C#" Value="ErrorLayerNotPresent" />
      <MemberSignature Language="ILAsm" Value=".field public static literal valuetype Vulkan.Result ErrorLayerNotPresent = int32(-6)" />
      <MemberType>Field</MemberType>
      <AssemblyInfo>
        <AssemblyVersion>0.0.5950.20892</AssemblyVersion>
        <AssemblyVersion>0.0.6105.39043</AssemblyVersion>
        <AssemblyVersion>0.0.6106.39464</AssemblyVersion>
        <AssemblyVersion>0.0.6134.41045</AssemblyVersion>
        <AssemblyVersion>0.0.6142.19338</AssemblyVersion>
      </AssemblyInfo>
      <ReturnValue>
        <ReturnType>Vulkan.Result</ReturnType>
      </ReturnValue>
      <Docs>
        <summary>A requested layer is not present or could not be loaded.</summary>
      </Docs>
    </Member>
    <Member MemberName="ErrorMemoryMapFailed">
      <MemberSignature Language="C#" Value="ErrorMemoryMapFailed" />
      <MemberSignature Language="ILAsm" Value=".field public static literal valuetype Vulkan.Result ErrorMemoryMapFailed = int32(-5)" />
      <MemberType>Field</MemberType>
      <AssemblyInfo>
        <AssemblyVersion>0.0.5950.20892</AssemblyVersion>
        <AssemblyVersion>0.0.6105.39043</AssemblyVersion>
        <AssemblyVersion>0.0.6106.39464</AssemblyVersion>
        <AssemblyVersion>0.0.6134.41045</AssemblyVersion>
        <AssemblyVersion>0.0.6142.19338</AssemblyVersion>
      </AssemblyInfo>
      <ReturnValue>
        <ReturnType>Vulkan.Result</ReturnType>
      </ReturnValue>
      <Docs>
        <summary>Mapping of a memory object has failed.</summary>
      </Docs>
    </Member>
    <Member MemberName="ErrorNativeWindowInUseKhr">
      <MemberSignature Language="C#" Value="ErrorNativeWindowInUseKhr" />
      <MemberSignature Language="ILAsm" Value=".field public static literal valuetype Vulkan.Result ErrorNativeWindowInUseKhr = int32(-1000000001)" />
      <MemberType>Field</MemberType>
      <AssemblyInfo>
        <AssemblyVersion>0.0.5950.20892</AssemblyVersion>
        <AssemblyVersion>0.0.6105.39043</AssemblyVersion>
        <AssemblyVersion>0.0.6106.39464</AssemblyVersion>
        <AssemblyVersion>0.0.6134.41045</AssemblyVersion>
        <AssemblyVersion>0.0.6142.19338</AssemblyVersion>
      </AssemblyInfo>
      <ReturnValue>
        <ReturnType>Vulkan.Result</ReturnType>
      </ReturnValue>
      <Docs>
        <summary>The requested window is already in use by Vulkan or another API in a manner which prevents it from being used again. endif::VK_KHR_surface[] ifdef::VK_KHR_swapchain[]</summary>
      </Docs>
    </Member>
    <Member MemberName="ErrorOutOfDateKhr">
      <MemberSignature Language="C#" Value="ErrorOutOfDateKhr" />
      <MemberSignature Language="ILAsm" Value=".field public static literal valuetype Vulkan.Result ErrorOutOfDateKhr = int32(-1000001004)" />
      <MemberType>Field</MemberType>
      <AssemblyInfo>
        <AssemblyVersion>0.0.5950.20892</AssemblyVersion>
        <AssemblyVersion>0.0.6105.39043</AssemblyVersion>
        <AssemblyVersion>0.0.6106.39464</AssemblyVersion>
        <AssemblyVersion>0.0.6134.41045</AssemblyVersion>
        <AssemblyVersion>0.0.6142.19338</AssemblyVersion>
      </AssemblyInfo>
      <ReturnValue>
        <ReturnType>Vulkan.Result</ReturnType>
      </ReturnValue>
      <Docs>
        <summary>A surface has changed in such a way that it is no longer compatible with the swapchain, and further presentation requests using the swapchain will fail. Applications must: query the new surface properties and recreate their swapchain if they wish to continue presenting to the surface. endif::VK_KHR_swapchain[] ifdef::VK_KHR_display_swapchain[]</summary>
      </Docs>
    </Member>
    <Member MemberName="ErrorOutOfDeviceMemory">
      <MemberSignature Language="C#" Value="ErrorOutOfDeviceMemory" />
      <MemberSignature Language="ILAsm" Value=".field public static literal valuetype Vulkan.Result ErrorOutOfDeviceMemory = int32(-2)" />
      <MemberType>Field</MemberType>
      <AssemblyInfo>
        <AssemblyVersion>0.0.5950.20892</AssemblyVersion>
        <AssemblyVersion>0.0.6105.39043</AssemblyVersion>
        <AssemblyVersion>0.0.6106.39464</AssemblyVersion>
        <AssemblyVersion>0.0.6134.41045</AssemblyVersion>
        <AssemblyVersion>0.0.6142.19338</AssemblyVersion>
      </AssemblyInfo>
      <ReturnValue>
        <ReturnType>Vulkan.Result</ReturnType>
      </ReturnValue>
      <Docs>
        <summary>A device memory allocation has failed.</summary>
      </Docs>
    </Member>
    <Member MemberName="ErrorOutOfHostMemory">
      <MemberSignature Language="C#" Value="ErrorOutOfHostMemory" />
      <MemberSignature Language="ILAsm" Value=".field public static literal valuetype Vulkan.Result ErrorOutOfHostMemory = int32(-1)" />
      <MemberType>Field</MemberType>
      <AssemblyInfo>
        <AssemblyVersion>0.0.5950.20892</AssemblyVersion>
        <AssemblyVersion>0.0.6105.39043</AssemblyVersion>
        <AssemblyVersion>0.0.6106.39464</AssemblyVersion>
        <AssemblyVersion>0.0.6134.41045</AssemblyVersion>
        <AssemblyVersion>0.0.6142.19338</AssemblyVersion>
      </AssemblyInfo>
      <ReturnValue>
        <ReturnType>Vulkan.Result</ReturnType>
      </ReturnValue>
      <Docs>
        <summary>A host memory allocation has failed.</summary>
      </Docs>
    </Member>
    <Member MemberName="ErrorSurfaceLostKhr">
      <MemberSignature Language="C#" Value="ErrorSurfaceLostKhr" />
      <MemberSignature Language="ILAsm" Value=".field public static literal valuetype Vulkan.Result ErrorSurfaceLostKhr = int32(-1000000000)" />
      <MemberType>Field</MemberType>
      <AssemblyInfo>
        <AssemblyVersion>0.0.5950.20892</AssemblyVersion>
        <AssemblyVersion>0.0.6105.39043</AssemblyVersion>
        <AssemblyVersion>0.0.6106.39464</AssemblyVersion>
        <AssemblyVersion>0.0.6134.41045</AssemblyVersion>
        <AssemblyVersion>0.0.6142.19338</AssemblyVersion>
      </AssemblyInfo>
      <ReturnValue>
        <ReturnType>Vulkan.Result</ReturnType>
      </ReturnValue>
      <Docs>
        <summary>A surface is no longer available.</summary>
      </Docs>
    </Member>
    <Member MemberName="ErrorTooManyObjects">
      <MemberSignature Language="C#" Value="ErrorTooManyObjects" />
      <MemberSignature Language="ILAsm" Value=".field public static literal valuetype Vulkan.Result ErrorTooManyObjects = int32(-10)" />
      <MemberType>Field</MemberType>
      <AssemblyInfo>
        <AssemblyVersion>0.0.5950.20892</AssemblyVersion>
        <AssemblyVersion>0.0.6105.39043</AssemblyVersion>
        <AssemblyVersion>0.0.6106.39464</AssemblyVersion>
        <AssemblyVersion>0.0.6134.41045</AssemblyVersion>
        <AssemblyVersion>0.0.6142.19338</AssemblyVersion>
      </AssemblyInfo>
      <ReturnValue>
        <ReturnType>Vulkan.Result</ReturnType>
      </ReturnValue>
      <Docs>
        <summary>Too many objects of the type have already been created.</summary>
      </Docs>
    </Member>
    <Member MemberName="ErrorValidationFailedExt">
      <MemberSignature Language="C#" Value="ErrorValidationFailedExt" />
      <MemberSignature Language="ILAsm" Value=".field public static literal valuetype Vulkan.Result ErrorValidationFailedExt = int32(-1000011001)" />
      <MemberType>Field</MemberType>
      <AssemblyInfo>
        <AssemblyVersion>0.0.5950.20892</AssemblyVersion>
        <AssemblyVersion>0.0.6105.39043</AssemblyVersion>
        <AssemblyVersion>0.0.6106.39464</AssemblyVersion>
        <AssemblyVersion>0.0.6134.41045</AssemblyVersion>
        <AssemblyVersion>0.0.6142.19338</AssemblyVersion>
      </AssemblyInfo>
      <ReturnValue>
        <ReturnType>Vulkan.Result</ReturnType>
      </ReturnValue>
      <Docs>
        <summary>To be added.</summary>
      </Docs>
    </Member>
    <Member MemberName="EventReset">
      <MemberSignature Language="C#" Value="EventReset" />
      <MemberSignature Language="ILAsm" Value=".field public static literal valuetype Vulkan.Result EventReset = int32(4)" />
      <MemberType>Field</MemberType>
      <AssemblyInfo>
        <AssemblyVersion>0.0.5950.20892</AssemblyVersion>
        <AssemblyVersion>0.0.6105.39043</AssemblyVersion>
        <AssemblyVersion>0.0.6106.39464</AssemblyVersion>
        <AssemblyVersion>0.0.6134.41045</AssemblyVersion>
        <AssemblyVersion>0.0.6142.19338</AssemblyVersion>
      </AssemblyInfo>
      <ReturnValue>
        <ReturnType>Vulkan.Result</ReturnType>
      </ReturnValue>
      <Docs>
        <summary>An event is unsignaled</summary>
      </Docs>
    </Member>
    <Member MemberName="EventSet">
      <MemberSignature Language="C#" Value="EventSet" />
      <MemberSignature Language="ILAsm" Value=".field public static literal valuetype Vulkan.Result EventSet = int32(3)" />
      <MemberType>Field</MemberType>
      <AssemblyInfo>
        <AssemblyVersion>0.0.5950.20892</AssemblyVersion>
        <AssemblyVersion>0.0.6105.39043</AssemblyVersion>
        <AssemblyVersion>0.0.6106.39464</AssemblyVersion>
        <AssemblyVersion>0.0.6134.41045</AssemblyVersion>
        <AssemblyVersion>0.0.6142.19338</AssemblyVersion>
      </AssemblyInfo>
      <ReturnValue>
        <ReturnType>Vulkan.Result</ReturnType>
      </ReturnValue>
      <Docs>
        <summary>An event is signaled</summary>
      </Docs>
    </Member>
    <Member MemberName="Incomplete">
      <MemberSignature Language="C#" Value="Incomplete" />
      <MemberSignature Language="ILAsm" Value=".field public static literal valuetype Vulkan.Result Incomplete = int32(5)" />
      <MemberType>Field</MemberType>
      <AssemblyInfo>
        <AssemblyVersion>0.0.5950.20892</AssemblyVersion>
        <AssemblyVersion>0.0.6105.39043</AssemblyVersion>
        <AssemblyVersion>0.0.6106.39464</AssemblyVersion>
        <AssemblyVersion>0.0.6134.41045</AssemblyVersion>
        <AssemblyVersion>0.0.6142.19338</AssemblyVersion>
      </AssemblyInfo>
      <ReturnValue>
        <ReturnType>Vulkan.Result</ReturnType>
      </ReturnValue>
      <Docs>
        <summary>A return array was too small for the result ifdef::VK_KHR_swapchain[]</summary>
      </Docs>
    </Member>
    <Member MemberName="NotReady">
      <MemberSignature Language="C#" Value="NotReady" />
      <MemberSignature Language="ILAsm" Value=".field public static literal valuetype Vulkan.Result NotReady = int32(1)" />
      <MemberType>Field</MemberType>
      <AssemblyInfo>
        <AssemblyVersion>0.0.5950.20892</AssemblyVersion>
        <AssemblyVersion>0.0.6105.39043</AssemblyVersion>
        <AssemblyVersion>0.0.6106.39464</AssemblyVersion>
        <AssemblyVersion>0.0.6134.41045</AssemblyVersion>
        <AssemblyVersion>0.0.6142.19338</AssemblyVersion>
      </AssemblyInfo>
      <ReturnValue>
        <ReturnType>Vulkan.Result</ReturnType>
      </ReturnValue>
      <Docs>
        <summary>A fence or query has not yet completed</summary>
      </Docs>
    </Member>
    <Member MemberName="SuboptimalKhr">
      <MemberSignature Language="C#" Value="SuboptimalKhr" />
      <MemberSignature Language="ILAsm" Value=".field public static literal valuetype Vulkan.Result SuboptimalKhr = int32(1000001003)" />
      <MemberType>Field</MemberType>
      <AssemblyInfo>
        <AssemblyVersion>0.0.5950.20892</AssemblyVersion>
        <AssemblyVersion>0.0.6105.39043</AssemblyVersion>
        <AssemblyVersion>0.0.6106.39464</AssemblyVersion>
        <AssemblyVersion>0.0.6134.41045</AssemblyVersion>
        <AssemblyVersion>0.0.6142.19338</AssemblyVersion>
      </AssemblyInfo>
      <ReturnValue>
        <ReturnType>Vulkan.Result</ReturnType>
      </ReturnValue>
      <Docs>
        <summary>A swapchain no longer matches the surface properties exactly, but can: still be used to present to the surface successfully. endif::VK_KHR_swapchain[]</summary>
      </Docs>
    </Member>
    <Member MemberName="Success">
      <MemberSignature Language="C#" Value="Success" />
      <MemberSignature Language="ILAsm" Value=".field public static literal valuetype Vulkan.Result Success = int32(0)" />
      <MemberType>Field</MemberType>
      <AssemblyInfo>
        <AssemblyVersion>0.0.5950.20892</AssemblyVersion>
        <AssemblyVersion>0.0.6105.39043</AssemblyVersion>
        <AssemblyVersion>0.0.6106.39464</AssemblyVersion>
        <AssemblyVersion>0.0.6134.41045</AssemblyVersion>
        <AssemblyVersion>0.0.6142.19338</AssemblyVersion>
      </AssemblyInfo>
      <ReturnValue>
        <ReturnType>Vulkan.Result</ReturnType>
      </ReturnValue>
      <Docs>
        <summary>Command successfully completed</summary>
      </Docs>
    </Member>
    <Member MemberName="Timeout">
      <MemberSignature Language="C#" Value="Timeout" />
      <MemberSignature Language="ILAsm" Value=".field public static literal valuetype Vulkan.Result Timeout = int32(2)" />
      <MemberType>Field</MemberType>
      <AssemblyInfo>
        <AssemblyVersion>0.0.5950.20892</AssemblyVersion>
        <AssemblyVersion>0.0.6105.39043</AssemblyVersion>
        <AssemblyVersion>0.0.6106.39464</AssemblyVersion>
        <AssemblyVersion>0.0.6134.41045</AssemblyVersion>
        <AssemblyVersion>0.0.6142.19338</AssemblyVersion>
      </AssemblyInfo>
      <ReturnValue>
        <ReturnType>Vulkan.Result</ReturnType>
      </ReturnValue>
      <Docs>
        <summary>A wait operation has not completed in the specified time</summary>
      </Docs>
    </Member>
  </Members>
</Type>