﻿<?xml version="1.0" encoding="utf-8"?>
<Type Name="SamplerAddressMode" FullName="Vulkan.SamplerAddressMode">
  <TypeSignature Language="C#" Value="public enum SamplerAddressMode" />
  <TypeSignature Language="ILAsm" Value=".class public auto ansi sealed SamplerAddressMode extends System.Enum" />
  <AssemblyInfo>
    <AssemblyName>Vulkan</AssemblyName>
    <AssemblyVersion>0.0.5950.20892</AssemblyVersion>
    <AssemblyVersion>0.0.6105.39043</AssemblyVersion>
    <AssemblyVersion>0.0.6106.39464</AssemblyVersion>
    <AssemblyVersion>0.0.6134.41045</AssemblyVersion>
    <AssemblyVersion>0.0.6142.19338</AssemblyVersion>
  </AssemblyInfo>
  <Base>
    <BaseTypeName>System.Enum</BaseTypeName>
  </Base>
  <Docs>
    <summary>Specify behavior of sampling with texture coordinates outside an image</summary>
    <remarks></remarks>
  </Docs>
  <Members>
    <Member MemberName="ClampToBorder">
      <MemberSignature Language="C#" Value="ClampToBorder" />
      <MemberSignature Language="ILAsm" Value=".field public static literal valuetype Vulkan.SamplerAddressMode ClampToBorder = int32(3)" />
      <MemberType>Field</MemberType>
      <AssemblyInfo>
        <AssemblyVersion>0.0.5950.20892</AssemblyVersion>
        <AssemblyVersion>0.0.6105.39043</AssemblyVersion>
        <AssemblyVersion>0.0.6106.39464</AssemblyVersion>
        <AssemblyVersion>0.0.6134.41045</AssemblyVersion>
        <AssemblyVersion>0.0.6142.19338</AssemblyVersion>
      </AssemblyInfo>
      <ReturnValue>
        <ReturnType>Vulkan.SamplerAddressMode</ReturnType>
      </ReturnValue>
      <Docs>
        <summary>indicates that the clamp to border wrap mode will be used.</summary>
      </Docs>
    </Member>
    <Member MemberName="ClampToEdge">
      <MemberSignature Language="C#" Value="ClampToEdge" />
      <MemberSignature Language="ILAsm" Value=".field public static literal valuetype Vulkan.SamplerAddressMode ClampToEdge = int32(2)" />
      <MemberType>Field</MemberType>
      <AssemblyInfo>
        <AssemblyVersion>0.0.5950.20892</AssemblyVersion>
        <AssemblyVersion>0.0.6105.39043</AssemblyVersion>
        <AssemblyVersion>0.0.6106.39464</AssemblyVersion>
        <AssemblyVersion>0.0.6134.41045</AssemblyVersion>
        <AssemblyVersion>0.0.6142.19338</AssemblyVersion>
      </AssemblyInfo>
      <ReturnValue>
        <ReturnType>Vulkan.SamplerAddressMode</ReturnType>
      </ReturnValue>
      <Docs>
        <summary>indicates that the clamp to edge wrap mode will be used.</summary>
      </Docs>
    </Member>
    <Member MemberName="MirrorClampToEdge">
      <MemberSignature Language="C#" Value="MirrorClampToEdge" />
      <MemberSignature Language="ILAsm" Value=".field public static literal valuetype Vulkan.SamplerAddressMode MirrorClampToEdge = int32(4)" />
      <MemberType>Field</MemberType>
      <AssemblyInfo>
        <AssemblyVersion>0.0.5950.20892</AssemblyVersion>
        <AssemblyVersion>0.0.6105.39043</AssemblyVersion>
        <AssemblyVersion>0.0.6106.39464</AssemblyVersion>
        <AssemblyVersion>0.0.6134.41045</AssemblyVersion>
        <AssemblyVersion>0.0.6142.19338</AssemblyVersion>
      </AssemblyInfo>
      <ReturnValue>
        <ReturnType>Vulkan.SamplerAddressMode</ReturnType>
      </ReturnValue>
      <Docs>
        <summary>indicates that the mirror clamp to edge wrap mode will be used. This is only valid if the +VK_KHR_mirror_clamp_to_edge+ extension is enabled.</summary>
      </Docs>
    </Member>
    <Member MemberName="MirroredRepeat">
      <MemberSignature Language="C#" Value="MirroredRepeat" />
      <MemberSignature Language="ILAsm" Value=".field public static literal valuetype Vulkan.SamplerAddressMode MirroredRepeat = int32(1)" />
      <MemberType>Field</MemberType>
      <AssemblyInfo>
        <AssemblyVersion>0.0.5950.20892</AssemblyVersion>
        <AssemblyVersion>0.0.6105.39043</AssemblyVersion>
        <AssemblyVersion>0.0.6106.39464</AssemblyVersion>
        <AssemblyVersion>0.0.6134.41045</AssemblyVersion>
        <AssemblyVersion>0.0.6142.19338</AssemblyVersion>
      </AssemblyInfo>
      <ReturnValue>
        <ReturnType>Vulkan.SamplerAddressMode</ReturnType>
      </ReturnValue>
      <Docs>
        <summary>indicates that the mirrored repeat wrap mode will be used.</summary>
      </Docs>
    </Member>
    <Member MemberName="Repeat">
      <MemberSignature Language="C#" Value="Repeat" />
      <MemberSignature Language="ILAsm" Value=".field public static literal valuetype Vulkan.SamplerAddressMode Repeat = int32(0)" />
      <MemberType>Field</MemberType>
      <AssemblyInfo>
        <AssemblyVersion>0.0.5950.20892</AssemblyVersion>
        <AssemblyVersion>0.0.6105.39043</AssemblyVersion>
        <AssemblyVersion>0.0.6106.39464</AssemblyVersion>
        <AssemblyVersion>0.0.6134.41045</AssemblyVersion>
        <AssemblyVersion>0.0.6142.19338</AssemblyVersion>
      </AssemblyInfo>
      <ReturnValue>
        <ReturnType>Vulkan.SamplerAddressMode</ReturnType>
      </ReturnValue>
      <Docs>
        <summary>indicates that the repeat wrap mode will be used.</summary>
      </Docs>
    </Member>
  </Members>
</Type>