﻿<?xml version="1.0" encoding="utf-8"?>
<Type Name="SamplerMipmapMode" FullName="Vulkan.SamplerMipmapMode">
  <TypeSignature Language="C#" Value="public enum SamplerMipmapMode" />
  <TypeSignature Language="ILAsm" Value=".class public auto ansi sealed SamplerMipmapMode extends System.Enum" />
  <AssemblyInfo>
    <AssemblyName>Vulkan</AssemblyName>
    <AssemblyVersion>0.0.5950.20892</AssemblyVersion>
    <AssemblyVersion>0.0.6105.39043</AssemblyVersion>
    <AssemblyVersion>0.0.6106.39464</AssemblyVersion>
    <AssemblyVersion>0.0.6134.41045</AssemblyVersion>
    <AssemblyVersion>0.0.6142.19338</AssemblyVersion>
  </AssemblyInfo>
  <Base>
    <BaseTypeName>System.Enum</BaseTypeName>
  </Base>
  <Docs>
    <summary>Specify mipmap mode used for texture lookups</summary>
    <remarks></remarks>
  </Docs>
  <Members>
    <Member MemberName="Linear">
      <MemberSignature Language="C#" Value="Linear" />
      <MemberSignature Language="ILAsm" Value=".field public static literal valuetype Vulkan.SamplerMipmapMode Linear = int32(1)" />
      <MemberType>Field</MemberType>
      <AssemblyInfo>
        <AssemblyVersion>0.0.5950.20892</AssemblyVersion>
        <AssemblyVersion>0.0.6105.39043</AssemblyVersion>
        <AssemblyVersion>0.0.6106.39464</AssemblyVersion>
        <AssemblyVersion>0.0.6134.41045</AssemblyVersion>
        <AssemblyVersion>0.0.6142.19338</AssemblyVersion>
      </AssemblyInfo>
      <ReturnValue>
        <ReturnType>Vulkan.SamplerMipmapMode</ReturnType>
      </ReturnValue>
      <Docs>
        <summary>To be added.</summary>
      </Docs>
    </Member>
    <Member MemberName="Nearest">
      <MemberSignature Language="C#" Value="Nearest" />
      <MemberSignature Language="ILAsm" Value=".field public static literal valuetype Vulkan.SamplerMipmapMode Nearest = int32(0)" />
      <MemberType>Field</MemberType>
      <AssemblyInfo>
        <AssemblyVersion>0.0.5950.20892</AssemblyVersion>
        <AssemblyVersion>0.0.6105.39043</AssemblyVersion>
        <AssemblyVersion>0.0.6106.39464</AssemblyVersion>
        <AssemblyVersion>0.0.6134.41045</AssemblyVersion>
        <AssemblyVersion>0.0.6142.19338</AssemblyVersion>
      </AssemblyInfo>
      <ReturnValue>
        <ReturnType>Vulkan.SamplerMipmapMode</ReturnType>
      </ReturnValue>
      <Docs>
        <summary>To be added.</summary>
      </Docs>
    </Member>
  </Members>
</Type>