﻿<?xml version="1.0" encoding="utf-8"?>
<Type Name="ShaderModuleCreateInfo" FullName="Vulkan.ShaderModuleCreateInfo">
  <TypeSignature Language="C#" Value="public class ShaderModuleCreateInfo : Vulkan.MarshalledObject" />
  <TypeSignature Language="ILAsm" Value=".class public auto ansi beforefieldinit ShaderModuleCreateInfo extends Vulkan.MarshalledObject" />
  <AssemblyInfo>
    <AssemblyName>Vulkan</AssemblyName>
    <AssemblyVersion>0.0.5950.20892</AssemblyVersion>
    <AssemblyVersion>0.0.6105.39043</AssemblyVersion>
    <AssemblyVersion>0.0.6106.39464</AssemblyVersion>
    <AssemblyVersion>0.0.6134.41045</AssemblyVersion>
    <AssemblyVersion>0.0.6142.19338</AssemblyVersion>
  </AssemblyInfo>
  <Base>
    <BaseTypeName>Vulkan.MarshalledObject</BaseTypeName>
  </Base>
  <Interfaces />
  <Docs>
    <summary>Structure specifying parameters of a newly created shader module</summary>
    <remarks></remarks>
  </Docs>
  <Members>
    <Member MemberName=".ctor">
      <MemberSignature Language="C#" Value="public ShaderModuleCreateInfo ();" />
      <MemberSignature Language="ILAsm" Value=".method public hidebysig specialname rtspecialname instance void .ctor() cil managed" />
      <MemberType>Constructor</MemberType>
      <AssemblyInfo>
        <AssemblyVersion>0.0.5950.20892</AssemblyVersion>
        <AssemblyVersion>0.0.6105.39043</AssemblyVersion>
        <AssemblyVersion>0.0.6106.39464</AssemblyVersion>
        <AssemblyVersion>0.0.6134.41045</AssemblyVersion>
        <AssemblyVersion>0.0.6142.19338</AssemblyVersion>
      </AssemblyInfo>
      <Parameters />
      <Docs>
        <summary>To be added.</summary>
        <remarks>To be added.</remarks>
      </Docs>
    </Member>
    <Member MemberName="Code">
      <MemberSignature Language="C#" Value="public uint[] Code { get; set; }" />
      <MemberSignature Language="ILAsm" Value=".property instance unsigned int32[] Code" />
      <MemberType>Property</MemberType>
      <AssemblyInfo>
        <AssemblyVersion>0.0.5950.20892</AssemblyVersion>
        <AssemblyVersion>0.0.6105.39043</AssemblyVersion>
        <AssemblyVersion>0.0.6106.39464</AssemblyVersion>
        <AssemblyVersion>0.0.6134.41045</AssemblyVersion>
        <AssemblyVersion>0.0.6142.19338</AssemblyVersion>
      </AssemblyInfo>
      <ReturnValue>
        <ReturnType>System.UInt32[]</ReturnType>
      </ReturnValue>
      <Docs>
        <summary>must: not declare any capability that is not supported by the API, as described by the &lt;&lt;spirvenv-module-validation, Capabilities&gt;&gt; section of the &lt;&lt;spirvenv-capabilities,SPIR-V Environment&gt;&gt; appendix * If pname:pCode declares any of the capabilities that are listed as not required by the implementation, the relevant feature must: be enabled, as listed in the &lt;&lt;spirvenv-capabilities-table,SPIR-V Environment&gt;&gt; appendix ****</summary>
        <value>To be added.</value>
        <remarks></remarks>
      </Docs>
    </Member>
    <Member MemberName="CodeBytes">
      <MemberSignature Language="C#" Value="public byte[] CodeBytes { set; }" />
      <MemberSignature Language="ILAsm" Value=".property instance unsigned int8[] CodeBytes" />
      <MemberType>Property</MemberType>
      <AssemblyInfo>
        <AssemblyVersion>0.0.6105.39043</AssemblyVersion>
        <AssemblyVersion>0.0.6106.39464</AssemblyVersion>
        <AssemblyVersion>0.0.6134.41045</AssemblyVersion>
        <AssemblyVersion>0.0.6142.19338</AssemblyVersion>
      </AssemblyInfo>
      <ReturnValue>
        <ReturnType>System.Byte[]</ReturnType>
      </ReturnValue>
      <Docs>
        <summary>To be added.</summary>
        <value>To be added.</value>
        <remarks>To be added.</remarks>
      </Docs>
    </Member>
    <Member MemberName="CodeSize">
      <MemberSignature Language="C#" Value="public UIntPtr CodeSize { get; set; }" />
      <MemberSignature Language="ILAsm" Value=".property instance native unsigned int CodeSize" />
      <MemberType>Property</MemberType>
      <AssemblyInfo>
        <AssemblyVersion>0.0.5950.20892</AssemblyVersion>
        <AssemblyVersion>0.0.6105.39043</AssemblyVersion>
        <AssemblyVersion>0.0.6106.39464</AssemblyVersion>
        <AssemblyVersion>0.0.6134.41045</AssemblyVersion>
        <AssemblyVersion>0.0.6142.19338</AssemblyVersion>
      </AssemblyInfo>
      <ReturnValue>
        <ReturnType>System.UIntPtr</ReturnType>
      </ReturnValue>
      <Docs>
        <summary>must: be a multiple of 4. If the +VK_NV_glsl_shader extension+ is enabled and pname:pCode references GLSL code pname:codeSize can be a multiple of 1</summary>
        <value>To be added.</value>
        <remarks></remarks>
      </Docs>
    </Member>
    <Member MemberName="Dispose">
      <MemberSignature Language="C#" Value="public override void Dispose (bool disposing);" />
      <MemberSignature Language="ILAsm" Value=".method public hidebysig virtual instance void Dispose(bool disposing) cil managed" />
      <MemberType>Method</MemberType>
      <AssemblyInfo>
        <AssemblyVersion>0.0.6134.41045</AssemblyVersion>
        <AssemblyVersion>0.0.6142.19338</AssemblyVersion>
      </AssemblyInfo>
      <ReturnValue>
        <ReturnType>System.Void</ReturnType>
      </ReturnValue>
      <Parameters>
        <Parameter Name="disposing" Type="System.Boolean" />
      </Parameters>
      <Docs>
        <param name="disposing">To be added.</param>
        <summary>To be added.</summary>
        <remarks>To be added.</remarks>
      </Docs>
    </Member>
    <Member MemberName="Flags">
      <MemberSignature Language="C#" Value="public uint Flags { get; set; }" />
      <MemberSignature Language="ILAsm" Value=".property instance unsigned int32 Flags" />
      <MemberType>Property</MemberType>
      <AssemblyInfo>
        <AssemblyVersion>0.0.5950.20892</AssemblyVersion>
        <AssemblyVersion>0.0.6105.39043</AssemblyVersion>
        <AssemblyVersion>0.0.6106.39464</AssemblyVersion>
        <AssemblyVersion>0.0.6134.41045</AssemblyVersion>
        <AssemblyVersion>0.0.6142.19338</AssemblyVersion>
      </AssemblyInfo>
      <ReturnValue>
        <ReturnType>System.UInt32</ReturnType>
      </ReturnValue>
      <Docs>
        <summary>is reserved for future use.</summary>
        <value>To be added.</value>
        <remarks></remarks>
      </Docs>
    </Member>
    <Member MemberName="VirtualDispose">
      <MemberSignature Language="C#" Value="public override void VirtualDispose ();" />
      <MemberSignature Language="ILAsm" Value=".method public hidebysig virtual instance void VirtualDispose() cil managed" />
      <MemberType>Method</MemberType>
      <AssemblyInfo>
        <AssemblyVersion>0.0.6105.39043</AssemblyVersion>
        <AssemblyVersion>0.0.6106.39464</AssemblyVersion>
      </AssemblyInfo>
      <ReturnValue>
        <ReturnType>System.Void</ReturnType>
      </ReturnValue>
      <Parameters />
      <Docs>
        <summary>To be added.</summary>
        <remarks>To be added.</remarks>
      </Docs>
    </Member>
  </Members>
</Type>