﻿<?xml version="1.0" encoding="utf-8"?>
<Type Name="SharingMode" FullName="Vulkan.SharingMode">
  <TypeSignature Language="C#" Value="public enum SharingMode" />
  <TypeSignature Language="ILAsm" Value=".class public auto ansi sealed SharingMode extends System.Enum" />
  <AssemblyInfo>
    <AssemblyName>Vulkan</AssemblyName>
    <AssemblyVersion>0.0.5950.20892</AssemblyVersion>
    <AssemblyVersion>0.0.6105.39043</AssemblyVersion>
    <AssemblyVersion>0.0.6106.39464</AssemblyVersion>
    <AssemblyVersion>0.0.6134.41045</AssemblyVersion>
    <AssemblyVersion>0.0.6142.19338</AssemblyVersion>
  </AssemblyInfo>
  <Base>
    <BaseTypeName>System.Enum</BaseTypeName>
  </Base>
  <Docs>
    <summary>Buffer and image sharing modes</summary>
    <remarks></remarks>
  </Docs>
  <Members>
    <Member MemberName="Concurrent">
      <MemberSignature Language="C#" Value="Concurrent" />
      <MemberSignature Language="ILAsm" Value=".field public static literal valuetype Vulkan.SharingMode Concurrent = int32(1)" />
      <MemberType>Field</MemberType>
      <AssemblyInfo>
        <AssemblyVersion>0.0.5950.20892</AssemblyVersion>
        <AssemblyVersion>0.0.6105.39043</AssemblyVersion>
        <AssemblyVersion>0.0.6106.39464</AssemblyVersion>
        <AssemblyVersion>0.0.6134.41045</AssemblyVersion>
        <AssemblyVersion>0.0.6142.19338</AssemblyVersion>
      </AssemblyInfo>
      <ReturnValue>
        <ReturnType>Vulkan.SharingMode</ReturnType>
      </ReturnValue>
      <Docs>
        <summary>specifies that concurrent access to any range or image subresource of the object from multiple queue families is supported.</summary>
      </Docs>
    </Member>
    <Member MemberName="Exclusive">
      <MemberSignature Language="C#" Value="Exclusive" />
      <MemberSignature Language="ILAsm" Value=".field public static literal valuetype Vulkan.SharingMode Exclusive = int32(0)" />
      <MemberType>Field</MemberType>
      <AssemblyInfo>
        <AssemblyVersion>0.0.5950.20892</AssemblyVersion>
        <AssemblyVersion>0.0.6105.39043</AssemblyVersion>
        <AssemblyVersion>0.0.6106.39464</AssemblyVersion>
        <AssemblyVersion>0.0.6134.41045</AssemblyVersion>
        <AssemblyVersion>0.0.6142.19338</AssemblyVersion>
      </AssemblyInfo>
      <ReturnValue>
        <ReturnType>Vulkan.SharingMode</ReturnType>
      </ReturnValue>
      <Docs>
        <summary>specifies that access to any range or image subresource of the object will be exclusive to a single queue family at a time.</summary>
      </Docs>
    </Member>
  </Members>
</Type>