﻿<?xml version="1.0" encoding="utf-8"?>
<Type Name="SparseMemoryBindFlags" FullName="Vulkan.SparseMemoryBindFlags">
  <TypeSignature Language="C#" Value="public enum SparseMemoryBindFlags" />
  <TypeSignature Language="ILAsm" Value=".class public auto ansi sealed SparseMemoryBindFlags extends System.Enum" />
  <AssemblyInfo>
    <AssemblyName>Vulkan</AssemblyName>
    <AssemblyVersion>0.0.5950.20892</AssemblyVersion>
    <AssemblyVersion>0.0.6105.39043</AssemblyVersion>
    <AssemblyVersion>0.0.6106.39464</AssemblyVersion>
    <AssemblyVersion>0.0.6134.41045</AssemblyVersion>
    <AssemblyVersion>0.0.6142.19338</AssemblyVersion>
  </AssemblyInfo>
  <Base>
    <BaseTypeName>System.Enum</BaseTypeName>
  </Base>
  <Attributes>
    <Attribute>
      <AttributeName>System.Flags</AttributeName>
    </Attribute>
  </Attributes>
  <Docs>
    <summary>Bitmask specifying usage of a sparse memory binding operation</summary>
    <remarks></remarks>
  </Docs>
  <Members>
    <Member MemberName="Metadata">
      <MemberSignature Language="C#" Value="Metadata" />
      <MemberSignature Language="ILAsm" Value=".field public static literal valuetype Vulkan.SparseMemoryBindFlags Metadata = int32(1)" />
      <MemberType>Field</MemberType>
      <AssemblyInfo>
        <AssemblyVersion>0.0.5950.20892</AssemblyVersion>
        <AssemblyVersion>0.0.6105.39043</AssemblyVersion>
        <AssemblyVersion>0.0.6106.39464</AssemblyVersion>
        <AssemblyVersion>0.0.6134.41045</AssemblyVersion>
        <AssemblyVersion>0.0.6142.19338</AssemblyVersion>
      </AssemblyInfo>
      <ReturnValue>
        <ReturnType>Vulkan.SparseMemoryBindFlags</ReturnType>
      </ReturnValue>
      <Docs>
        <summary>indicates that the memory being bound is only for the metadata aspect.</summary>
      </Docs>
    </Member>
  </Members>
</Type>