﻿<?xml version="1.0" encoding="utf-8"?>
<Type Name="SparseImageMemoryRequirements" FullName="Vulkan.SparseImageMemoryRequirements">
  <TypeSignature Language="C#" Value="public struct SparseImageMemoryRequirements" />
  <TypeSignature Language="ILAsm" Value=".class public sequential ansi sealed beforefieldinit SparseImageMemoryRequirements extends System.ValueType" />
  <AssemblyInfo>
    <AssemblyName>Vulkan</AssemblyName>
    <AssemblyVersion>0.0.5950.20892</AssemblyVersion>
    <AssemblyVersion>0.0.6105.39043</AssemblyVersion>
    <AssemblyVersion>0.0.6106.39464</AssemblyVersion>
    <AssemblyVersion>0.0.6134.41045</AssemblyVersion>
    <AssemblyVersion>0.0.6142.19338</AssemblyVersion>
  </AssemblyInfo>
  <Base>
    <BaseTypeName>System.ValueType</BaseTypeName>
  </Base>
  <Interfaces />
  <Docs>
    <summary>Structure specifying sparse image memory requirements</summary>
    <remarks></remarks>
  </Docs>
  <Members>
    <Member MemberName=".ctor">
      <MemberSignature Language="C#" Value="public SparseImageMemoryRequirements ();" />
      <MemberSignature Language="ILAsm" Value=".method public hidebysig specialname rtspecialname instance void .ctor() cil managed" />
      <MemberType>Constructor</MemberType>
      <AssemblyInfo>
        <AssemblyVersion>0.0.5950.20892</AssemblyVersion>
      </AssemblyInfo>
      <Parameters />
      <Docs>
        <summary>To be added.</summary>
        <remarks>To be added.</remarks>
      </Docs>
    </Member>
    <Member MemberName="FormatProperties">
      <MemberSignature Language="C#" Value="public Vulkan.SparseImageFormatProperties FormatProperties;" />
      <MemberSignature Language="ILAsm" Value=".field public valuetype Vulkan.SparseImageFormatProperties FormatProperties" />
      <MemberType>Field</MemberType>
      <AssemblyInfo>
        <AssemblyVersion>0.0.6105.39043</AssemblyVersion>
        <AssemblyVersion>0.0.6106.39464</AssemblyVersion>
        <AssemblyVersion>0.0.6134.41045</AssemblyVersion>
        <AssemblyVersion>0.0.6142.19338</AssemblyVersion>
      </AssemblyInfo>
      <ReturnValue>
        <ReturnType>Vulkan.SparseImageFormatProperties</ReturnType>
      </ReturnValue>
      <Docs>
        <summary>To be added.</summary>
        <remarks>To be added.</remarks>
      </Docs>
    </Member>
    <Member MemberName="FormatProperties">
      <MemberSignature Language="C#" Value="public Vulkan.SparseImageFormatProperties FormatProperties { get; set; }" />
      <MemberSignature Language="ILAsm" Value=".property instance class Vulkan.SparseImageFormatProperties FormatProperties" />
      <MemberType>Property</MemberType>
      <AssemblyInfo>
        <AssemblyVersion>0.0.5950.20892</AssemblyVersion>
      </AssemblyInfo>
      <ReturnValue>
        <ReturnType>Vulkan.SparseImageFormatProperties</ReturnType>
      </ReturnValue>
      <Docs>
        <summary>To be added.</summary>
        <value>To be added.</value>
        <remarks>To be added.</remarks>
      </Docs>
    </Member>
    <Member MemberName="ImageMipTailFirstLod">
      <MemberSignature Language="C#" Value="public uint ImageMipTailFirstLod;" />
      <MemberSignature Language="ILAsm" Value=".field public unsigned int32 ImageMipTailFirstLod" />
      <MemberType>Field</MemberType>
      <AssemblyInfo>
        <AssemblyVersion>0.0.6105.39043</AssemblyVersion>
        <AssemblyVersion>0.0.6106.39464</AssemblyVersion>
        <AssemblyVersion>0.0.6134.41045</AssemblyVersion>
        <AssemblyVersion>0.0.6142.19338</AssemblyVersion>
      </AssemblyInfo>
      <ReturnValue>
        <ReturnType>System.UInt32</ReturnType>
      </ReturnValue>
      <Docs>
        <summary>is the first mip level at which image subresources are included in the mip tail region.</summary>
        <remarks></remarks>
      </Docs>
    </Member>
    <Member MemberName="ImageMipTailFirstLod">
      <MemberSignature Language="C#" Value="public uint ImageMipTailFirstLod { get; set; }" />
      <MemberSignature Language="ILAsm" Value=".property instance unsigned int32 ImageMipTailFirstLod" />
      <MemberType>Property</MemberType>
      <AssemblyInfo>
        <AssemblyVersion>0.0.5950.20892</AssemblyVersion>
      </AssemblyInfo>
      <ReturnValue>
        <ReturnType>System.UInt32</ReturnType>
      </ReturnValue>
      <Docs>
        <summary>is the first mip level at which image subresources are included in the mip tail region.</summary>
        <value>To be added.</value>
        <remarks></remarks>
      </Docs>
    </Member>
    <Member MemberName="ImageMipTailOffset">
      <MemberSignature Language="C#" Value="public Vulkan.DeviceSize ImageMipTailOffset;" />
      <MemberSignature Language="ILAsm" Value=".field public valuetype Vulkan.DeviceSize ImageMipTailOffset" />
      <MemberType>Field</MemberType>
      <AssemblyInfo>
        <AssemblyVersion>0.0.6105.39043</AssemblyVersion>
        <AssemblyVersion>0.0.6106.39464</AssemblyVersion>
        <AssemblyVersion>0.0.6134.41045</AssemblyVersion>
        <AssemblyVersion>0.0.6142.19338</AssemblyVersion>
      </AssemblyInfo>
      <ReturnValue>
        <ReturnType>Vulkan.DeviceSize</ReturnType>
      </ReturnValue>
      <Docs>
        <summary>is the opaque memory offset used with slink:VkSparseImageOpaqueMemoryBindInfo to bind the mip tail region(s).</summary>
        <remarks></remarks>
      </Docs>
    </Member>
    <Member MemberName="ImageMipTailOffset">
      <MemberSignature Language="C#" Value="public Vulkan.DeviceSize ImageMipTailOffset { get; set; }" />
      <MemberSignature Language="ILAsm" Value=".property instance valuetype Vulkan.DeviceSize ImageMipTailOffset" />
      <MemberType>Property</MemberType>
      <AssemblyInfo>
        <AssemblyVersion>0.0.5950.20892</AssemblyVersion>
      </AssemblyInfo>
      <ReturnValue>
        <ReturnType>Vulkan.DeviceSize</ReturnType>
      </ReturnValue>
      <Docs>
        <summary>is the opaque memory offset used with slink:VkSparseImageOpaqueMemoryBindInfo to bind the mip tail region(s).</summary>
        <value>To be added.</value>
        <remarks></remarks>
      </Docs>
    </Member>
    <Member MemberName="ImageMipTailSize">
      <MemberSignature Language="C#" Value="public Vulkan.DeviceSize ImageMipTailSize;" />
      <MemberSignature Language="ILAsm" Value=".field public valuetype Vulkan.DeviceSize ImageMipTailSize" />
      <MemberType>Field</MemberType>
      <AssemblyInfo>
        <AssemblyVersion>0.0.6105.39043</AssemblyVersion>
        <AssemblyVersion>0.0.6106.39464</AssemblyVersion>
        <AssemblyVersion>0.0.6134.41045</AssemblyVersion>
        <AssemblyVersion>0.0.6142.19338</AssemblyVersion>
      </AssemblyInfo>
      <ReturnValue>
        <ReturnType>Vulkan.DeviceSize</ReturnType>
      </ReturnValue>
      <Docs>
        <summary>is the memory size (in bytes) of the mip tail region. If pname:formatProperties.flags contains ename:VK_SPARSE_IMAGE_FORMAT_SINGLE_MIPTAIL_BIT, this is the size of the whole mip tail, otherwise this is the size of the mip tail of a single array layer. This value is guaranteed to be a multiple of the sparse block size in bytes.</summary>
        <remarks></remarks>
      </Docs>
    </Member>
    <Member MemberName="ImageMipTailSize">
      <MemberSignature Language="C#" Value="public Vulkan.DeviceSize ImageMipTailSize { get; set; }" />
      <MemberSignature Language="ILAsm" Value=".property instance valuetype Vulkan.DeviceSize ImageMipTailSize" />
      <MemberType>Property</MemberType>
      <AssemblyInfo>
        <AssemblyVersion>0.0.5950.20892</AssemblyVersion>
      </AssemblyInfo>
      <ReturnValue>
        <ReturnType>Vulkan.DeviceSize</ReturnType>
      </ReturnValue>
      <Docs>
        <summary>is the memory size (in bytes) of the mip tail region. If pname:formatProperties.flags contains ename:VK_SPARSE_IMAGE_FORMAT_SINGLE_MIPTAIL_BIT, this is the size of the whole mip tail, otherwise this is the size of the mip tail of a single array layer. This value is guaranteed to be a multiple of the sparse block size in bytes.</summary>
        <value>To be added.</value>
        <remarks></remarks>
      </Docs>
    </Member>
    <Member MemberName="ImageMipTailStride">
      <MemberSignature Language="C#" Value="public Vulkan.DeviceSize ImageMipTailStride;" />
      <MemberSignature Language="ILAsm" Value=".field public valuetype Vulkan.DeviceSize ImageMipTailStride" />
      <MemberType>Field</MemberType>
      <AssemblyInfo>
        <AssemblyVersion>0.0.6105.39043</AssemblyVersion>
        <AssemblyVersion>0.0.6106.39464</AssemblyVersion>
        <AssemblyVersion>0.0.6134.41045</AssemblyVersion>
        <AssemblyVersion>0.0.6142.19338</AssemblyVersion>
      </AssemblyInfo>
      <ReturnValue>
        <ReturnType>Vulkan.DeviceSize</ReturnType>
      </ReturnValue>
      <Docs>
        <summary>is the offset stride between each array-layer's mip tail, if pname:formatProperties.flags does not contain ename:VK_SPARSE_IMAGE_FORMAT_SINGLE_MIPTAIL_BIT (otherwise the value is undefined).</summary>
        <remarks></remarks>
      </Docs>
    </Member>
    <Member MemberName="ImageMipTailStride">
      <MemberSignature Language="C#" Value="public Vulkan.DeviceSize ImageMipTailStride { get; set; }" />
      <MemberSignature Language="ILAsm" Value=".property instance valuetype Vulkan.DeviceSize ImageMipTailStride" />
      <MemberType>Property</MemberType>
      <AssemblyInfo>
        <AssemblyVersion>0.0.5950.20892</AssemblyVersion>
      </AssemblyInfo>
      <ReturnValue>
        <ReturnType>Vulkan.DeviceSize</ReturnType>
      </ReturnValue>
      <Docs>
        <summary>is the offset stride between each array-layer's mip tail, if pname:formatProperties.flags does not contain ename:VK_SPARSE_IMAGE_FORMAT_SINGLE_MIPTAIL_BIT (otherwise the value is undefined).</summary>
        <value>To be added.</value>
        <remarks></remarks>
      </Docs>
    </Member>
  </Members>
</Type>