﻿<?xml version="1.0" encoding="utf-8"?>
<Type Name="SparseImageFormatFlags" FullName="Vulkan.SparseImageFormatFlags">
  <TypeSignature Language="C#" Value="public enum SparseImageFormatFlags" />
  <TypeSignature Language="ILAsm" Value=".class public auto ansi sealed SparseImageFormatFlags extends System.Enum" />
  <AssemblyInfo>
    <AssemblyName>Vulkan</AssemblyName>
    <AssemblyVersion>0.0.5950.20892</AssemblyVersion>
    <AssemblyVersion>0.0.6105.39043</AssemblyVersion>
    <AssemblyVersion>0.0.6106.39464</AssemblyVersion>
    <AssemblyVersion>0.0.6134.41045</AssemblyVersion>
    <AssemblyVersion>0.0.6142.19338</AssemblyVersion>
  </AssemblyInfo>
  <Base>
    <BaseTypeName>System.Enum</BaseTypeName>
  </Base>
  <Attributes>
    <Attribute>
      <AttributeName>System.Flags</AttributeName>
    </Attribute>
  </Attributes>
  <Docs>
    <summary>Bitmask specifying additional information about a sparse image resource</summary>
    <remarks></remarks>
  </Docs>
  <Members>
    <Member MemberName="AlignedMipSize">
      <MemberSignature Language="C#" Value="AlignedMipSize" />
      <MemberSignature Language="ILAsm" Value=".field public static literal valuetype Vulkan.SparseImageFormatFlags AlignedMipSize = int32(2)" />
      <MemberType>Field</MemberType>
      <AssemblyInfo>
        <AssemblyVersion>0.0.5950.20892</AssemblyVersion>
        <AssemblyVersion>0.0.6105.39043</AssemblyVersion>
        <AssemblyVersion>0.0.6106.39464</AssemblyVersion>
        <AssemblyVersion>0.0.6134.41045</AssemblyVersion>
        <AssemblyVersion>0.0.6142.19338</AssemblyVersion>
      </AssemblyInfo>
      <ReturnValue>
        <ReturnType>Vulkan.SparseImageFormatFlags</ReturnType>
      </ReturnValue>
      <Docs>
        <summary>is set, the first mip level whose dimensions are not integer multiples of the corresponding dimensions of the sparse image block begins the mip tail region.</summary>
      </Docs>
    </Member>
    <Member MemberName="NonstandardBlockSize">
      <MemberSignature Language="C#" Value="NonstandardBlockSize" />
      <MemberSignature Language="ILAsm" Value=".field public static literal valuetype Vulkan.SparseImageFormatFlags NonstandardBlockSize = int32(4)" />
      <MemberType>Field</MemberType>
      <AssemblyInfo>
        <AssemblyVersion>0.0.5950.20892</AssemblyVersion>
        <AssemblyVersion>0.0.6105.39043</AssemblyVersion>
        <AssemblyVersion>0.0.6106.39464</AssemblyVersion>
        <AssemblyVersion>0.0.6134.41045</AssemblyVersion>
        <AssemblyVersion>0.0.6142.19338</AssemblyVersion>
      </AssemblyInfo>
      <ReturnValue>
        <ReturnType>Vulkan.SparseImageFormatFlags</ReturnType>
      </ReturnValue>
      <Docs>
        <summary>is set, the image uses non-standard sparse image block dimensions, and the pname:imageGranularity values do not match the standard sparse image block dimensions for the given pixel format.</summary>
      </Docs>
    </Member>
    <Member MemberName="SingleMiptail">
      <MemberSignature Language="C#" Value="SingleMiptail" />
      <MemberSignature Language="ILAsm" Value=".field public static literal valuetype Vulkan.SparseImageFormatFlags SingleMiptail = int32(1)" />
      <MemberType>Field</MemberType>
      <AssemblyInfo>
        <AssemblyVersion>0.0.5950.20892</AssemblyVersion>
        <AssemblyVersion>0.0.6105.39043</AssemblyVersion>
        <AssemblyVersion>0.0.6106.39464</AssemblyVersion>
        <AssemblyVersion>0.0.6134.41045</AssemblyVersion>
        <AssemblyVersion>0.0.6142.19338</AssemblyVersion>
      </AssemblyInfo>
      <ReturnValue>
        <ReturnType>Vulkan.SparseImageFormatFlags</ReturnType>
      </ReturnValue>
      <Docs>
        <summary>is set, the image uses a single mip tail region for all array layers.</summary>
      </Docs>
    </Member>
  </Members>
</Type>