﻿<?xml version="1.0" encoding="utf-8"?>
<Type Name="SparseImageFormatProperties" FullName="Vulkan.SparseImageFormatProperties">
  <TypeSignature Language="C#" Value="public struct SparseImageFormatProperties" />
  <TypeSignature Language="ILAsm" Value=".class public sequential ansi sealed beforefieldinit SparseImageFormatProperties extends System.ValueType" />
  <AssemblyInfo>
    <AssemblyName>Vulkan</AssemblyName>
    <AssemblyVersion>0.0.5950.20892</AssemblyVersion>
    <AssemblyVersion>0.0.6105.39043</AssemblyVersion>
    <AssemblyVersion>0.0.6106.39464</AssemblyVersion>
    <AssemblyVersion>0.0.6134.41045</AssemblyVersion>
    <AssemblyVersion>0.0.6142.19338</AssemblyVersion>
  </AssemblyInfo>
  <Base>
    <BaseTypeName>System.ValueType</BaseTypeName>
  </Base>
  <Interfaces />
  <Docs>
    <summary>Structure specifying sparse image format properties</summary>
    <remarks></remarks>
  </Docs>
  <Members>
    <Member MemberName=".ctor">
      <MemberSignature Language="C#" Value="public SparseImageFormatProperties ();" />
      <MemberSignature Language="ILAsm" Value=".method public hidebysig specialname rtspecialname instance void .ctor() cil managed" />
      <MemberType>Constructor</MemberType>
      <AssemblyInfo>
        <AssemblyVersion>0.0.5950.20892</AssemblyVersion>
      </AssemblyInfo>
      <Parameters />
      <Docs>
        <summary>To be added.</summary>
        <remarks>To be added.</remarks>
      </Docs>
    </Member>
    <Member MemberName="AspectMask">
      <MemberSignature Language="C#" Value="public Vulkan.ImageAspectFlags AspectMask;" />
      <MemberSignature Language="ILAsm" Value=".field public valuetype Vulkan.ImageAspectFlags AspectMask" />
      <MemberType>Field</MemberType>
      <AssemblyInfo>
        <AssemblyVersion>0.0.6105.39043</AssemblyVersion>
        <AssemblyVersion>0.0.6106.39464</AssemblyVersion>
        <AssemblyVersion>0.0.6134.41045</AssemblyVersion>
        <AssemblyVersion>0.0.6142.19338</AssemblyVersion>
      </AssemblyInfo>
      <ReturnValue>
        <ReturnType>Vulkan.ImageAspectFlags</ReturnType>
      </ReturnValue>
      <Docs>
        <summary>is a bitmask of elink:VkImageAspectFlagBits specifying which aspects of the image the properties apply to.</summary>
        <remarks></remarks>
      </Docs>
    </Member>
    <Member MemberName="AspectMask">
      <MemberSignature Language="C#" Value="public uint AspectMask { get; set; }" />
      <MemberSignature Language="ILAsm" Value=".property instance unsigned int32 AspectMask" />
      <MemberType>Property</MemberType>
      <AssemblyInfo>
        <AssemblyVersion>0.0.5950.20892</AssemblyVersion>
      </AssemblyInfo>
      <ReturnValue>
        <ReturnType>System.UInt32</ReturnType>
      </ReturnValue>
      <Docs>
        <summary>is a bitmask of elink:VkImageAspectFlagBits specifying which aspects of the image the properties apply to.</summary>
        <value>To be added.</value>
        <remarks></remarks>
      </Docs>
    </Member>
    <Member MemberName="Flags">
      <MemberSignature Language="C#" Value="public Vulkan.SparseImageFormatFlags Flags;" />
      <MemberSignature Language="ILAsm" Value=".field public valuetype Vulkan.SparseImageFormatFlags Flags" />
      <MemberType>Field</MemberType>
      <AssemblyInfo>
        <AssemblyVersion>0.0.6105.39043</AssemblyVersion>
        <AssemblyVersion>0.0.6106.39464</AssemblyVersion>
        <AssemblyVersion>0.0.6134.41045</AssemblyVersion>
        <AssemblyVersion>0.0.6142.19338</AssemblyVersion>
      </AssemblyInfo>
      <ReturnValue>
        <ReturnType>Vulkan.SparseImageFormatFlags</ReturnType>
      </ReturnValue>
      <Docs>
        <summary>To be added.</summary>
        <remarks>To be added.</remarks>
      </Docs>
    </Member>
    <Member MemberName="Flags">
      <MemberSignature Language="C#" Value="public uint Flags { get; set; }" />
      <MemberSignature Language="ILAsm" Value=".property instance unsigned int32 Flags" />
      <MemberType>Property</MemberType>
      <AssemblyInfo>
        <AssemblyVersion>0.0.5950.20892</AssemblyVersion>
      </AssemblyInfo>
      <ReturnValue>
        <ReturnType>System.UInt32</ReturnType>
      </ReturnValue>
      <Docs>
        <summary>To be added.</summary>
        <value>To be added.</value>
        <remarks>To be added.</remarks>
      </Docs>
    </Member>
    <Member MemberName="ImageGranularity">
      <MemberSignature Language="C#" Value="public Vulkan.Extent3D ImageGranularity;" />
      <MemberSignature Language="ILAsm" Value=".field public valuetype Vulkan.Extent3D ImageGranularity" />
      <MemberType>Field</MemberType>
      <AssemblyInfo>
        <AssemblyVersion>0.0.6105.39043</AssemblyVersion>
        <AssemblyVersion>0.0.6106.39464</AssemblyVersion>
        <AssemblyVersion>0.0.6134.41045</AssemblyVersion>
        <AssemblyVersion>0.0.6142.19338</AssemblyVersion>
      </AssemblyInfo>
      <ReturnValue>
        <ReturnType>Vulkan.Extent3D</ReturnType>
      </ReturnValue>
      <Docs>
        <summary>is the width, height, and depth of the sparse image block in texels or compressed texel blocks.</summary>
        <remarks></remarks>
      </Docs>
    </Member>
    <Member MemberName="ImageGranularity">
      <MemberSignature Language="C#" Value="public Vulkan.Extent3D ImageGranularity { get; set; }" />
      <MemberSignature Language="ILAsm" Value=".property instance class Vulkan.Extent3D ImageGranularity" />
      <MemberType>Property</MemberType>
      <AssemblyInfo>
        <AssemblyVersion>0.0.5950.20892</AssemblyVersion>
      </AssemblyInfo>
      <ReturnValue>
        <ReturnType>Vulkan.Extent3D</ReturnType>
      </ReturnValue>
      <Docs>
        <summary>is the width, height, and depth of the sparse image block in texels or compressed texel blocks.</summary>
        <value>To be added.</value>
        <remarks></remarks>
      </Docs>
    </Member>
  </Members>
</Type>