﻿<?xml version="1.0" encoding="utf-8"?>
<Type Name="StencilOpState" FullName="Vulkan.StencilOpState">
  <TypeSignature Language="C#" Value="public struct StencilOpState" />
  <TypeSignature Language="ILAsm" Value=".class public sequential ansi sealed beforefieldinit StencilOpState extends System.ValueType" />
  <AssemblyInfo>
    <AssemblyName>Vulkan</AssemblyName>
    <AssemblyVersion>0.0.5950.20892</AssemblyVersion>
    <AssemblyVersion>0.0.6105.39043</AssemblyVersion>
    <AssemblyVersion>0.0.6106.39464</AssemblyVersion>
    <AssemblyVersion>0.0.6134.41045</AssemblyVersion>
    <AssemblyVersion>0.0.6142.19338</AssemblyVersion>
  </AssemblyInfo>
  <Base>
    <BaseTypeName>System.ValueType</BaseTypeName>
  </Base>
  <Interfaces />
  <Docs>
    <summary>Structure specifying stencil operation state</summary>
    <remarks></remarks>
  </Docs>
  <Members>
    <Member MemberName=".ctor">
      <MemberSignature Language="C#" Value="public StencilOpState ();" />
      <MemberSignature Language="ILAsm" Value=".method public hidebysig specialname rtspecialname instance void .ctor() cil managed" />
      <MemberType>Constructor</MemberType>
      <AssemblyInfo>
        <AssemblyVersion>0.0.5950.20892</AssemblyVersion>
      </AssemblyInfo>
      <Parameters />
      <Docs>
        <summary>To be added.</summary>
        <remarks>To be added.</remarks>
      </Docs>
    </Member>
    <Member MemberName="CompareMask">
      <MemberSignature Language="C#" Value="public uint CompareMask;" />
      <MemberSignature Language="ILAsm" Value=".field public unsigned int32 CompareMask" />
      <MemberType>Field</MemberType>
      <AssemblyInfo>
        <AssemblyVersion>0.0.6105.39043</AssemblyVersion>
        <AssemblyVersion>0.0.6106.39464</AssemblyVersion>
        <AssemblyVersion>0.0.6134.41045</AssemblyVersion>
        <AssemblyVersion>0.0.6142.19338</AssemblyVersion>
      </AssemblyInfo>
      <ReturnValue>
        <ReturnType>System.UInt32</ReturnType>
      </ReturnValue>
      <Docs>
        <summary>selects the bits of the unsigned integer stencil values participating in the stencil test.</summary>
        <remarks></remarks>
      </Docs>
    </Member>
    <Member MemberName="CompareMask">
      <MemberSignature Language="C#" Value="public uint CompareMask { get; set; }" />
      <MemberSignature Language="ILAsm" Value=".property instance unsigned int32 CompareMask" />
      <MemberType>Property</MemberType>
      <AssemblyInfo>
        <AssemblyVersion>0.0.5950.20892</AssemblyVersion>
      </AssemblyInfo>
      <ReturnValue>
        <ReturnType>System.UInt32</ReturnType>
      </ReturnValue>
      <Docs>
        <summary>selects the bits of the unsigned integer stencil values participating in the stencil test.</summary>
        <value>To be added.</value>
        <remarks></remarks>
      </Docs>
    </Member>
    <Member MemberName="CompareOp">
      <MemberSignature Language="C#" Value="public Vulkan.CompareOp CompareOp;" />
      <MemberSignature Language="ILAsm" Value=".field public valuetype Vulkan.CompareOp CompareOp" />
      <MemberType>Field</MemberType>
      <AssemblyInfo>
        <AssemblyVersion>0.0.6105.39043</AssemblyVersion>
        <AssemblyVersion>0.0.6106.39464</AssemblyVersion>
        <AssemblyVersion>0.0.6134.41045</AssemblyVersion>
        <AssemblyVersion>0.0.6142.19338</AssemblyVersion>
      </AssemblyInfo>
      <ReturnValue>
        <ReturnType>Vulkan.CompareOp</ReturnType>
      </ReturnValue>
      <Docs>
        <summary>is the comparison operator used in the stencil test.</summary>
        <remarks></remarks>
      </Docs>
    </Member>
    <Member MemberName="CompareOp">
      <MemberSignature Language="C#" Value="public Vulkan.CompareOp CompareOp { get; set; }" />
      <MemberSignature Language="ILAsm" Value=".property instance valuetype Vulkan.CompareOp CompareOp" />
      <MemberType>Property</MemberType>
      <AssemblyInfo>
        <AssemblyVersion>0.0.5950.20892</AssemblyVersion>
      </AssemblyInfo>
      <ReturnValue>
        <ReturnType>Vulkan.CompareOp</ReturnType>
      </ReturnValue>
      <Docs>
        <summary>is the comparison operator used in the stencil test.</summary>
        <value>To be added.</value>
        <remarks></remarks>
      </Docs>
    </Member>
    <Member MemberName="DepthFailOp">
      <MemberSignature Language="C#" Value="public Vulkan.StencilOp DepthFailOp;" />
      <MemberSignature Language="ILAsm" Value=".field public valuetype Vulkan.StencilOp DepthFailOp" />
      <MemberType>Field</MemberType>
      <AssemblyInfo>
        <AssemblyVersion>0.0.6105.39043</AssemblyVersion>
        <AssemblyVersion>0.0.6106.39464</AssemblyVersion>
        <AssemblyVersion>0.0.6134.41045</AssemblyVersion>
        <AssemblyVersion>0.0.6142.19338</AssemblyVersion>
      </AssemblyInfo>
      <ReturnValue>
        <ReturnType>Vulkan.StencilOp</ReturnType>
      </ReturnValue>
      <Docs>
        <summary>is the action performed on samples that pass the stencil test and fail the depth test.</summary>
        <remarks></remarks>
      </Docs>
    </Member>
    <Member MemberName="DepthFailOp">
      <MemberSignature Language="C#" Value="public Vulkan.StencilOp DepthFailOp { get; set; }" />
      <MemberSignature Language="ILAsm" Value=".property instance valuetype Vulkan.StencilOp DepthFailOp" />
      <MemberType>Property</MemberType>
      <AssemblyInfo>
        <AssemblyVersion>0.0.5950.20892</AssemblyVersion>
      </AssemblyInfo>
      <ReturnValue>
        <ReturnType>Vulkan.StencilOp</ReturnType>
      </ReturnValue>
      <Docs>
        <summary>is the action performed on samples that pass the stencil test and fail the depth test.</summary>
        <value>To be added.</value>
        <remarks></remarks>
      </Docs>
    </Member>
    <Member MemberName="FailOp">
      <MemberSignature Language="C#" Value="public Vulkan.StencilOp FailOp;" />
      <MemberSignature Language="ILAsm" Value=".field public valuetype Vulkan.StencilOp FailOp" />
      <MemberType>Field</MemberType>
      <AssemblyInfo>
        <AssemblyVersion>0.0.6105.39043</AssemblyVersion>
        <AssemblyVersion>0.0.6106.39464</AssemblyVersion>
        <AssemblyVersion>0.0.6134.41045</AssemblyVersion>
        <AssemblyVersion>0.0.6142.19338</AssemblyVersion>
      </AssemblyInfo>
      <ReturnValue>
        <ReturnType>Vulkan.StencilOp</ReturnType>
      </ReturnValue>
      <Docs>
        <summary>is the action performed on samples that fail the stencil test.</summary>
        <remarks></remarks>
      </Docs>
    </Member>
    <Member MemberName="FailOp">
      <MemberSignature Language="C#" Value="public Vulkan.StencilOp FailOp { get; set; }" />
      <MemberSignature Language="ILAsm" Value=".property instance valuetype Vulkan.StencilOp FailOp" />
      <MemberType>Property</MemberType>
      <AssemblyInfo>
        <AssemblyVersion>0.0.5950.20892</AssemblyVersion>
      </AssemblyInfo>
      <ReturnValue>
        <ReturnType>Vulkan.StencilOp</ReturnType>
      </ReturnValue>
      <Docs>
        <summary>is the action performed on samples that fail the stencil test.</summary>
        <value>To be added.</value>
        <remarks></remarks>
      </Docs>
    </Member>
    <Member MemberName="PassOp">
      <MemberSignature Language="C#" Value="public Vulkan.StencilOp PassOp;" />
      <MemberSignature Language="ILAsm" Value=".field public valuetype Vulkan.StencilOp PassOp" />
      <MemberType>Field</MemberType>
      <AssemblyInfo>
        <AssemblyVersion>0.0.6105.39043</AssemblyVersion>
        <AssemblyVersion>0.0.6106.39464</AssemblyVersion>
        <AssemblyVersion>0.0.6134.41045</AssemblyVersion>
        <AssemblyVersion>0.0.6142.19338</AssemblyVersion>
      </AssemblyInfo>
      <ReturnValue>
        <ReturnType>Vulkan.StencilOp</ReturnType>
      </ReturnValue>
      <Docs>
        <summary>is the action performed on samples that pass both the depth and stencil tests.</summary>
        <remarks></remarks>
      </Docs>
    </Member>
    <Member MemberName="PassOp">
      <MemberSignature Language="C#" Value="public Vulkan.StencilOp PassOp { get; set; }" />
      <MemberSignature Language="ILAsm" Value=".property instance valuetype Vulkan.StencilOp PassOp" />
      <MemberType>Property</MemberType>
      <AssemblyInfo>
        <AssemblyVersion>0.0.5950.20892</AssemblyVersion>
      </AssemblyInfo>
      <ReturnValue>
        <ReturnType>Vulkan.StencilOp</ReturnType>
      </ReturnValue>
      <Docs>
        <summary>is the action performed on samples that pass both the depth and stencil tests.</summary>
        <value>To be added.</value>
        <remarks></remarks>
      </Docs>
    </Member>
    <Member MemberName="Reference">
      <MemberSignature Language="C#" Value="public uint Reference;" />
      <MemberSignature Language="ILAsm" Value=".field public unsigned int32 Reference" />
      <MemberType>Field</MemberType>
      <AssemblyInfo>
        <AssemblyVersion>0.0.6105.39043</AssemblyVersion>
        <AssemblyVersion>0.0.6106.39464</AssemblyVersion>
        <AssemblyVersion>0.0.6134.41045</AssemblyVersion>
        <AssemblyVersion>0.0.6142.19338</AssemblyVersion>
      </AssemblyInfo>
      <ReturnValue>
        <ReturnType>System.UInt32</ReturnType>
      </ReturnValue>
      <Docs>
        <summary>is an integer reference value that is used in the unsigned stencil comparison.</summary>
        <remarks></remarks>
      </Docs>
    </Member>
    <Member MemberName="Reference">
      <MemberSignature Language="C#" Value="public uint Reference { get; set; }" />
      <MemberSignature Language="ILAsm" Value=".property instance unsigned int32 Reference" />
      <MemberType>Property</MemberType>
      <AssemblyInfo>
        <AssemblyVersion>0.0.5950.20892</AssemblyVersion>
      </AssemblyInfo>
      <ReturnValue>
        <ReturnType>System.UInt32</ReturnType>
      </ReturnValue>
      <Docs>
        <summary>is an integer reference value that is used in the unsigned stencil comparison.</summary>
        <value>To be added.</value>
        <remarks></remarks>
      </Docs>
    </Member>
    <Member MemberName="WriteMask">
      <MemberSignature Language="C#" Value="public uint WriteMask;" />
      <MemberSignature Language="ILAsm" Value=".field public unsigned int32 WriteMask" />
      <MemberType>Field</MemberType>
      <AssemblyInfo>
        <AssemblyVersion>0.0.6105.39043</AssemblyVersion>
        <AssemblyVersion>0.0.6106.39464</AssemblyVersion>
        <AssemblyVersion>0.0.6134.41045</AssemblyVersion>
        <AssemblyVersion>0.0.6142.19338</AssemblyVersion>
      </AssemblyInfo>
      <ReturnValue>
        <ReturnType>System.UInt32</ReturnType>
      </ReturnValue>
      <Docs>
        <summary>selects the bits of the unsigned integer stencil values updated by the stencil test in the stencil framebuffer attachment.</summary>
        <remarks></remarks>
      </Docs>
    </Member>
    <Member MemberName="WriteMask">
      <MemberSignature Language="C#" Value="public uint WriteMask { get; set; }" />
      <MemberSignature Language="ILAsm" Value=".property instance unsigned int32 WriteMask" />
      <MemberType>Property</MemberType>
      <AssemblyInfo>
        <AssemblyVersion>0.0.5950.20892</AssemblyVersion>
      </AssemblyInfo>
      <ReturnValue>
        <ReturnType>System.UInt32</ReturnType>
      </ReturnValue>
      <Docs>
        <summary>selects the bits of the unsigned integer stencil values updated by the stencil test in the stencil framebuffer attachment.</summary>
        <value>To be added.</value>
        <remarks></remarks>
      </Docs>
    </Member>
  </Members>
</Type>