﻿<?xml version="1.0" encoding="utf-8"?>
<Type Name="SubpassDependency" FullName="Vulkan.SubpassDependency">
  <TypeSignature Language="C#" Value="public struct SubpassDependency" />
  <TypeSignature Language="ILAsm" Value=".class public sequential ansi sealed beforefieldinit SubpassDependency extends System.ValueType" />
  <AssemblyInfo>
    <AssemblyName>Vulkan</AssemblyName>
    <AssemblyVersion>0.0.5950.20892</AssemblyVersion>
    <AssemblyVersion>0.0.6105.39043</AssemblyVersion>
    <AssemblyVersion>0.0.6106.39464</AssemblyVersion>
    <AssemblyVersion>0.0.6134.41045</AssemblyVersion>
    <AssemblyVersion>0.0.6142.19338</AssemblyVersion>
  </AssemblyInfo>
  <Base>
    <BaseTypeName>System.ValueType</BaseTypeName>
  </Base>
  <Interfaces />
  <Docs>
    <summary>Structure specifying a subpass dependency</summary>
    <remarks></remarks>
  </Docs>
  <Members>
    <Member MemberName=".ctor">
      <MemberSignature Language="C#" Value="public SubpassDependency ();" />
      <MemberSignature Language="ILAsm" Value=".method public hidebysig specialname rtspecialname instance void .ctor() cil managed" />
      <MemberType>Constructor</MemberType>
      <AssemblyInfo>
        <AssemblyVersion>0.0.5950.20892</AssemblyVersion>
      </AssemblyInfo>
      <Parameters />
      <Docs>
        <summary>To be added.</summary>
        <remarks>To be added.</remarks>
      </Docs>
    </Member>
    <Member MemberName="DependencyFlags">
      <MemberSignature Language="C#" Value="public Vulkan.DependencyFlags DependencyFlags;" />
      <MemberSignature Language="ILAsm" Value=".field public valuetype Vulkan.DependencyFlags DependencyFlags" />
      <MemberType>Field</MemberType>
      <AssemblyInfo>
        <AssemblyVersion>0.0.6105.39043</AssemblyVersion>
        <AssemblyVersion>0.0.6106.39464</AssemblyVersion>
        <AssemblyVersion>0.0.6134.41045</AssemblyVersion>
        <AssemblyVersion>0.0.6142.19338</AssemblyVersion>
      </AssemblyInfo>
      <ReturnValue>
        <ReturnType>Vulkan.DependencyFlags</ReturnType>
      </ReturnValue>
      <Docs>
        <summary>To be added.</summary>
        <remarks>To be added.</remarks>
      </Docs>
    </Member>
    <Member MemberName="DependencyFlags">
      <MemberSignature Language="C#" Value="public uint DependencyFlags { get; set; }" />
      <MemberSignature Language="ILAsm" Value=".property instance unsigned int32 DependencyFlags" />
      <MemberType>Property</MemberType>
      <AssemblyInfo>
        <AssemblyVersion>0.0.5950.20892</AssemblyVersion>
      </AssemblyInfo>
      <ReturnValue>
        <ReturnType>System.UInt32</ReturnType>
      </ReturnValue>
      <Docs>
        <summary>To be added.</summary>
        <value>To be added.</value>
        <remarks>To be added.</remarks>
      </Docs>
    </Member>
    <Member MemberName="DstAccessMask">
      <MemberSignature Language="C#" Value="public Vulkan.AccessFlags DstAccessMask;" />
      <MemberSignature Language="ILAsm" Value=".field public valuetype Vulkan.AccessFlags DstAccessMask" />
      <MemberType>Field</MemberType>
      <AssemblyInfo>
        <AssemblyVersion>0.0.6105.39043</AssemblyVersion>
        <AssemblyVersion>0.0.6106.39464</AssemblyVersion>
        <AssemblyVersion>0.0.6134.41045</AssemblyVersion>
        <AssemblyVersion>0.0.6142.19338</AssemblyVersion>
      </AssemblyInfo>
      <ReturnValue>
        <ReturnType>Vulkan.AccessFlags</ReturnType>
      </ReturnValue>
      <Docs>
        <summary>To be added.</summary>
        <remarks>To be added.</remarks>
      </Docs>
    </Member>
    <Member MemberName="DstAccessMask">
      <MemberSignature Language="C#" Value="public uint DstAccessMask { get; set; }" />
      <MemberSignature Language="ILAsm" Value=".property instance unsigned int32 DstAccessMask" />
      <MemberType>Property</MemberType>
      <AssemblyInfo>
        <AssemblyVersion>0.0.5950.20892</AssemblyVersion>
      </AssemblyInfo>
      <ReturnValue>
        <ReturnType>System.UInt32</ReturnType>
      </ReturnValue>
      <Docs>
        <summary>To be added.</summary>
        <value>To be added.</value>
        <remarks>To be added.</remarks>
      </Docs>
    </Member>
    <Member MemberName="DstStageMask">
      <MemberSignature Language="C#" Value="public Vulkan.PipelineStageFlags DstStageMask;" />
      <MemberSignature Language="ILAsm" Value=".field public valuetype Vulkan.PipelineStageFlags DstStageMask" />
      <MemberType>Field</MemberType>
      <AssemblyInfo>
        <AssemblyVersion>0.0.6105.39043</AssemblyVersion>
        <AssemblyVersion>0.0.6106.39464</AssemblyVersion>
        <AssemblyVersion>0.0.6134.41045</AssemblyVersion>
        <AssemblyVersion>0.0.6142.19338</AssemblyVersion>
      </AssemblyInfo>
      <ReturnValue>
        <ReturnType>Vulkan.PipelineStageFlags</ReturnType>
      </ReturnValue>
      <Docs>
        <summary>To be added.</summary>
        <remarks>To be added.</remarks>
      </Docs>
    </Member>
    <Member MemberName="DstStageMask">
      <MemberSignature Language="C#" Value="public uint DstStageMask { get; set; }" />
      <MemberSignature Language="ILAsm" Value=".property instance unsigned int32 DstStageMask" />
      <MemberType>Property</MemberType>
      <AssemblyInfo>
        <AssemblyVersion>0.0.5950.20892</AssemblyVersion>
      </AssemblyInfo>
      <ReturnValue>
        <ReturnType>System.UInt32</ReturnType>
      </ReturnValue>
      <Docs>
        <summary>To be added.</summary>
        <value>To be added.</value>
        <remarks>To be added.</remarks>
      </Docs>
    </Member>
    <Member MemberName="DstSubpass">
      <MemberSignature Language="C#" Value="public uint DstSubpass;" />
      <MemberSignature Language="ILAsm" Value=".field public unsigned int32 DstSubpass" />
      <MemberType>Field</MemberType>
      <AssemblyInfo>
        <AssemblyVersion>0.0.6105.39043</AssemblyVersion>
        <AssemblyVersion>0.0.6106.39464</AssemblyVersion>
        <AssemblyVersion>0.0.6134.41045</AssemblyVersion>
        <AssemblyVersion>0.0.6142.19338</AssemblyVersion>
      </AssemblyInfo>
      <ReturnValue>
        <ReturnType>System.UInt32</ReturnType>
      </ReturnValue>
      <Docs>
        <summary>To be added.</summary>
        <remarks>To be added.</remarks>
      </Docs>
    </Member>
    <Member MemberName="DstSubpass">
      <MemberSignature Language="C#" Value="public uint DstSubpass { get; set; }" />
      <MemberSignature Language="ILAsm" Value=".property instance unsigned int32 DstSubpass" />
      <MemberType>Property</MemberType>
      <AssemblyInfo>
        <AssemblyVersion>0.0.5950.20892</AssemblyVersion>
      </AssemblyInfo>
      <ReturnValue>
        <ReturnType>System.UInt32</ReturnType>
      </ReturnValue>
      <Docs>
        <summary>To be added.</summary>
        <value>To be added.</value>
        <remarks>To be added.</remarks>
      </Docs>
    </Member>
    <Member MemberName="SrcAccessMask">
      <MemberSignature Language="C#" Value="public Vulkan.AccessFlags SrcAccessMask;" />
      <MemberSignature Language="ILAsm" Value=".field public valuetype Vulkan.AccessFlags SrcAccessMask" />
      <MemberType>Field</MemberType>
      <AssemblyInfo>
        <AssemblyVersion>0.0.6105.39043</AssemblyVersion>
        <AssemblyVersion>0.0.6106.39464</AssemblyVersion>
        <AssemblyVersion>0.0.6134.41045</AssemblyVersion>
        <AssemblyVersion>0.0.6142.19338</AssemblyVersion>
      </AssemblyInfo>
      <ReturnValue>
        <ReturnType>Vulkan.AccessFlags</ReturnType>
      </ReturnValue>
      <Docs>
        <summary>To be added.</summary>
        <remarks>To be added.</remarks>
      </Docs>
    </Member>
    <Member MemberName="SrcAccessMask">
      <MemberSignature Language="C#" Value="public uint SrcAccessMask { get; set; }" />
      <MemberSignature Language="ILAsm" Value=".property instance unsigned int32 SrcAccessMask" />
      <MemberType>Property</MemberType>
      <AssemblyInfo>
        <AssemblyVersion>0.0.5950.20892</AssemblyVersion>
      </AssemblyInfo>
      <ReturnValue>
        <ReturnType>System.UInt32</ReturnType>
      </ReturnValue>
      <Docs>
        <summary>To be added.</summary>
        <value>To be added.</value>
        <remarks>To be added.</remarks>
      </Docs>
    </Member>
    <Member MemberName="SrcStageMask">
      <MemberSignature Language="C#" Value="public Vulkan.PipelineStageFlags SrcStageMask;" />
      <MemberSignature Language="ILAsm" Value=".field public valuetype Vulkan.PipelineStageFlags SrcStageMask" />
      <MemberType>Field</MemberType>
      <AssemblyInfo>
        <AssemblyVersion>0.0.6105.39043</AssemblyVersion>
        <AssemblyVersion>0.0.6106.39464</AssemblyVersion>
        <AssemblyVersion>0.0.6134.41045</AssemblyVersion>
        <AssemblyVersion>0.0.6142.19338</AssemblyVersion>
      </AssemblyInfo>
      <ReturnValue>
        <ReturnType>Vulkan.PipelineStageFlags</ReturnType>
      </ReturnValue>
      <Docs>
        <summary>To be added.</summary>
        <remarks>To be added.</remarks>
      </Docs>
    </Member>
    <Member MemberName="SrcStageMask">
      <MemberSignature Language="C#" Value="public uint SrcStageMask { get; set; }" />
      <MemberSignature Language="ILAsm" Value=".property instance unsigned int32 SrcStageMask" />
      <MemberType>Property</MemberType>
      <AssemblyInfo>
        <AssemblyVersion>0.0.5950.20892</AssemblyVersion>
      </AssemblyInfo>
      <ReturnValue>
        <ReturnType>System.UInt32</ReturnType>
      </ReturnValue>
      <Docs>
        <summary>To be added.</summary>
        <value>To be added.</value>
        <remarks>To be added.</remarks>
      </Docs>
    </Member>
    <Member MemberName="SrcSubpass">
      <MemberSignature Language="C#" Value="public uint SrcSubpass;" />
      <MemberSignature Language="ILAsm" Value=".field public unsigned int32 SrcSubpass" />
      <MemberType>Field</MemberType>
      <AssemblyInfo>
        <AssemblyVersion>0.0.6105.39043</AssemblyVersion>
        <AssemblyVersion>0.0.6106.39464</AssemblyVersion>
        <AssemblyVersion>0.0.6134.41045</AssemblyVersion>
        <AssemblyVersion>0.0.6142.19338</AssemblyVersion>
      </AssemblyInfo>
      <ReturnValue>
        <ReturnType>System.UInt32</ReturnType>
      </ReturnValue>
      <Docs>
        <summary>and pname:dstSubpass are the subpass indices of the producer and consumer subpasses, respectively. pname:srcSubpass and pname:dstSubpass can: also have the special value ename:VK_SUBPASS_EXTERNAL. The source subpass must: always be a lower numbered subpass than the destination subpass (excluding external subpasses and &lt;&lt;synchronization-pipeline-barriers-subpass-self-dependencies, self-dependencies&gt;&gt;), so that the order of subpass descriptions is a valid execution ordering, avoiding cycles in the dependency graph.</summary>
        <remarks></remarks>
      </Docs>
    </Member>
    <Member MemberName="SrcSubpass">
      <MemberSignature Language="C#" Value="public uint SrcSubpass { get; set; }" />
      <MemberSignature Language="ILAsm" Value=".property instance unsigned int32 SrcSubpass" />
      <MemberType>Property</MemberType>
      <AssemblyInfo>
        <AssemblyVersion>0.0.5950.20892</AssemblyVersion>
      </AssemblyInfo>
      <ReturnValue>
        <ReturnType>System.UInt32</ReturnType>
      </ReturnValue>
      <Docs>
        <summary>and pname:dstSubpass are the subpass indices of the producer and consumer subpasses, respectively. pname:srcSubpass and pname:dstSubpass can: also have the special value ename:VK_SUBPASS_EXTERNAL. The source subpass must: always be a lower numbered subpass than the destination subpass (excluding external subpasses and &lt;&lt;synchronization-pipeline-barriers-subpass-self-dependencies, self-dependencies&gt;&gt;), so that the order of subpass descriptions is a valid execution ordering, avoiding cycles in the dependency graph.</summary>
        <value>To be added.</value>
        <remarks></remarks>
      </Docs>
    </Member>
  </Members>
</Type>