﻿<?xml version="1.0" encoding="utf-8"?>
<Type Name="SubpassDescription" FullName="Vulkan.SubpassDescription">
  <TypeSignature Language="C#" Value="public class SubpassDescription : Vulkan.MarshalledObject" />
  <TypeSignature Language="ILAsm" Value=".class public auto ansi beforefieldinit SubpassDescription extends Vulkan.MarshalledObject" />
  <AssemblyInfo>
    <AssemblyName>Vulkan</AssemblyName>
    <AssemblyVersion>0.0.5950.20892</AssemblyVersion>
    <AssemblyVersion>0.0.6105.39043</AssemblyVersion>
    <AssemblyVersion>0.0.6106.39464</AssemblyVersion>
    <AssemblyVersion>0.0.6134.41045</AssemblyVersion>
    <AssemblyVersion>0.0.6142.19338</AssemblyVersion>
  </AssemblyInfo>
  <Base>
    <BaseTypeName>Vulkan.MarshalledObject</BaseTypeName>
  </Base>
  <Interfaces />
  <Docs>
    <summary>Structure specifying a subpass description</summary>
    <remarks></remarks>
  </Docs>
  <Members>
    <Member MemberName=".ctor">
      <MemberSignature Language="C#" Value="public SubpassDescription ();" />
      <MemberSignature Language="ILAsm" Value=".method public hidebysig specialname rtspecialname instance void .ctor() cil managed" />
      <MemberType>Constructor</MemberType>
      <AssemblyInfo>
        <AssemblyVersion>0.0.5950.20892</AssemblyVersion>
        <AssemblyVersion>0.0.6105.39043</AssemblyVersion>
        <AssemblyVersion>0.0.6106.39464</AssemblyVersion>
        <AssemblyVersion>0.0.6134.41045</AssemblyVersion>
        <AssemblyVersion>0.0.6142.19338</AssemblyVersion>
      </AssemblyInfo>
      <Parameters />
      <Docs>
        <summary>To be added.</summary>
        <remarks>To be added.</remarks>
      </Docs>
    </Member>
    <Member MemberName="ColorAttachmentCount">
      <MemberSignature Language="C#" Value="public uint ColorAttachmentCount { get; set; }" />
      <MemberSignature Language="ILAsm" Value=".property instance unsigned int32 ColorAttachmentCount" />
      <MemberType>Property</MemberType>
      <AssemblyInfo>
        <AssemblyVersion>0.0.5950.20892</AssemblyVersion>
        <AssemblyVersion>0.0.6105.39043</AssemblyVersion>
        <AssemblyVersion>0.0.6106.39464</AssemblyVersion>
        <AssemblyVersion>0.0.6134.41045</AssemblyVersion>
        <AssemblyVersion>0.0.6142.19338</AssemblyVersion>
      </AssemblyInfo>
      <ReturnValue>
        <ReturnType>System.UInt32</ReturnType>
      </ReturnValue>
      <Docs>
        <summary>must: be less than or equal to sname:VkPhysicalDeviceLimits::pname:maxColorAttachments * If the first use of an attachment in this render pass is as an input attachment, and the attachment is not also used as a color or depth/stencil attachment in the same subpass, then pname:loadOp must: not be ename:VK_ATTACHMENT_LOAD_OP_CLEAR * If pname:pResolveAttachments is not `NULL`, for each resolve attachment that does not have the value ename:VK_ATTACHMENT_UNUSED, the corresponding color attachment must: not have the value ename:VK_ATTACHMENT_UNUSED * If pname:pResolveAttachments is not `NULL`, the sample count of each element of pname:pColorAttachments must: be anything other than ename:VK_SAMPLE_COUNT_1_BIT * Any given element of pname:pResolveAttachments must: have a sample count of ename:VK_SAMPLE_COUNT_1_BIT * Any given element of pname:pResolveAttachments must: have the same elink:VkFormat as its corresponding color attachment * All attachments in pname:pColorAttachments and pname:pDepthStencilAttachment that are not ename:VK_ATTACHMENT_UNUSED must: have the same sample count * If any input attachments are ename:VK_ATTACHMENT_UNUSED, then any pipelines bound during the subpass must: not access those input attachments from the fragment shader * The pname:attachment member of any element of pname:pPreserveAttachments must: not be ename:VK_ATTACHMENT_UNUSED * Any given element of pname:pPreserveAttachments must: not also be an element of any other member of the subpass description * If any attachment is used as both an input attachment and a color or depth/stencil attachment, then each use must: use the same pname:layout ****</summary>
        <value>To be added.</value>
        <remarks></remarks>
      </Docs>
    </Member>
    <Member MemberName="ColorAttachments">
      <MemberSignature Language="C#" Value="public Vulkan.AttachmentReference[] ColorAttachments { get; set; }" />
      <MemberSignature Language="ILAsm" Value=".property instance valuetype Vulkan.AttachmentReference[] ColorAttachments" />
      <MemberType>Property</MemberType>
      <AssemblyInfo>
        <AssemblyVersion>0.0.5950.20892</AssemblyVersion>
        <AssemblyVersion>0.0.6105.39043</AssemblyVersion>
        <AssemblyVersion>0.0.6106.39464</AssemblyVersion>
        <AssemblyVersion>0.0.6134.41045</AssemblyVersion>
        <AssemblyVersion>0.0.6142.19338</AssemblyVersion>
      </AssemblyInfo>
      <ReturnValue>
        <ReturnType>Vulkan.AttachmentReference[]</ReturnType>
      </ReturnValue>
      <Docs>
        <summary>is an array of pname:colorAttachmentCount slink:VkAttachmentReference structures that lists which of the render pass's attachments will be used as color attachments in the subpass, and what layout each attachment will be in during the subpass. Each element of the array corresponds to a fragment shader output location, i.e. if the shader declared an output variable `layout(location=X)` then it uses the attachment provided in pname:pColorAttachments[X].</summary>
        <value>To be added.</value>
        <remarks></remarks>
      </Docs>
    </Member>
    <Member MemberName="DepthStencilAttachment">
      <MemberSignature Language="C#" Value="public Vulkan.AttachmentReference DepthStencilAttachment { get; set; }" />
      <MemberSignature Language="ILAsm" Value=".property instance valuetype Vulkan.AttachmentReference DepthStencilAttachment" />
      <MemberType>Property</MemberType>
      <AssemblyInfo>
        <AssemblyVersion>0.0.5950.20892</AssemblyVersion>
        <AssemblyVersion>0.0.6105.39043</AssemblyVersion>
        <AssemblyVersion>0.0.6106.39464</AssemblyVersion>
        <AssemblyVersion>0.0.6134.41045</AssemblyVersion>
        <AssemblyVersion>0.0.6142.19338</AssemblyVersion>
      </AssemblyInfo>
      <ReturnValue>
        <ReturnType>Vulkan.AttachmentReference</ReturnType>
      </ReturnValue>
      <Docs>
        <summary>is a pointer to a slink:VkAttachmentReference specifying which attachment will be used for depth/stencil data and the layout it will be in during the subpass. Setting the attachment index to ename:VK_ATTACHMENT_UNUSED or leaving this pointer as `NULL` indicates that no depth/stencil attachment will be used in the subpass.</summary>
        <value>To be added.</value>
        <remarks></remarks>
      </Docs>
    </Member>
    <Member MemberName="Dispose">
      <MemberSignature Language="C#" Value="public override void Dispose (bool disposing);" />
      <MemberSignature Language="ILAsm" Value=".method public hidebysig virtual instance void Dispose(bool disposing) cil managed" />
      <MemberType>Method</MemberType>
      <AssemblyInfo>
        <AssemblyVersion>0.0.6134.41045</AssemblyVersion>
        <AssemblyVersion>0.0.6142.19338</AssemblyVersion>
      </AssemblyInfo>
      <ReturnValue>
        <ReturnType>System.Void</ReturnType>
      </ReturnValue>
      <Parameters>
        <Parameter Name="disposing" Type="System.Boolean" />
      </Parameters>
      <Docs>
        <param name="disposing">To be added.</param>
        <summary>To be added.</summary>
        <remarks>To be added.</remarks>
      </Docs>
    </Member>
    <Member MemberName="Flags">
      <MemberSignature Language="C#" Value="public uint Flags { get; set; }" />
      <MemberSignature Language="ILAsm" Value=".property instance unsigned int32 Flags" />
      <MemberType>Property</MemberType>
      <AssemblyInfo>
        <AssemblyVersion>0.0.5950.20892</AssemblyVersion>
        <AssemblyVersion>0.0.6105.39043</AssemblyVersion>
        <AssemblyVersion>0.0.6106.39464</AssemblyVersion>
        <AssemblyVersion>0.0.6134.41045</AssemblyVersion>
        <AssemblyVersion>0.0.6142.19338</AssemblyVersion>
      </AssemblyInfo>
      <ReturnValue>
        <ReturnType>System.UInt32</ReturnType>
      </ReturnValue>
      <Docs>
        <summary>is reserved for future use.</summary>
        <value>To be added.</value>
        <remarks></remarks>
      </Docs>
    </Member>
    <Member MemberName="InputAttachmentCount">
      <MemberSignature Language="C#" Value="public uint InputAttachmentCount { get; set; }" />
      <MemberSignature Language="ILAsm" Value=".property instance unsigned int32 InputAttachmentCount" />
      <MemberType>Property</MemberType>
      <AssemblyInfo>
        <AssemblyVersion>0.0.5950.20892</AssemblyVersion>
        <AssemblyVersion>0.0.6105.39043</AssemblyVersion>
        <AssemblyVersion>0.0.6106.39464</AssemblyVersion>
        <AssemblyVersion>0.0.6134.41045</AssemblyVersion>
        <AssemblyVersion>0.0.6142.19338</AssemblyVersion>
      </AssemblyInfo>
      <ReturnValue>
        <ReturnType>System.UInt32</ReturnType>
      </ReturnValue>
      <Docs>
        <summary>is the number of input attachments.</summary>
        <value>To be added.</value>
        <remarks></remarks>
      </Docs>
    </Member>
    <Member MemberName="InputAttachments">
      <MemberSignature Language="C#" Value="public Vulkan.AttachmentReference[] InputAttachments { get; set; }" />
      <MemberSignature Language="ILAsm" Value=".property instance valuetype Vulkan.AttachmentReference[] InputAttachments" />
      <MemberType>Property</MemberType>
      <AssemblyInfo>
        <AssemblyVersion>0.0.5950.20892</AssemblyVersion>
        <AssemblyVersion>0.0.6105.39043</AssemblyVersion>
        <AssemblyVersion>0.0.6106.39464</AssemblyVersion>
        <AssemblyVersion>0.0.6134.41045</AssemblyVersion>
        <AssemblyVersion>0.0.6142.19338</AssemblyVersion>
      </AssemblyInfo>
      <ReturnValue>
        <ReturnType>Vulkan.AttachmentReference[]</ReturnType>
      </ReturnValue>
      <Docs>
        <summary>is an array of slink:VkAttachmentReference structures (defined below) that lists which of the render pass's attachments can: be read in the shader during the subpass, and what layout each attachment will be in during the subpass. Each element of the array corresponds to an input attachment unit number in the shader, i.e. if the shader declares an input variable `layout(input_attachment_index=X, set=Y, binding=Z)` then it uses the attachment provided in pname:pInputAttachments[X]. Input attachments must: also be bound to the pipeline with a descriptor set, with the input attachment descriptor written in the location (set=Y, binding=Z).</summary>
        <value>To be added.</value>
        <remarks></remarks>
      </Docs>
    </Member>
    <Member MemberName="PipelineBindPoint">
      <MemberSignature Language="C#" Value="public Vulkan.PipelineBindPoint PipelineBindPoint { get; set; }" />
      <MemberSignature Language="ILAsm" Value=".property instance valuetype Vulkan.PipelineBindPoint PipelineBindPoint" />
      <MemberType>Property</MemberType>
      <AssemblyInfo>
        <AssemblyVersion>0.0.5950.20892</AssemblyVersion>
        <AssemblyVersion>0.0.6105.39043</AssemblyVersion>
        <AssemblyVersion>0.0.6106.39464</AssemblyVersion>
        <AssemblyVersion>0.0.6134.41045</AssemblyVersion>
        <AssemblyVersion>0.0.6142.19338</AssemblyVersion>
      </AssemblyInfo>
      <ReturnValue>
        <ReturnType>Vulkan.PipelineBindPoint</ReturnType>
      </ReturnValue>
      <Docs>
        <summary>must: be ename:VK_PIPELINE_BIND_POINT_GRAPHICS</summary>
        <value>To be added.</value>
        <remarks></remarks>
      </Docs>
    </Member>
    <Member MemberName="PreserveAttachmentCount">
      <MemberSignature Language="C#" Value="public uint PreserveAttachmentCount { get; set; }" />
      <MemberSignature Language="ILAsm" Value=".property instance unsigned int32 PreserveAttachmentCount" />
      <MemberType>Property</MemberType>
      <AssemblyInfo>
        <AssemblyVersion>0.0.5950.20892</AssemblyVersion>
        <AssemblyVersion>0.0.6105.39043</AssemblyVersion>
        <AssemblyVersion>0.0.6106.39464</AssemblyVersion>
        <AssemblyVersion>0.0.6134.41045</AssemblyVersion>
        <AssemblyVersion>0.0.6142.19338</AssemblyVersion>
      </AssemblyInfo>
      <ReturnValue>
        <ReturnType>System.UInt32</ReturnType>
      </ReturnValue>
      <Docs>
        <summary>is the number of preserved attachments.</summary>
        <value>To be added.</value>
        <remarks></remarks>
      </Docs>
    </Member>
    <Member MemberName="PreserveAttachments">
      <MemberSignature Language="C#" Value="public uint[] PreserveAttachments { get; set; }" />
      <MemberSignature Language="ILAsm" Value=".property instance unsigned int32[] PreserveAttachments" />
      <MemberType>Property</MemberType>
      <AssemblyInfo>
        <AssemblyVersion>0.0.5950.20892</AssemblyVersion>
        <AssemblyVersion>0.0.6105.39043</AssemblyVersion>
        <AssemblyVersion>0.0.6106.39464</AssemblyVersion>
        <AssemblyVersion>0.0.6134.41045</AssemblyVersion>
        <AssemblyVersion>0.0.6142.19338</AssemblyVersion>
      </AssemblyInfo>
      <ReturnValue>
        <ReturnType>System.UInt32[]</ReturnType>
      </ReturnValue>
      <Docs>
        <summary>is an array of pname:preserveAttachmentCount render pass attachment indices describing the attachments that are not used by a subpass, but whose contents must: be preserved throughout the subpass.</summary>
        <value>To be added.</value>
        <remarks></remarks>
      </Docs>
    </Member>
    <Member MemberName="ResolveAttachments">
      <MemberSignature Language="C#" Value="public Vulkan.AttachmentReference[] ResolveAttachments { get; set; }" />
      <MemberSignature Language="ILAsm" Value=".property instance valuetype Vulkan.AttachmentReference[] ResolveAttachments" />
      <MemberType>Property</MemberType>
      <AssemblyInfo>
        <AssemblyVersion>0.0.5950.20892</AssemblyVersion>
        <AssemblyVersion>0.0.6105.39043</AssemblyVersion>
        <AssemblyVersion>0.0.6106.39464</AssemblyVersion>
        <AssemblyVersion>0.0.6134.41045</AssemblyVersion>
        <AssemblyVersion>0.0.6142.19338</AssemblyVersion>
      </AssemblyInfo>
      <ReturnValue>
        <ReturnType>Vulkan.AttachmentReference[]</ReturnType>
      </ReturnValue>
      <Docs>
        <summary>is `NULL` or an array of pname:colorAttachmentCount slink:VkAttachmentReference structures that lists which of the render pass's attachments are resolved to at the end of the subpass, and what layout each attachment will be in during the resolve. If pname:pResolveAttachments is not `NULL`, each of its elements corresponds to a color attachment (the element in pname:pColorAttachments at the same index). At the end of each subpass, the subpass's color attachments are resolved to corresponding resolve attachments, unless the resolve attachment index is ename:VK_ATTACHMENT_UNUSED or pname:pResolveAttachments is `NULL`. If the first use of an attachment in a render pass is as a resolve attachment, then the pname:loadOp is effectively ignored as the resolve is guaranteed to overwrite all pixels in the render area.</summary>
        <value>To be added.</value>
        <remarks></remarks>
      </Docs>
    </Member>
    <Member MemberName="VirtualDispose">
      <MemberSignature Language="C#" Value="public override void VirtualDispose ();" />
      <MemberSignature Language="ILAsm" Value=".method public hidebysig virtual instance void VirtualDispose() cil managed" />
      <MemberType>Method</MemberType>
      <AssemblyInfo>
        <AssemblyVersion>0.0.6105.39043</AssemblyVersion>
        <AssemblyVersion>0.0.6106.39464</AssemblyVersion>
      </AssemblyInfo>
      <ReturnValue>
        <ReturnType>System.Void</ReturnType>
      </ReturnValue>
      <Parameters />
      <Docs>
        <summary>To be added.</summary>
        <remarks>To be added.</remarks>
      </Docs>
    </Member>
  </Members>
</Type>