﻿<?xml version="1.0" encoding="utf-8"?>
<Type Name="SubresourceLayout" FullName="Vulkan.SubresourceLayout">
  <TypeSignature Language="C#" Value="public struct SubresourceLayout" />
  <TypeSignature Language="ILAsm" Value=".class public sequential ansi sealed beforefieldinit SubresourceLayout extends System.ValueType" />
  <AssemblyInfo>
    <AssemblyName>Vulkan</AssemblyName>
    <AssemblyVersion>0.0.5950.20892</AssemblyVersion>
    <AssemblyVersion>0.0.6105.39043</AssemblyVersion>
    <AssemblyVersion>0.0.6106.39464</AssemblyVersion>
    <AssemblyVersion>0.0.6134.41045</AssemblyVersion>
    <AssemblyVersion>0.0.6142.19338</AssemblyVersion>
  </AssemblyInfo>
  <Base>
    <BaseTypeName>System.ValueType</BaseTypeName>
  </Base>
  <Interfaces />
  <Docs>
    <summary>Structure specifying subresource layout</summary>
    <remarks></remarks>
  </Docs>
  <Members>
    <Member MemberName=".ctor">
      <MemberSignature Language="C#" Value="public SubresourceLayout ();" />
      <MemberSignature Language="ILAsm" Value=".method public hidebysig specialname rtspecialname instance void .ctor() cil managed" />
      <MemberType>Constructor</MemberType>
      <AssemblyInfo>
        <AssemblyVersion>0.0.5950.20892</AssemblyVersion>
      </AssemblyInfo>
      <Parameters />
      <Docs>
        <summary>To be added.</summary>
        <remarks>To be added.</remarks>
      </Docs>
    </Member>
    <Member MemberName="ArrayPitch">
      <MemberSignature Language="C#" Value="public Vulkan.DeviceSize ArrayPitch;" />
      <MemberSignature Language="ILAsm" Value=".field public valuetype Vulkan.DeviceSize ArrayPitch" />
      <MemberType>Field</MemberType>
      <AssemblyInfo>
        <AssemblyVersion>0.0.6105.39043</AssemblyVersion>
        <AssemblyVersion>0.0.6106.39464</AssemblyVersion>
        <AssemblyVersion>0.0.6134.41045</AssemblyVersion>
        <AssemblyVersion>0.0.6142.19338</AssemblyVersion>
      </AssemblyInfo>
      <ReturnValue>
        <ReturnType>Vulkan.DeviceSize</ReturnType>
      </ReturnValue>
      <Docs>
        <summary>describes the number of bytes between each array layer of an image.</summary>
        <remarks></remarks>
      </Docs>
    </Member>
    <Member MemberName="ArrayPitch">
      <MemberSignature Language="C#" Value="public Vulkan.DeviceSize ArrayPitch { get; set; }" />
      <MemberSignature Language="ILAsm" Value=".property instance valuetype Vulkan.DeviceSize ArrayPitch" />
      <MemberType>Property</MemberType>
      <AssemblyInfo>
        <AssemblyVersion>0.0.5950.20892</AssemblyVersion>
      </AssemblyInfo>
      <ReturnValue>
        <ReturnType>Vulkan.DeviceSize</ReturnType>
      </ReturnValue>
      <Docs>
        <summary>describes the number of bytes between each array layer of an image.</summary>
        <value>To be added.</value>
        <remarks></remarks>
      </Docs>
    </Member>
    <Member MemberName="DepthPitch">
      <MemberSignature Language="C#" Value="public Vulkan.DeviceSize DepthPitch;" />
      <MemberSignature Language="ILAsm" Value=".field public valuetype Vulkan.DeviceSize DepthPitch" />
      <MemberType>Field</MemberType>
      <AssemblyInfo>
        <AssemblyVersion>0.0.6105.39043</AssemblyVersion>
        <AssemblyVersion>0.0.6106.39464</AssemblyVersion>
        <AssemblyVersion>0.0.6134.41045</AssemblyVersion>
        <AssemblyVersion>0.0.6142.19338</AssemblyVersion>
      </AssemblyInfo>
      <ReturnValue>
        <ReturnType>Vulkan.DeviceSize</ReturnType>
      </ReturnValue>
      <Docs>
        <summary>describes the number of bytes between each slice of 3D image.</summary>
        <remarks></remarks>
      </Docs>
    </Member>
    <Member MemberName="DepthPitch">
      <MemberSignature Language="C#" Value="public Vulkan.DeviceSize DepthPitch { get; set; }" />
      <MemberSignature Language="ILAsm" Value=".property instance valuetype Vulkan.DeviceSize DepthPitch" />
      <MemberType>Property</MemberType>
      <AssemblyInfo>
        <AssemblyVersion>0.0.5950.20892</AssemblyVersion>
      </AssemblyInfo>
      <ReturnValue>
        <ReturnType>Vulkan.DeviceSize</ReturnType>
      </ReturnValue>
      <Docs>
        <summary>describes the number of bytes between each slice of 3D image.</summary>
        <value>To be added.</value>
        <remarks></remarks>
      </Docs>
    </Member>
    <Member MemberName="Offset">
      <MemberSignature Language="C#" Value="public Vulkan.DeviceSize Offset;" />
      <MemberSignature Language="ILAsm" Value=".field public valuetype Vulkan.DeviceSize Offset" />
      <MemberType>Field</MemberType>
      <AssemblyInfo>
        <AssemblyVersion>0.0.6105.39043</AssemblyVersion>
        <AssemblyVersion>0.0.6106.39464</AssemblyVersion>
        <AssemblyVersion>0.0.6134.41045</AssemblyVersion>
        <AssemblyVersion>0.0.6142.19338</AssemblyVersion>
      </AssemblyInfo>
      <ReturnValue>
        <ReturnType>Vulkan.DeviceSize</ReturnType>
      </ReturnValue>
      <Docs>
        <summary>is the byte offset from the start of the image where the image subresource begins.</summary>
        <remarks></remarks>
      </Docs>
    </Member>
    <Member MemberName="Offset">
      <MemberSignature Language="C#" Value="public Vulkan.DeviceSize Offset { get; set; }" />
      <MemberSignature Language="ILAsm" Value=".property instance valuetype Vulkan.DeviceSize Offset" />
      <MemberType>Property</MemberType>
      <AssemblyInfo>
        <AssemblyVersion>0.0.5950.20892</AssemblyVersion>
      </AssemblyInfo>
      <ReturnValue>
        <ReturnType>Vulkan.DeviceSize</ReturnType>
      </ReturnValue>
      <Docs>
        <summary>is the byte offset from the start of the image where the image subresource begins.</summary>
        <value>To be added.</value>
        <remarks></remarks>
      </Docs>
    </Member>
    <Member MemberName="RowPitch">
      <MemberSignature Language="C#" Value="public Vulkan.DeviceSize RowPitch;" />
      <MemberSignature Language="ILAsm" Value=".field public valuetype Vulkan.DeviceSize RowPitch" />
      <MemberType>Field</MemberType>
      <AssemblyInfo>
        <AssemblyVersion>0.0.6105.39043</AssemblyVersion>
        <AssemblyVersion>0.0.6106.39464</AssemblyVersion>
        <AssemblyVersion>0.0.6134.41045</AssemblyVersion>
        <AssemblyVersion>0.0.6142.19338</AssemblyVersion>
      </AssemblyInfo>
      <ReturnValue>
        <ReturnType>Vulkan.DeviceSize</ReturnType>
      </ReturnValue>
      <Docs>
        <summary>describes the number of bytes between each row of texels in an image.</summary>
        <remarks></remarks>
      </Docs>
    </Member>
    <Member MemberName="RowPitch">
      <MemberSignature Language="C#" Value="public Vulkan.DeviceSize RowPitch { get; set; }" />
      <MemberSignature Language="ILAsm" Value=".property instance valuetype Vulkan.DeviceSize RowPitch" />
      <MemberType>Property</MemberType>
      <AssemblyInfo>
        <AssemblyVersion>0.0.5950.20892</AssemblyVersion>
      </AssemblyInfo>
      <ReturnValue>
        <ReturnType>Vulkan.DeviceSize</ReturnType>
      </ReturnValue>
      <Docs>
        <summary>describes the number of bytes between each row of texels in an image.</summary>
        <value>To be added.</value>
        <remarks></remarks>
      </Docs>
    </Member>
    <Member MemberName="Size">
      <MemberSignature Language="C#" Value="public Vulkan.DeviceSize Size;" />
      <MemberSignature Language="ILAsm" Value=".field public valuetype Vulkan.DeviceSize Size" />
      <MemberType>Field</MemberType>
      <AssemblyInfo>
        <AssemblyVersion>0.0.6105.39043</AssemblyVersion>
        <AssemblyVersion>0.0.6106.39464</AssemblyVersion>
        <AssemblyVersion>0.0.6134.41045</AssemblyVersion>
        <AssemblyVersion>0.0.6142.19338</AssemblyVersion>
      </AssemblyInfo>
      <ReturnValue>
        <ReturnType>Vulkan.DeviceSize</ReturnType>
      </ReturnValue>
      <Docs>
        <summary>is the size in bytes of the image subresource. pname:size includes any extra memory that is required based on pname:rowPitch.</summary>
        <remarks></remarks>
      </Docs>
    </Member>
    <Member MemberName="Size">
      <MemberSignature Language="C#" Value="public Vulkan.DeviceSize Size { get; set; }" />
      <MemberSignature Language="ILAsm" Value=".property instance valuetype Vulkan.DeviceSize Size" />
      <MemberType>Property</MemberType>
      <AssemblyInfo>
        <AssemblyVersion>0.0.5950.20892</AssemblyVersion>
      </AssemblyInfo>
      <ReturnValue>
        <ReturnType>Vulkan.DeviceSize</ReturnType>
      </ReturnValue>
      <Docs>
        <summary>is the size in bytes of the image subresource. pname:size includes any extra memory that is required based on pname:rowPitch.</summary>
        <value>To be added.</value>
        <remarks></remarks>
      </Docs>
    </Member>
  </Members>
</Type>