﻿<?xml version="1.0" encoding="utf-8"?>
<Type Name="SurfaceFormatKhr" FullName="Vulkan.SurfaceFormatKhr">
  <TypeSignature Language="C#" Value="public struct SurfaceFormatKhr" />
  <TypeSignature Language="ILAsm" Value=".class public sequential ansi sealed beforefieldinit SurfaceFormatKhr extends System.ValueType" />
  <AssemblyInfo>
    <AssemblyName>Vulkan</AssemblyName>
    <AssemblyVersion>0.0.5950.20892</AssemblyVersion>
    <AssemblyVersion>0.0.6105.39043</AssemblyVersion>
    <AssemblyVersion>0.0.6106.39464</AssemblyVersion>
    <AssemblyVersion>0.0.6134.41045</AssemblyVersion>
    <AssemblyVersion>0.0.6142.19338</AssemblyVersion>
  </AssemblyInfo>
  <Base>
    <BaseTypeName>System.ValueType</BaseTypeName>
  </Base>
  <Interfaces />
  <Docs>
    <summary>- Structure describing a supported swapchain format-color space pair</summary>
    <remarks></remarks>
  </Docs>
  <Members>
    <Member MemberName=".ctor">
      <MemberSignature Language="C#" Value="public SurfaceFormatKhr ();" />
      <MemberSignature Language="ILAsm" Value=".method public hidebysig specialname rtspecialname instance void .ctor() cil managed" />
      <MemberType>Constructor</MemberType>
      <AssemblyInfo>
        <AssemblyVersion>0.0.5950.20892</AssemblyVersion>
      </AssemblyInfo>
      <Parameters />
      <Docs>
        <summary>To be added.</summary>
        <remarks>To be added.</remarks>
      </Docs>
    </Member>
    <Member MemberName="ColorSpace">
      <MemberSignature Language="C#" Value="public Vulkan.ColorSpaceKhr ColorSpace;" />
      <MemberSignature Language="ILAsm" Value=".field public valuetype Vulkan.ColorSpaceKhr ColorSpace" />
      <MemberType>Field</MemberType>
      <AssemblyInfo>
        <AssemblyVersion>0.0.6105.39043</AssemblyVersion>
        <AssemblyVersion>0.0.6106.39464</AssemblyVersion>
        <AssemblyVersion>0.0.6134.41045</AssemblyVersion>
        <AssemblyVersion>0.0.6142.19338</AssemblyVersion>
      </AssemblyInfo>
      <ReturnValue>
        <ReturnType>Vulkan.ColorSpaceKhr</ReturnType>
      </ReturnValue>
      <Docs>
        <summary>is a presentation ename:VkColorSpaceKHR that is compatible with the surface.</summary>
        <remarks></remarks>
      </Docs>
    </Member>
    <Member MemberName="ColorSpace">
      <MemberSignature Language="C#" Value="public Vulkan.ColorSpaceKhr ColorSpace { get; set; }" />
      <MemberSignature Language="ILAsm" Value=".property instance valuetype Vulkan.ColorSpaceKhr ColorSpace" />
      <MemberType>Property</MemberType>
      <AssemblyInfo>
        <AssemblyVersion>0.0.5950.20892</AssemblyVersion>
      </AssemblyInfo>
      <ReturnValue>
        <ReturnType>Vulkan.ColorSpaceKhr</ReturnType>
      </ReturnValue>
      <Docs>
        <summary>is a presentation ename:VkColorSpaceKHR that is compatible with the surface.</summary>
        <value>To be added.</value>
        <remarks></remarks>
      </Docs>
    </Member>
    <Member MemberName="Format">
      <MemberSignature Language="C#" Value="public Vulkan.Format Format;" />
      <MemberSignature Language="ILAsm" Value=".field public valuetype Vulkan.Format Format" />
      <MemberType>Field</MemberType>
      <AssemblyInfo>
        <AssemblyVersion>0.0.6105.39043</AssemblyVersion>
        <AssemblyVersion>0.0.6106.39464</AssemblyVersion>
        <AssemblyVersion>0.0.6134.41045</AssemblyVersion>
        <AssemblyVersion>0.0.6142.19338</AssemblyVersion>
      </AssemblyInfo>
      <ReturnValue>
        <ReturnType>Vulkan.Format</ReturnType>
      </ReturnValue>
      <Docs>
        <summary>is a ename:VkFormat that is compatible with the specified surface.</summary>
        <remarks></remarks>
      </Docs>
    </Member>
    <Member MemberName="Format">
      <MemberSignature Language="C#" Value="public Vulkan.Format Format { get; set; }" />
      <MemberSignature Language="ILAsm" Value=".property instance valuetype Vulkan.Format Format" />
      <MemberType>Property</MemberType>
      <AssemblyInfo>
        <AssemblyVersion>0.0.5950.20892</AssemblyVersion>
      </AssemblyInfo>
      <ReturnValue>
        <ReturnType>Vulkan.Format</ReturnType>
      </ReturnValue>
      <Docs>
        <summary>is a ename:VkFormat that is compatible with the specified surface.</summary>
        <value>To be added.</value>
        <remarks></remarks>
      </Docs>
    </Member>
  </Members>
</Type>