﻿<?xml version="1.0" encoding="utf-8"?>
<Type Name="VertexInputAttributeDescription" FullName="Vulkan.VertexInputAttributeDescription">
  <TypeSignature Language="C#" Value="public struct VertexInputAttributeDescription" />
  <TypeSignature Language="ILAsm" Value=".class public sequential ansi sealed beforefieldinit VertexInputAttributeDescription extends System.ValueType" />
  <AssemblyInfo>
    <AssemblyName>Vulkan</AssemblyName>
    <AssemblyVersion>0.0.5950.20892</AssemblyVersion>
    <AssemblyVersion>0.0.6105.39043</AssemblyVersion>
    <AssemblyVersion>0.0.6106.39464</AssemblyVersion>
    <AssemblyVersion>0.0.6134.41045</AssemblyVersion>
    <AssemblyVersion>0.0.6142.19338</AssemblyVersion>
  </AssemblyInfo>
  <Base>
    <BaseTypeName>System.ValueType</BaseTypeName>
  </Base>
  <Interfaces />
  <Docs>
    <summary>Structure specifying vertex input attribute description</summary>
    <remarks></remarks>
  </Docs>
  <Members>
    <Member MemberName=".ctor">
      <MemberSignature Language="C#" Value="public VertexInputAttributeDescription ();" />
      <MemberSignature Language="ILAsm" Value=".method public hidebysig specialname rtspecialname instance void .ctor() cil managed" />
      <MemberType>Constructor</MemberType>
      <AssemblyInfo>
        <AssemblyVersion>0.0.5950.20892</AssemblyVersion>
      </AssemblyInfo>
      <Parameters />
      <Docs>
        <summary>To be added.</summary>
        <remarks>To be added.</remarks>
      </Docs>
    </Member>
    <Member MemberName="Binding">
      <MemberSignature Language="C#" Value="public uint Binding;" />
      <MemberSignature Language="ILAsm" Value=".field public unsigned int32 Binding" />
      <MemberType>Field</MemberType>
      <AssemblyInfo>
        <AssemblyVersion>0.0.6105.39043</AssemblyVersion>
        <AssemblyVersion>0.0.6106.39464</AssemblyVersion>
        <AssemblyVersion>0.0.6134.41045</AssemblyVersion>
        <AssemblyVersion>0.0.6142.19338</AssemblyVersion>
      </AssemblyInfo>
      <ReturnValue>
        <ReturnType>System.UInt32</ReturnType>
      </ReturnValue>
      <Docs>
        <summary>must: be less than sname:VkPhysicalDeviceLimits::pname:maxVertexInputBindings</summary>
        <remarks></remarks>
      </Docs>
    </Member>
    <Member MemberName="Binding">
      <MemberSignature Language="C#" Value="public uint Binding { get; set; }" />
      <MemberSignature Language="ILAsm" Value=".property instance unsigned int32 Binding" />
      <MemberType>Property</MemberType>
      <AssemblyInfo>
        <AssemblyVersion>0.0.5950.20892</AssemblyVersion>
      </AssemblyInfo>
      <ReturnValue>
        <ReturnType>System.UInt32</ReturnType>
      </ReturnValue>
      <Docs>
        <summary>must: be less than sname:VkPhysicalDeviceLimits::pname:maxVertexInputBindings</summary>
        <value>To be added.</value>
        <remarks></remarks>
      </Docs>
    </Member>
    <Member MemberName="Format">
      <MemberSignature Language="C#" Value="public Vulkan.Format Format;" />
      <MemberSignature Language="ILAsm" Value=".field public valuetype Vulkan.Format Format" />
      <MemberType>Field</MemberType>
      <AssemblyInfo>
        <AssemblyVersion>0.0.6105.39043</AssemblyVersion>
        <AssemblyVersion>0.0.6106.39464</AssemblyVersion>
        <AssemblyVersion>0.0.6134.41045</AssemblyVersion>
        <AssemblyVersion>0.0.6142.19338</AssemblyVersion>
      </AssemblyInfo>
      <ReturnValue>
        <ReturnType>Vulkan.Format</ReturnType>
      </ReturnValue>
      <Docs>
        <summary>must: be allowed as a vertex buffer format, as specified by the ename:VK_FORMAT_FEATURE_VERTEX_BUFFER_BIT flag in sname:VkFormatProperties::pname:bufferFeatures returned by fname:vkGetPhysicalDeviceFormatProperties ****</summary>
        <remarks></remarks>
      </Docs>
    </Member>
    <Member MemberName="Format">
      <MemberSignature Language="C#" Value="public Vulkan.Format Format { get; set; }" />
      <MemberSignature Language="ILAsm" Value=".property instance valuetype Vulkan.Format Format" />
      <MemberType>Property</MemberType>
      <AssemblyInfo>
        <AssemblyVersion>0.0.5950.20892</AssemblyVersion>
      </AssemblyInfo>
      <ReturnValue>
        <ReturnType>Vulkan.Format</ReturnType>
      </ReturnValue>
      <Docs>
        <summary>must: be allowed as a vertex buffer format, as specified by the ename:VK_FORMAT_FEATURE_VERTEX_BUFFER_BIT flag in sname:VkFormatProperties::pname:bufferFeatures returned by fname:vkGetPhysicalDeviceFormatProperties ****</summary>
        <value>To be added.</value>
        <remarks></remarks>
      </Docs>
    </Member>
    <Member MemberName="Location">
      <MemberSignature Language="C#" Value="public uint Location;" />
      <MemberSignature Language="ILAsm" Value=".field public unsigned int32 Location" />
      <MemberType>Field</MemberType>
      <AssemblyInfo>
        <AssemblyVersion>0.0.6105.39043</AssemblyVersion>
        <AssemblyVersion>0.0.6106.39464</AssemblyVersion>
        <AssemblyVersion>0.0.6134.41045</AssemblyVersion>
        <AssemblyVersion>0.0.6142.19338</AssemblyVersion>
      </AssemblyInfo>
      <ReturnValue>
        <ReturnType>System.UInt32</ReturnType>
      </ReturnValue>
      <Docs>
        <summary>must: be less than sname:VkPhysicalDeviceLimits::pname:maxVertexInputAttributes</summary>
        <remarks></remarks>
      </Docs>
    </Member>
    <Member MemberName="Location">
      <MemberSignature Language="C#" Value="public uint Location { get; set; }" />
      <MemberSignature Language="ILAsm" Value=".property instance unsigned int32 Location" />
      <MemberType>Property</MemberType>
      <AssemblyInfo>
        <AssemblyVersion>0.0.5950.20892</AssemblyVersion>
      </AssemblyInfo>
      <ReturnValue>
        <ReturnType>System.UInt32</ReturnType>
      </ReturnValue>
      <Docs>
        <summary>must: be less than sname:VkPhysicalDeviceLimits::pname:maxVertexInputAttributes</summary>
        <value>To be added.</value>
        <remarks></remarks>
      </Docs>
    </Member>
    <Member MemberName="Offset">
      <MemberSignature Language="C#" Value="public uint Offset;" />
      <MemberSignature Language="ILAsm" Value=".field public unsigned int32 Offset" />
      <MemberType>Field</MemberType>
      <AssemblyInfo>
        <AssemblyVersion>0.0.6105.39043</AssemblyVersion>
        <AssemblyVersion>0.0.6106.39464</AssemblyVersion>
        <AssemblyVersion>0.0.6134.41045</AssemblyVersion>
        <AssemblyVersion>0.0.6142.19338</AssemblyVersion>
      </AssemblyInfo>
      <ReturnValue>
        <ReturnType>System.UInt32</ReturnType>
      </ReturnValue>
      <Docs>
        <summary>must: be less than or equal to sname:VkPhysicalDeviceLimits::pname:maxVertexInputAttributeOffset</summary>
        <remarks></remarks>
      </Docs>
    </Member>
    <Member MemberName="Offset">
      <MemberSignature Language="C#" Value="public uint Offset { get; set; }" />
      <MemberSignature Language="ILAsm" Value=".property instance unsigned int32 Offset" />
      <MemberType>Property</MemberType>
      <AssemblyInfo>
        <AssemblyVersion>0.0.5950.20892</AssemblyVersion>
      </AssemblyInfo>
      <ReturnValue>
        <ReturnType>System.UInt32</ReturnType>
      </ReturnValue>
      <Docs>
        <summary>must: be less than or equal to sname:VkPhysicalDeviceLimits::pname:maxVertexInputAttributeOffset</summary>
        <value>To be added.</value>
        <remarks></remarks>
      </Docs>
    </Member>
  </Members>
</Type>