﻿<?xml version="1.0" encoding="utf-8"?>
<Type Name="VertexInputRate" FullName="Vulkan.VertexInputRate">
  <TypeSignature Language="C#" Value="public enum VertexInputRate" />
  <TypeSignature Language="ILAsm" Value=".class public auto ansi sealed VertexInputRate extends System.Enum" />
  <AssemblyInfo>
    <AssemblyName>Vulkan</AssemblyName>
    <AssemblyVersion>0.0.5950.20892</AssemblyVersion>
    <AssemblyVersion>0.0.6105.39043</AssemblyVersion>
    <AssemblyVersion>0.0.6106.39464</AssemblyVersion>
    <AssemblyVersion>0.0.6134.41045</AssemblyVersion>
    <AssemblyVersion>0.0.6142.19338</AssemblyVersion>
  </AssemblyInfo>
  <Base>
    <BaseTypeName>System.Enum</BaseTypeName>
  </Base>
  <Docs>
    <summary>Specify rate at which vertex attributes are pulled from buffers</summary>
    <remarks></remarks>
  </Docs>
  <Members>
    <Member MemberName="Instance">
      <MemberSignature Language="C#" Value="Instance" />
      <MemberSignature Language="ILAsm" Value=".field public static literal valuetype Vulkan.VertexInputRate Instance = int32(1)" />
      <MemberType>Field</MemberType>
      <AssemblyInfo>
        <AssemblyVersion>0.0.5950.20892</AssemblyVersion>
        <AssemblyVersion>0.0.6105.39043</AssemblyVersion>
        <AssemblyVersion>0.0.6106.39464</AssemblyVersion>
        <AssemblyVersion>0.0.6134.41045</AssemblyVersion>
        <AssemblyVersion>0.0.6142.19338</AssemblyVersion>
      </AssemblyInfo>
      <ReturnValue>
        <ReturnType>Vulkan.VertexInputRate</ReturnType>
      </ReturnValue>
      <Docs>
        <summary>indicates that vertex attribute addressing is a function of the instance index.</summary>
      </Docs>
    </Member>
    <Member MemberName="Vertex">
      <MemberSignature Language="C#" Value="Vertex" />
      <MemberSignature Language="ILAsm" Value=".field public static literal valuetype Vulkan.VertexInputRate Vertex = int32(0)" />
      <MemberType>Field</MemberType>
      <AssemblyInfo>
        <AssemblyVersion>0.0.5950.20892</AssemblyVersion>
        <AssemblyVersion>0.0.6105.39043</AssemblyVersion>
        <AssemblyVersion>0.0.6106.39464</AssemblyVersion>
        <AssemblyVersion>0.0.6134.41045</AssemblyVersion>
        <AssemblyVersion>0.0.6142.19338</AssemblyVersion>
      </AssemblyInfo>
      <ReturnValue>
        <ReturnType>Vulkan.VertexInputRate</ReturnType>
      </ReturnValue>
      <Docs>
        <summary>indicates that vertex attribute addressing is a function of the vertex index.</summary>
      </Docs>
    </Member>
  </Members>
</Type>