﻿<?xml version="1.0" encoding="utf-8"?>
<Type Name="Viewport" FullName="Vulkan.Viewport">
  <TypeSignature Language="C#" Value="public struct Viewport" />
  <TypeSignature Language="ILAsm" Value=".class public sequential ansi sealed beforefieldinit Viewport extends System.ValueType" />
  <AssemblyInfo>
    <AssemblyName>Vulkan</AssemblyName>
    <AssemblyVersion>0.0.5950.20892</AssemblyVersion>
    <AssemblyVersion>0.0.6105.39043</AssemblyVersion>
    <AssemblyVersion>0.0.6106.39464</AssemblyVersion>
    <AssemblyVersion>0.0.6134.41045</AssemblyVersion>
    <AssemblyVersion>0.0.6142.19338</AssemblyVersion>
  </AssemblyInfo>
  <Base>
    <BaseTypeName>System.ValueType</BaseTypeName>
  </Base>
  <Interfaces />
  <Docs>
    <summary>Structure specifying a viewport</summary>
    <remarks></remarks>
  </Docs>
  <Members>
    <Member MemberName=".ctor">
      <MemberSignature Language="C#" Value="public Viewport ();" />
      <MemberSignature Language="ILAsm" Value=".method public hidebysig specialname rtspecialname instance void .ctor() cil managed" />
      <MemberType>Constructor</MemberType>
      <AssemblyInfo>
        <AssemblyVersion>0.0.5950.20892</AssemblyVersion>
      </AssemblyInfo>
      <Parameters />
      <Docs>
        <summary>To be added.</summary>
        <remarks>To be added.</remarks>
      </Docs>
    </Member>
    <Member MemberName="Height">
      <MemberSignature Language="C#" Value="public float Height;" />
      <MemberSignature Language="ILAsm" Value=".field public float32 Height" />
      <MemberType>Field</MemberType>
      <AssemblyInfo>
        <AssemblyVersion>0.0.6105.39043</AssemblyVersion>
        <AssemblyVersion>0.0.6106.39464</AssemblyVersion>
        <AssemblyVersion>0.0.6134.41045</AssemblyVersion>
        <AssemblyVersion>0.0.6142.19338</AssemblyVersion>
      </AssemblyInfo>
      <ReturnValue>
        <ReturnType>System.Single</ReturnType>
      </ReturnValue>
      <Docs>
        <summary>must: be greater than `0.0` and less than or equal to sname:VkPhysicalDeviceLimits::pname:maxViewportDimensions[1] ifdef::VK_AMD_negative_viewport_height[] * If the VK_AMD_negative_viewport_height extension is enabled, pname:height can: also be negative. endif::VK_AMD_negative_viewport_height[]</summary>
        <remarks></remarks>
      </Docs>
    </Member>
    <Member MemberName="Height">
      <MemberSignature Language="C#" Value="public float Height { get; set; }" />
      <MemberSignature Language="ILAsm" Value=".property instance float32 Height" />
      <MemberType>Property</MemberType>
      <AssemblyInfo>
        <AssemblyVersion>0.0.5950.20892</AssemblyVersion>
      </AssemblyInfo>
      <ReturnValue>
        <ReturnType>System.Single</ReturnType>
      </ReturnValue>
      <Docs>
        <summary>must: be greater than `0.0` and less than or equal to sname:VkPhysicalDeviceLimits::pname:maxViewportDimensions[1] ifdef::VK_AMD_negative_viewport_height[] * If the VK_AMD_negative_viewport_height extension is enabled, pname:height can: also be negative. endif::VK_AMD_negative_viewport_height[]</summary>
        <value>To be added.</value>
        <remarks></remarks>
      </Docs>
    </Member>
    <Member MemberName="MaxDepth">
      <MemberSignature Language="C#" Value="public float MaxDepth;" />
      <MemberSignature Language="ILAsm" Value=".field public float32 MaxDepth" />
      <MemberType>Field</MemberType>
      <AssemblyInfo>
        <AssemblyVersion>0.0.6105.39043</AssemblyVersion>
        <AssemblyVersion>0.0.6106.39464</AssemblyVersion>
        <AssemblyVersion>0.0.6134.41045</AssemblyVersion>
        <AssemblyVersion>0.0.6142.19338</AssemblyVersion>
      </AssemblyInfo>
      <ReturnValue>
        <ReturnType>System.Single</ReturnType>
      </ReturnValue>
      <Docs>
        <summary>must: be between `0.0` and `1.0`, inclusive ****</summary>
        <remarks></remarks>
      </Docs>
    </Member>
    <Member MemberName="MaxDepth">
      <MemberSignature Language="C#" Value="public float MaxDepth { get; set; }" />
      <MemberSignature Language="ILAsm" Value=".property instance float32 MaxDepth" />
      <MemberType>Property</MemberType>
      <AssemblyInfo>
        <AssemblyVersion>0.0.5950.20892</AssemblyVersion>
      </AssemblyInfo>
      <ReturnValue>
        <ReturnType>System.Single</ReturnType>
      </ReturnValue>
      <Docs>
        <summary>must: be between `0.0` and `1.0`, inclusive ****</summary>
        <value>To be added.</value>
        <remarks></remarks>
      </Docs>
    </Member>
    <Member MemberName="MinDepth">
      <MemberSignature Language="C#" Value="public float MinDepth;" />
      <MemberSignature Language="ILAsm" Value=".field public float32 MinDepth" />
      <MemberType>Field</MemberType>
      <AssemblyInfo>
        <AssemblyVersion>0.0.6105.39043</AssemblyVersion>
        <AssemblyVersion>0.0.6106.39464</AssemblyVersion>
        <AssemblyVersion>0.0.6134.41045</AssemblyVersion>
        <AssemblyVersion>0.0.6142.19338</AssemblyVersion>
      </AssemblyInfo>
      <ReturnValue>
        <ReturnType>System.Single</ReturnType>
      </ReturnValue>
      <Docs>
        <summary>must: be between `0.0` and `1.0`, inclusive</summary>
        <remarks></remarks>
      </Docs>
    </Member>
    <Member MemberName="MinDepth">
      <MemberSignature Language="C#" Value="public float MinDepth { get; set; }" />
      <MemberSignature Language="ILAsm" Value=".property instance float32 MinDepth" />
      <MemberType>Property</MemberType>
      <AssemblyInfo>
        <AssemblyVersion>0.0.5950.20892</AssemblyVersion>
      </AssemblyInfo>
      <ReturnValue>
        <ReturnType>System.Single</ReturnType>
      </ReturnValue>
      <Docs>
        <summary>must: be between `0.0` and `1.0`, inclusive</summary>
        <value>To be added.</value>
        <remarks></remarks>
      </Docs>
    </Member>
    <Member MemberName="Width">
      <MemberSignature Language="C#" Value="public float Width;" />
      <MemberSignature Language="ILAsm" Value=".field public float32 Width" />
      <MemberType>Field</MemberType>
      <AssemblyInfo>
        <AssemblyVersion>0.0.6105.39043</AssemblyVersion>
        <AssemblyVersion>0.0.6106.39464</AssemblyVersion>
        <AssemblyVersion>0.0.6134.41045</AssemblyVersion>
        <AssemblyVersion>0.0.6142.19338</AssemblyVersion>
      </AssemblyInfo>
      <ReturnValue>
        <ReturnType>System.Single</ReturnType>
      </ReturnValue>
      <Docs>
        <summary>must: be greater than `0.0` and less than or equal to sname:VkPhysicalDeviceLimits::pname:maxViewportDimensions[0]</summary>
        <remarks></remarks>
      </Docs>
    </Member>
    <Member MemberName="Width">
      <MemberSignature Language="C#" Value="public float Width { get; set; }" />
      <MemberSignature Language="ILAsm" Value=".property instance float32 Width" />
      <MemberType>Property</MemberType>
      <AssemblyInfo>
        <AssemblyVersion>0.0.5950.20892</AssemblyVersion>
      </AssemblyInfo>
      <ReturnValue>
        <ReturnType>System.Single</ReturnType>
      </ReturnValue>
      <Docs>
        <summary>must: be greater than `0.0` and less than or equal to sname:VkPhysicalDeviceLimits::pname:maxViewportDimensions[0]</summary>
        <value>To be added.</value>
        <remarks></remarks>
      </Docs>
    </Member>
    <Member MemberName="X">
      <MemberSignature Language="C#" Value="public float X;" />
      <MemberSignature Language="ILAsm" Value=".field public float32 X" />
      <MemberType>Field</MemberType>
      <AssemblyInfo>
        <AssemblyVersion>0.0.6105.39043</AssemblyVersion>
        <AssemblyVersion>0.0.6106.39464</AssemblyVersion>
        <AssemblyVersion>0.0.6134.41045</AssemblyVersion>
        <AssemblyVersion>0.0.6142.19338</AssemblyVersion>
      </AssemblyInfo>
      <ReturnValue>
        <ReturnType>System.Single</ReturnType>
      </ReturnValue>
      <Docs>
        <summary>+ pname:width must: be less than or equal to pname:viewportBoundsRange[1]</summary>
        <remarks></remarks>
      </Docs>
    </Member>
    <Member MemberName="X">
      <MemberSignature Language="C#" Value="public float X { get; set; }" />
      <MemberSignature Language="ILAsm" Value=".property instance float32 X" />
      <MemberType>Property</MemberType>
      <AssemblyInfo>
        <AssemblyVersion>0.0.5950.20892</AssemblyVersion>
      </AssemblyInfo>
      <ReturnValue>
        <ReturnType>System.Single</ReturnType>
      </ReturnValue>
      <Docs>
        <summary>+ pname:width must: be less than or equal to pname:viewportBoundsRange[1]</summary>
        <value>To be added.</value>
        <remarks></remarks>
      </Docs>
    </Member>
    <Member MemberName="Y">
      <MemberSignature Language="C#" Value="public float Y;" />
      <MemberSignature Language="ILAsm" Value=".field public float32 Y" />
      <MemberType>Field</MemberType>
      <AssemblyInfo>
        <AssemblyVersion>0.0.6105.39043</AssemblyVersion>
        <AssemblyVersion>0.0.6106.39464</AssemblyVersion>
        <AssemblyVersion>0.0.6134.41045</AssemblyVersion>
        <AssemblyVersion>0.0.6142.19338</AssemblyVersion>
      </AssemblyInfo>
      <ReturnValue>
        <ReturnType>System.Single</ReturnType>
      </ReturnValue>
      <Docs>
        <summary>+ pname:height must: be less than or equal to pname:viewportBoundsRange[1]</summary>
        <remarks></remarks>
      </Docs>
    </Member>
    <Member MemberName="Y">
      <MemberSignature Language="C#" Value="public float Y { get; set; }" />
      <MemberSignature Language="ILAsm" Value=".property instance float32 Y" />
      <MemberType>Property</MemberType>
      <AssemblyInfo>
        <AssemblyVersion>0.0.5950.20892</AssemblyVersion>
      </AssemblyInfo>
      <ReturnValue>
        <ReturnType>System.Single</ReturnType>
      </ReturnValue>
      <Docs>
        <summary>+ pname:height must: be less than or equal to pname:viewportBoundsRange[1]</summary>
        <value>To be added.</value>
        <remarks></remarks>
      </Docs>
    </Member>
  </Members>
</Type>