﻿<?xml version="1.0" encoding="utf-8"?>
<Type Name="WriteDescriptorSet" FullName="Vulkan.WriteDescriptorSet">
  <TypeSignature Language="C#" Value="public class WriteDescriptorSet : Vulkan.MarshalledObject" />
  <TypeSignature Language="ILAsm" Value=".class public auto ansi beforefieldinit WriteDescriptorSet extends Vulkan.MarshalledObject" />
  <AssemblyInfo>
    <AssemblyName>Vulkan</AssemblyName>
    <AssemblyVersion>0.0.5950.20892</AssemblyVersion>
    <AssemblyVersion>0.0.6105.39043</AssemblyVersion>
    <AssemblyVersion>0.0.6106.39464</AssemblyVersion>
    <AssemblyVersion>0.0.6134.41045</AssemblyVersion>
    <AssemblyVersion>0.0.6142.19338</AssemblyVersion>
  </AssemblyInfo>
  <Base>
    <BaseTypeName>Vulkan.MarshalledObject</BaseTypeName>
  </Base>
  <Interfaces />
  <Docs>
    <summary>Structure specifying the parameters of a descriptor set write operation</summary>
    <remarks></remarks>
  </Docs>
  <Members>
    <Member MemberName=".ctor">
      <MemberSignature Language="C#" Value="public WriteDescriptorSet ();" />
      <MemberSignature Language="ILAsm" Value=".method public hidebysig specialname rtspecialname instance void .ctor() cil managed" />
      <MemberType>Constructor</MemberType>
      <AssemblyInfo>
        <AssemblyVersion>0.0.5950.20892</AssemblyVersion>
        <AssemblyVersion>0.0.6105.39043</AssemblyVersion>
        <AssemblyVersion>0.0.6106.39464</AssemblyVersion>
        <AssemblyVersion>0.0.6134.41045</AssemblyVersion>
        <AssemblyVersion>0.0.6142.19338</AssemblyVersion>
      </AssemblyInfo>
      <Parameters />
      <Docs>
        <summary>To be added.</summary>
        <remarks>To be added.</remarks>
      </Docs>
    </Member>
    <Member MemberName="BufferInfo">
      <MemberSignature Language="C#" Value="public Vulkan.DescriptorBufferInfo[] BufferInfo { get; set; }" />
      <MemberSignature Language="ILAsm" Value=".property instance class Vulkan.DescriptorBufferInfo[] BufferInfo" />
      <MemberType>Property</MemberType>
      <AssemblyInfo>
        <AssemblyVersion>0.0.5950.20892</AssemblyVersion>
        <AssemblyVersion>0.0.6105.39043</AssemblyVersion>
        <AssemblyVersion>0.0.6106.39464</AssemblyVersion>
        <AssemblyVersion>0.0.6134.41045</AssemblyVersion>
        <AssemblyVersion>0.0.6142.19338</AssemblyVersion>
      </AssemblyInfo>
      <ReturnValue>
        <ReturnType>Vulkan.DescriptorBufferInfo[]</ReturnType>
      </ReturnValue>
      <Docs>
        <summary>points to an array of slink:VkDescriptorBufferInfo structures or is ignored, as described below.</summary>
        <value>To be added.</value>
        <remarks></remarks>
      </Docs>
    </Member>
    <Member MemberName="DescriptorCount">
      <MemberSignature Language="C#" Value="public uint DescriptorCount { get; set; }" />
      <MemberSignature Language="ILAsm" Value=".property instance unsigned int32 DescriptorCount" />
      <MemberType>Property</MemberType>
      <AssemblyInfo>
        <AssemblyVersion>0.0.5950.20892</AssemblyVersion>
        <AssemblyVersion>0.0.6105.39043</AssemblyVersion>
        <AssemblyVersion>0.0.6106.39464</AssemblyVersion>
        <AssemblyVersion>0.0.6134.41045</AssemblyVersion>
        <AssemblyVersion>0.0.6142.19338</AssemblyVersion>
      </AssemblyInfo>
      <ReturnValue>
        <ReturnType>System.UInt32</ReturnType>
      </ReturnValue>
      <Docs>
        <summary>is the number of descriptors to update (the number of elements in pname:pImageInfo, pname:pBufferInfo, or pname:pTexelBufferView).</summary>
        <value>To be added.</value>
        <remarks></remarks>
      </Docs>
    </Member>
    <Member MemberName="DescriptorType">
      <MemberSignature Language="C#" Value="public Vulkan.DescriptorType DescriptorType { get; set; }" />
      <MemberSignature Language="ILAsm" Value=".property instance valuetype Vulkan.DescriptorType DescriptorType" />
      <MemberType>Property</MemberType>
      <AssemblyInfo>
        <AssemblyVersion>0.0.5950.20892</AssemblyVersion>
        <AssemblyVersion>0.0.6105.39043</AssemblyVersion>
        <AssemblyVersion>0.0.6106.39464</AssemblyVersion>
        <AssemblyVersion>0.0.6134.41045</AssemblyVersion>
        <AssemblyVersion>0.0.6142.19338</AssemblyVersion>
      </AssemblyInfo>
      <ReturnValue>
        <ReturnType>Vulkan.DescriptorType</ReturnType>
      </ReturnValue>
      <Docs>
        <summary>must: match the type of pname:dstBinding within pname:dstSet * The sum of pname:dstArrayElement and pname:descriptorCount must: be less than or equal to the number of array elements in the descriptor set binding specified by pname:dstBinding, and all applicable consecutive bindings, as described by &lt;&lt;descriptorsets-updates-consecutive&gt;&gt; * If pname:descriptorType is ename:VK_DESCRIPTOR_TYPE_SAMPLER, ename:VK_DESCRIPTOR_TYPE_COMBINED_IMAGE_SAMPLER, ename:VK_DESCRIPTOR_TYPE_SAMPLED_IMAGE, ename:VK_DESCRIPTOR_TYPE_STORAGE_IMAGE, or ename:VK_DESCRIPTOR_TYPE_INPUT_ATTACHMENT, pname:pImageInfo must: be a pointer to an array of pname:descriptorCount valid sname:VkDescriptorImageInfo structures * If pname:descriptorType is ename:VK_DESCRIPTOR_TYPE_UNIFORM_TEXEL_BUFFER or ename:VK_DESCRIPTOR_TYPE_STORAGE_TEXEL_BUFFER, pname:pTexelBufferView must: be a pointer to an array of pname:descriptorCount valid sname:VkBufferView handles * If pname:descriptorType is ename:VK_DESCRIPTOR_TYPE_UNIFORM_BUFFER, ename:VK_DESCRIPTOR_TYPE_STORAGE_BUFFER, ename:VK_DESCRIPTOR_TYPE_UNIFORM_BUFFER_DYNAMIC, or ename:VK_DESCRIPTOR_TYPE_STORAGE_BUFFER_DYNAMIC, pname:pBufferInfo must: be a pointer to an array of pname:descriptorCount valid sname:VkDescriptorBufferInfo structures * If pname:descriptorType is ename:VK_DESCRIPTOR_TYPE_SAMPLER or ename:VK_DESCRIPTOR_TYPE_COMBINED_IMAGE_SAMPLER, and pname:dstSet was not allocated with a layout that included immutable samplers for pname:dstBinding with pname:descriptorType, the pname:sampler member of any given element of pname:pImageInfo must: be a valid sname:VkSampler object * If pname:descriptorType is ename:VK_DESCRIPTOR_TYPE_COMBINED_IMAGE_SAMPLER, ename:VK_DESCRIPTOR_TYPE_SAMPLED_IMAGE, ename:VK_DESCRIPTOR_TYPE_STORAGE_IMAGE, or ename:VK_DESCRIPTOR_TYPE_INPUT_ATTACHMENT, the pname:imageView and pname:imageLayout members of any given element of pname:pImageInfo must: be a valid sname:VkImageView and elink:VkImageLayout, respectively * If pname:descriptorType is ename:VK_DESCRIPTOR_TYPE_UNIFORM_BUFFER or ename:VK_DESCRIPTOR_TYPE_UNIFORM_BUFFER_DYNAMIC, the pname:offset member of any given element of pname:pBufferInfo must: be a multiple of sname:VkPhysicalDeviceLimits::pname:minUniformBufferOffsetAlignment * If pname:descriptorType is ename:VK_DESCRIPTOR_TYPE_STORAGE_BUFFER or ename:VK_DESCRIPTOR_TYPE_STORAGE_BUFFER_DYNAMIC, the pname:offset member of any given element of pname:pBufferInfo must: be a multiple of sname:VkPhysicalDeviceLimits::pname:minStorageBufferOffsetAlignment * If pname:descriptorType is ename:VK_DESCRIPTOR_TYPE_UNIFORM_BUFFER or ename:VK_DESCRIPTOR_TYPE_UNIFORM_BUFFER_DYNAMIC, the pname:buffer member of any given element of pname:pBufferInfo must: have been created with ename:VK_BUFFER_USAGE_UNIFORM_BUFFER_BIT set * If pname:descriptorType is ename:VK_DESCRIPTOR_TYPE_STORAGE_BUFFER or ename:VK_DESCRIPTOR_TYPE_STORAGE_BUFFER_DYNAMIC, the pname:buffer member of any given element of pname:pBufferInfo must: have been created with ename:VK_BUFFER_USAGE_STORAGE_BUFFER_BIT set * If pname:descriptorType is ename:VK_DESCRIPTOR_TYPE_UNIFORM_BUFFER or ename:VK_DESCRIPTOR_TYPE_UNIFORM_BUFFER_DYNAMIC, the pname:range member of any given element of pname:pBufferInfo, or the effective range if pname:range is ename:VK_WHOLE_SIZE, must: be less than or equal to sname:VkPhysicalDeviceLimits::pname:maxUniformBufferRange * If pname:descriptorType is ename:VK_DESCRIPTOR_TYPE_STORAGE_BUFFER or ename:VK_DESCRIPTOR_TYPE_STORAGE_BUFFER_DYNAMIC, the pname:range member of any given element of pname:pBufferInfo, or the effective range if pname:range is ename:VK_WHOLE_SIZE, must: be less than or equal to sname:VkPhysicalDeviceLimits::pname:maxStorageBufferRange * If pname:descriptorType is ename:VK_DESCRIPTOR_TYPE_UNIFORM_TEXEL_BUFFER, the sname:VkBuffer that any given element of pname:pTexelBufferView was created from must: have been created with ename:VK_BUFFER_USAGE_UNIFORM_TEXEL_BUFFER_BIT set * If pname:descriptorType is ename:VK_DESCRIPTOR_TYPE_STORAGE_TEXEL_BUFFER, the sname:VkBuffer that any given element of pname:pTexelBufferView was created from must: have been created with ename:VK_BUFFER_USAGE_STORAGE_TEXEL_BUFFER_BIT set * If pname:descriptorType is ename:VK_DESCRIPTOR_TYPE_STORAGE_IMAGE or ename:VK_DESCRIPTOR_TYPE_INPUT_ATTACHMENT, the pname:imageView member of any given element of pname:pImageInfo must: have been created with the identity swizzle ****</summary>
        <value>To be added.</value>
        <remarks></remarks>
      </Docs>
    </Member>
    <Member MemberName="Dispose">
      <MemberSignature Language="C#" Value="public override void Dispose (bool disposing);" />
      <MemberSignature Language="ILAsm" Value=".method public hidebysig virtual instance void Dispose(bool disposing) cil managed" />
      <MemberType>Method</MemberType>
      <AssemblyInfo>
        <AssemblyVersion>0.0.6134.41045</AssemblyVersion>
        <AssemblyVersion>0.0.6142.19338</AssemblyVersion>
      </AssemblyInfo>
      <ReturnValue>
        <ReturnType>System.Void</ReturnType>
      </ReturnValue>
      <Parameters>
        <Parameter Name="disposing" Type="System.Boolean" />
      </Parameters>
      <Docs>
        <param name="disposing">To be added.</param>
        <summary>To be added.</summary>
        <remarks>To be added.</remarks>
      </Docs>
    </Member>
    <Member MemberName="DstArrayElement">
      <MemberSignature Language="C#" Value="public uint DstArrayElement { get; set; }" />
      <MemberSignature Language="ILAsm" Value=".property instance unsigned int32 DstArrayElement" />
      <MemberType>Property</MemberType>
      <AssemblyInfo>
        <AssemblyVersion>0.0.5950.20892</AssemblyVersion>
        <AssemblyVersion>0.0.6105.39043</AssemblyVersion>
        <AssemblyVersion>0.0.6106.39464</AssemblyVersion>
        <AssemblyVersion>0.0.6134.41045</AssemblyVersion>
        <AssemblyVersion>0.0.6142.19338</AssemblyVersion>
      </AssemblyInfo>
      <ReturnValue>
        <ReturnType>System.UInt32</ReturnType>
      </ReturnValue>
      <Docs>
        <summary>is the starting element in that array.</summary>
        <value>To be added.</value>
        <remarks></remarks>
      </Docs>
    </Member>
    <Member MemberName="DstBinding">
      <MemberSignature Language="C#" Value="public uint DstBinding { get; set; }" />
      <MemberSignature Language="ILAsm" Value=".property instance unsigned int32 DstBinding" />
      <MemberType>Property</MemberType>
      <AssemblyInfo>
        <AssemblyVersion>0.0.5950.20892</AssemblyVersion>
        <AssemblyVersion>0.0.6105.39043</AssemblyVersion>
        <AssemblyVersion>0.0.6106.39464</AssemblyVersion>
        <AssemblyVersion>0.0.6134.41045</AssemblyVersion>
        <AssemblyVersion>0.0.6142.19338</AssemblyVersion>
      </AssemblyInfo>
      <ReturnValue>
        <ReturnType>System.UInt32</ReturnType>
      </ReturnValue>
      <Docs>
        <summary>must: be a valid binding point within pname:dstSet</summary>
        <value>To be added.</value>
        <remarks></remarks>
      </Docs>
    </Member>
    <Member MemberName="DstSet">
      <MemberSignature Language="C#" Value="public Vulkan.DescriptorSet DstSet { get; set; }" />
      <MemberSignature Language="ILAsm" Value=".property instance class Vulkan.DescriptorSet DstSet" />
      <MemberType>Property</MemberType>
      <AssemblyInfo>
        <AssemblyVersion>0.0.5950.20892</AssemblyVersion>
        <AssemblyVersion>0.0.6105.39043</AssemblyVersion>
        <AssemblyVersion>0.0.6106.39464</AssemblyVersion>
        <AssemblyVersion>0.0.6134.41045</AssemblyVersion>
        <AssemblyVersion>0.0.6142.19338</AssemblyVersion>
      </AssemblyInfo>
      <ReturnValue>
        <ReturnType>Vulkan.DescriptorSet</ReturnType>
      </ReturnValue>
      <Docs>
        <summary>is the destination descriptor set to update.</summary>
        <value>To be added.</value>
        <remarks></remarks>
      </Docs>
    </Member>
    <Member MemberName="ImageInfo">
      <MemberSignature Language="C#" Value="public Vulkan.DescriptorImageInfo[] ImageInfo { get; set; }" />
      <MemberSignature Language="ILAsm" Value=".property instance class Vulkan.DescriptorImageInfo[] ImageInfo" />
      <MemberType>Property</MemberType>
      <AssemblyInfo>
        <AssemblyVersion>0.0.5950.20892</AssemblyVersion>
        <AssemblyVersion>0.0.6105.39043</AssemblyVersion>
        <AssemblyVersion>0.0.6106.39464</AssemblyVersion>
        <AssemblyVersion>0.0.6134.41045</AssemblyVersion>
        <AssemblyVersion>0.0.6142.19338</AssemblyVersion>
      </AssemblyInfo>
      <ReturnValue>
        <ReturnType>Vulkan.DescriptorImageInfo[]</ReturnType>
      </ReturnValue>
      <Docs>
        <summary>points to an array of slink:VkDescriptorImageInfo structures or is ignored, as described below.</summary>
        <value>To be added.</value>
        <remarks></remarks>
      </Docs>
    </Member>
    <Member MemberName="TexelBufferView">
      <MemberSignature Language="C#" Value="public Vulkan.BufferView[] TexelBufferView { get; set; }" />
      <MemberSignature Language="ILAsm" Value=".property instance class Vulkan.BufferView[] TexelBufferView" />
      <MemberType>Property</MemberType>
      <AssemblyInfo>
        <AssemblyVersion>0.0.5950.20892</AssemblyVersion>
        <AssemblyVersion>0.0.6105.39043</AssemblyVersion>
        <AssemblyVersion>0.0.6106.39464</AssemblyVersion>
        <AssemblyVersion>0.0.6134.41045</AssemblyVersion>
        <AssemblyVersion>0.0.6142.19338</AssemblyVersion>
      </AssemblyInfo>
      <ReturnValue>
        <ReturnType>Vulkan.BufferView[]</ReturnType>
      </ReturnValue>
      <Docs>
        <summary>points to an array of slink:VkBufferView handles as described in the &lt;&lt;resources-buffer-views,Buffer Views&gt;&gt; section or is ignored, as described below.</summary>
        <value>To be added.</value>
        <remarks></remarks>
      </Docs>
    </Member>
    <Member MemberName="VirtualDispose">
      <MemberSignature Language="C#" Value="public override void VirtualDispose ();" />
      <MemberSignature Language="ILAsm" Value=".method public hidebysig virtual instance void VirtualDispose() cil managed" />
      <MemberType>Method</MemberType>
      <AssemblyInfo>
        <AssemblyVersion>0.0.6105.39043</AssemblyVersion>
        <AssemblyVersion>0.0.6106.39464</AssemblyVersion>
      </AssemblyInfo>
      <ReturnValue>
        <ReturnType>System.Void</ReturnType>
      </ReturnValue>
      <Parameters />
      <Docs>
        <summary>To be added.</summary>
        <remarks>To be added.</remarks>
      </Docs>
    </Member>
  </Members>
</Type>