<Overview>
  <Assemblies>
    <Assembly Name="Vulkan" Version="0.0.6142.19338">
      <Attributes>
        <Attribute>
          <AttributeName>System.Diagnostics.Debuggable(System.Diagnostics.DebuggableAttribute+DebuggingModes.DisableOptimizations | System.Diagnostics.DebuggableAttribute+DebuggingModes.IgnoreSymbolStoreSequencePoints)</AttributeName>
        </Attribute>
        <Attribute>
          <AttributeName>System.Reflection.AssemblyCompany("")</AttributeName>
        </Attribute>
        <Attribute>
          <AttributeName>System.Reflection.AssemblyConfiguration("")</AttributeName>
        </Attribute>
        <Attribute>
          <AttributeName>System.Reflection.AssemblyCopyright("Copyright (c) Xamarin Inc")</AttributeName>
        </Attribute>
        <Attribute>
          <AttributeName>System.Reflection.AssemblyDescription("")</AttributeName>
        </Attribute>
        <Attribute>
          <AttributeName>System.Reflection.AssemblyProduct("Vulkan")</AttributeName>
        </Attribute>
        <Attribute>
          <AttributeName>System.Reflection.AssemblyTitle("Vulkan")</AttributeName>
        </Attribute>
        <Attribute>
          <AttributeName>System.Reflection.AssemblyTrademark("")</AttributeName>
        </Attribute>
        <Attribute>
          <AttributeName>System.Runtime.CompilerServices.InternalsVisibleTo("Vulkan.Android")</AttributeName>
        </Attribute>
        <Attribute>
          <AttributeName>System.Runtime.CompilerServices.InternalsVisibleTo("Vulkan.Windows")</AttributeName>
        </Attribute>
        <Attribute>
          <AttributeName>System.Runtime.CompilerServices.RuntimeCompatibility(WrapNonExceptionThrows=true)</AttributeName>
        </Attribute>
        <Attribute>
          <AttributeName>System.Runtime.Versioning.TargetFramework(".NETPortable,Version=v4.5,Profile=Profile7", FrameworkDisplayName=".NET Portable Subset")</AttributeName>
        </Attribute>
      </Attributes>
    </Assembly>
  </Assemblies>
  <Remarks>To be added.</Remarks>
  <Copyright>To be added.</Copyright>
  <Types>
    <Namespace Name="Vulkan">
      <Type Name="AccessFlags" Kind="Enumeration" />
      <Type Name="AllocationCallbacks" Kind="Class" />
      <Type Name="ApplicationInfo" Kind="Class" />
      <Type Name="AttachmentDescription" Kind="Structure" />
      <Type Name="AttachmentDescriptionFlags" Kind="Enumeration" />
      <Type Name="AttachmentLoadOp" Kind="Enumeration" />
      <Type Name="AttachmentReference" Kind="Structure" />
      <Type Name="AttachmentStoreOp" Kind="Enumeration" />
      <Type Name="BindSparseInfo" Kind="Class" />
      <Type Name="BlendFactor" Kind="Enumeration" />
      <Type Name="BlendOp" Kind="Enumeration" />
      <Type Name="Bool32" Kind="Structure" />
      <Type Name="BorderColor" Kind="Enumeration" />
      <Type Name="Buffer" Kind="Class" />
      <Type Name="BufferCopy" Kind="Structure" />
      <Type Name="BufferCreateFlags" Kind="Enumeration" />
      <Type Name="BufferCreateInfo" Kind="Class" />
      <Type Name="BufferImageCopy" Kind="Structure" />
      <Type Name="BufferMemoryBarrier" Kind="Class" />
      <Type Name="BufferUsageFlags" Kind="Enumeration" />
      <Type Name="BufferView" Kind="Class" />
      <Type Name="BufferViewCreateInfo" Kind="Class" />
      <Type Name="ClearAttachment" Kind="Class" />
      <Type Name="ClearColorValue" Kind="Class" />
      <Type Name="ClearDepthStencilValue" Kind="Structure" />
      <Type Name="ClearRect" Kind="Structure" />
      <Type Name="ClearValue" Kind="Class" />
      <Type Name="ColorComponentFlags" Kind="Enumeration" />
      <Type Name="ColorSpaceKhr" Kind="Enumeration" />
      <Type Name="CommandBuffer" Kind="Class" />
      <Type Name="CommandBufferAllocateInfo" Kind="Class" />
      <Type Name="CommandBufferBeginInfo" Kind="Class" />
      <Type Name="CommandBufferInheritanceInfo" Kind="Class" />
      <Type Name="CommandBufferLevel" Kind="Enumeration" />
      <Type Name="CommandBufferResetFlags" Kind="Enumeration" />
      <Type Name="CommandBufferUsageFlags" Kind="Enumeration" />
      <Type Name="CommandPool" Kind="Class" />
      <Type Name="CommandPoolCreateFlags" Kind="Enumeration" />
      <Type Name="CommandPoolCreateInfo" Kind="Class" />
      <Type Name="CommandPoolResetFlags" Kind="Enumeration" />
      <Type Name="Commands" Kind="Class" />
      <Type Name="CompareOp" Kind="Enumeration" />
      <Type Name="ComponentMapping" Kind="Structure" />
      <Type Name="ComponentSwizzle" Kind="Enumeration" />
      <Type Name="CompositeAlphaFlagsKhr" Kind="Enumeration" />
      <Type Name="ComputePipelineCreateInfo" Kind="Class" />
      <Type Name="CopyDescriptorSet" Kind="Class" />
      <Type Name="CullModeFlags" Kind="Enumeration" />
      <Type Name="DebugMarkerMarkerInfoExt" Kind="Class" />
      <Type Name="DebugMarkerObjectNameInfoExt" Kind="Class" />
      <Type Name="DebugMarkerObjectTagInfoExt" Kind="Class" />
      <Type Name="DebugReportCallbackCreateInfoExt" Kind="Class" />
      <Type Name="DebugReportCallbackExt" Kind="Class" />
      <Type Name="DebugReportErrorExt" Kind="Enumeration" />
      <Type Name="DebugReportFlagsExt" Kind="Enumeration" />
      <Type Name="DebugReportObjectTypeExt" Kind="Enumeration" />
      <Type Name="DedicatedAllocationBufferCreateInfoNv" Kind="Class" />
      <Type Name="DedicatedAllocationImageCreateInfoNv" Kind="Class" />
      <Type Name="DedicatedAllocationMemoryAllocateInfoNv" Kind="Class" />
      <Type Name="DependencyFlags" Kind="Enumeration" />
      <Type Name="DescriptorBufferInfo" Kind="Class" />
      <Type Name="DescriptorImageInfo" Kind="Class" />
      <Type Name="DescriptorPool" Kind="Class" />
      <Type Name="DescriptorPoolCreateFlags" Kind="Enumeration" />
      <Type Name="DescriptorPoolCreateInfo" Kind="Class" />
      <Type Name="DescriptorPoolSize" Kind="Structure" />
      <Type Name="DescriptorSet" Kind="Class" />
      <Type Name="DescriptorSetAllocateInfo" Kind="Class" />
      <Type Name="DescriptorSetLayout" Kind="Class" />
      <Type Name="DescriptorSetLayoutBinding" Kind="Class" />
      <Type Name="DescriptorSetLayoutCreateInfo" Kind="Class" />
      <Type Name="DescriptorType" Kind="Enumeration" />
      <Type Name="Device" Kind="Class" />
      <Type Name="DeviceCreateInfo" Kind="Class" />
      <Type Name="DeviceMemory" Kind="Class" />
      <Type Name="DeviceQueueCreateInfo" Kind="Class" />
      <Type Name="DeviceSize" Kind="Structure" />
      <Type Name="DispatchIndirectCommand" Kind="Structure" />
      <Type Name="DisplayKhr" Kind="Class" />
      <Type Name="DisplayModeCreateInfoKhr" Kind="Class" />
      <Type Name="DisplayModeKhr" Kind="Class" />
      <Type Name="DisplayModeParametersKhr" Kind="Structure" />
      <Type Name="DisplayModePropertiesKhr" Kind="Class" />
      <Type Name="DisplayPlaneAlphaFlagsKhr" Kind="Enumeration" />
      <Type Name="DisplayPlaneCapabilitiesKhr" Kind="Structure" />
      <Type Name="DisplayPlanePropertiesKhr" Kind="Class" />
      <Type Name="DisplayPresentInfoKhr" Kind="Class" />
      <Type Name="DisplayPropertiesKhr" Kind="Class" />
      <Type Name="DisplaySurfaceCreateInfoKhr" Kind="Class" />
      <Type Name="DrawIndexedIndirectCommand" Kind="Structure" />
      <Type Name="DrawIndirectCommand" Kind="Structure" />
      <Type Name="DynamicState" Kind="Enumeration" />
      <Type Name="Event" Kind="Class" />
      <Type Name="EventCreateInfo" Kind="Class" />
      <Type Name="ExportMemoryAllocateInfoNv" Kind="Class" />
      <Type Name="ExtensionProperties" Kind="Class" />
      <Type Name="Extent2D" Kind="Structure" />
      <Type Name="Extent3D" Kind="Structure" />
      <Type Name="ExternalImageFormatPropertiesNv" Kind="Structure" />
      <Type Name="ExternalMemoryFeatureFlagsNv" Kind="Enumeration" />
      <Type Name="ExternalMemoryHandleTypeFlagsNv" Kind="Enumeration" />
      <Type Name="ExternalMemoryImageCreateInfoNv" Kind="Class" />
      <Type Name="Fence" Kind="Class" />
      <Type Name="FenceCreateFlags" Kind="Enumeration" />
      <Type Name="FenceCreateInfo" Kind="Class" />
      <Type Name="Filter" Kind="Enumeration" />
      <Type Name="Format" Kind="Enumeration" />
      <Type Name="FormatFeatureFlags" Kind="Enumeration" />
      <Type Name="FormatProperties" Kind="Structure" />
      <Type Name="Framebuffer" Kind="Class" />
      <Type Name="FramebufferCreateInfo" Kind="Class" />
      <Type Name="FrontFace" Kind="Enumeration" />
      <Type Name="GraphicsPipelineCreateInfo" Kind="Class" />
      <Type Name="Image" Kind="Class" />
      <Type Name="ImageAspectFlags" Kind="Enumeration" />
      <Type Name="ImageBlit" Kind="Class" />
      <Type Name="ImageCopy" Kind="Structure" />
      <Type Name="ImageCreateFlags" Kind="Enumeration" />
      <Type Name="ImageCreateInfo" Kind="Class" />
      <Type Name="ImageFormatProperties" Kind="Structure" />
      <Type Name="ImageLayout" Kind="Enumeration" />
      <Type Name="ImageMemoryBarrier" Kind="Class" />
      <Type Name="ImageResolve" Kind="Structure" />
      <Type Name="ImageSubresource" Kind="Structure" />
      <Type Name="ImageSubresourceLayers" Kind="Structure" />
      <Type Name="ImageSubresourceRange" Kind="Structure" />
      <Type Name="ImageTiling" Kind="Enumeration" />
      <Type Name="ImageType" Kind="Enumeration" />
      <Type Name="ImageUsageFlags" Kind="Enumeration" />
      <Type Name="ImageView" Kind="Class" />
      <Type Name="ImageViewCreateInfo" Kind="Class" />
      <Type Name="ImageViewType" Kind="Enumeration" />
      <Type Name="IMarshalling" Kind="Interface" />
      <Type Name="IndexType" Kind="Enumeration" />
      <Type Name="INonDispatchableHandleMarshalling" Kind="Interface" />
      <Type Name="Instance" Kind="Class" />
      <Type Name="Instance+DebugReportCallback" Kind="Delegate" />
      <Type Name="InstanceCreateInfo" Kind="Class" />
      <Type Name="InternalAllocationType" Kind="Enumeration" />
      <Type Name="LayerProperties" Kind="Class" />
      <Type Name="LogicOp" Kind="Enumeration" />
      <Type Name="MappedMemoryRange" Kind="Class" />
      <Type Name="MarshalledObject" Kind="Class" />
      <Type Name="MemoryAllocateInfo" Kind="Class" />
      <Type Name="MemoryBarrier" Kind="Class" />
      <Type Name="MemoryHeap" Kind="Structure" />
      <Type Name="MemoryHeapFlags" Kind="Enumeration" />
      <Type Name="MemoryPropertyFlags" Kind="Enumeration" />
      <Type Name="MemoryRequirements" Kind="Structure" />
      <Type Name="MemoryType" Kind="Structure" />
      <Type Name="NativeMemoryDebug" Kind="Class" />
      <Type Name="NativeMemoryDebug+ReportCallbackDelegate" Kind="Delegate" />
      <Type Name="NativeMemoryDebug+StackTraceDelegate" Kind="Delegate" />
      <Type Name="Offset2D" Kind="Structure" />
      <Type Name="Offset3D" Kind="Structure" />
      <Type Name="PhysicalDevice" Kind="Class" />
      <Type Name="PhysicalDeviceFeatures" Kind="Structure" />
      <Type Name="PhysicalDeviceLimits" Kind="Class" />
      <Type Name="PhysicalDeviceMemoryProperties" Kind="Class" />
      <Type Name="PhysicalDeviceProperties" Kind="Class" />
      <Type Name="PhysicalDeviceSparseProperties" Kind="Structure" />
      <Type Name="PhysicalDeviceType" Kind="Enumeration" />
      <Type Name="Pipeline" Kind="Class" />
      <Type Name="PipelineBindPoint" Kind="Enumeration" />
      <Type Name="PipelineCache" Kind="Class" />
      <Type Name="PipelineCacheCreateInfo" Kind="Class" />
      <Type Name="PipelineCacheHeaderVersion" Kind="Enumeration" />
      <Type Name="PipelineColorBlendAttachmentState" Kind="Structure" />
      <Type Name="PipelineColorBlendStateCreateInfo" Kind="Class" />
      <Type Name="PipelineCreateFlags" Kind="Enumeration" />
      <Type Name="PipelineDepthStencilStateCreateInfo" Kind="Class" />
      <Type Name="PipelineDynamicStateCreateInfo" Kind="Class" />
      <Type Name="PipelineInputAssemblyStateCreateInfo" Kind="Class" />
      <Type Name="PipelineLayout" Kind="Class" />
      <Type Name="PipelineLayoutCreateInfo" Kind="Class" />
      <Type Name="PipelineMultisampleStateCreateInfo" Kind="Class" />
      <Type Name="PipelineRasterizationStateCreateInfo" Kind="Class" />
      <Type Name="PipelineRasterizationStateRasterizationOrderAmd" Kind="Class" />
      <Type Name="PipelineShaderStageCreateInfo" Kind="Class" />
      <Type Name="PipelineStageFlags" Kind="Enumeration" />
      <Type Name="PipelineTessellationStateCreateInfo" Kind="Class" />
      <Type Name="PipelineVertexInputStateCreateInfo" Kind="Class" />
      <Type Name="PipelineViewportStateCreateInfo" Kind="Class" />
      <Type Name="PolygonMode" Kind="Enumeration" />
      <Type Name="PresentInfoKhr" Kind="Class" />
      <Type Name="PresentModeKhr" Kind="Enumeration" />
      <Type Name="PrimitiveTopology" Kind="Enumeration" />
      <Type Name="PushConstantRange" Kind="Structure" />
      <Type Name="QueryControlFlags" Kind="Enumeration" />
      <Type Name="QueryPipelineStatisticFlags" Kind="Enumeration" />
      <Type Name="QueryPool" Kind="Class" />
      <Type Name="QueryPoolCreateInfo" Kind="Class" />
      <Type Name="QueryResultFlags" Kind="Enumeration" />
      <Type Name="QueryType" Kind="Enumeration" />
      <Type Name="Queue" Kind="Class" />
      <Type Name="QueueFamilyProperties" Kind="Structure" />
      <Type Name="QueueFlags" Kind="Enumeration" />
      <Type Name="RasterizationOrderAmd" Kind="Enumeration" />
      <Type Name="Rect2D" Kind="Structure" />
      <Type Name="Rect3D" Kind="Structure" />
      <Type Name="RenderPass" Kind="Class" />
      <Type Name="RenderPassBeginInfo" Kind="Class" />
      <Type Name="RenderPassCreateInfo" Kind="Class" />
      <Type Name="Result" Kind="Enumeration" />
      <Type Name="ResultException" Kind="Class" />
      <Type Name="SampleCountFlags" Kind="Enumeration" />
      <Type Name="Sampler" Kind="Class" />
      <Type Name="SamplerAddressMode" Kind="Enumeration" />
      <Type Name="SamplerCreateInfo" Kind="Class" />
      <Type Name="SamplerMipmapMode" Kind="Enumeration" />
      <Type Name="Semaphore" Kind="Class" />
      <Type Name="SemaphoreCreateInfo" Kind="Class" />
      <Type Name="ShaderModule" Kind="Class" />
      <Type Name="ShaderModuleCreateInfo" Kind="Class" />
      <Type Name="ShaderStageFlags" Kind="Enumeration" />
      <Type Name="SharingMode" Kind="Enumeration" />
      <Type Name="SparseBufferMemoryBindInfo" Kind="Class" />
      <Type Name="SparseImageFormatFlags" Kind="Enumeration" />
      <Type Name="SparseImageFormatProperties" Kind="Structure" />
      <Type Name="SparseImageMemoryBind" Kind="Class" />
      <Type Name="SparseImageMemoryBindInfo" Kind="Class" />
      <Type Name="SparseImageMemoryRequirements" Kind="Structure" />
      <Type Name="SparseImageOpaqueMemoryBindInfo" Kind="Class" />
      <Type Name="SparseMemoryBind" Kind="Class" />
      <Type Name="SparseMemoryBindFlags" Kind="Enumeration" />
      <Type Name="SpecializationInfo" Kind="Class" />
      <Type Name="SpecializationMapEntry" Kind="Structure" />
      <Type Name="StencilFaceFlags" Kind="Enumeration" />
      <Type Name="StencilOp" Kind="Enumeration" />
      <Type Name="StencilOpState" Kind="Structure" />
      <Type Name="StructureType" Kind="Enumeration" />
      <Type Name="SubmitInfo" Kind="Class" />
      <Type Name="SubpassContents" Kind="Enumeration" />
      <Type Name="SubpassDependency" Kind="Structure" />
      <Type Name="SubpassDescription" Kind="Class" />
      <Type Name="SubresourceLayout" Kind="Structure" />
      <Type Name="SurfaceCapabilitiesKhr" Kind="Structure" />
      <Type Name="SurfaceFormatKhr" Kind="Structure" />
      <Type Name="SurfaceKhr" Kind="Class" />
      <Type Name="SurfaceTransformFlagsKhr" Kind="Enumeration" />
      <Type Name="SwapchainCreateInfoKhr" Kind="Class" />
      <Type Name="SwapchainKhr" Kind="Class" />
      <Type Name="SystemAllocationScope" Kind="Enumeration" />
      <Type Name="ValidationCheckExt" Kind="Enumeration" />
      <Type Name="ValidationFlagsExt" Kind="Class" />
      <Type Name="Version" Kind="Class" />
      <Type Name="VertexInputAttributeDescription" Kind="Structure" />
      <Type Name="VertexInputBindingDescription" Kind="Structure" />
      <Type Name="VertexInputRate" Kind="Enumeration" />
      <Type Name="Viewport" Kind="Structure" />
      <Type Name="WriteDescriptorSet" Kind="Class" />
    </Namespace>
  </Types>
  <Title>Vulkan</Title>
</Overview>
